{
"type": "FeatureCollection",
"name": "points_shifted_1000",
"crs": { "type": "name", "properties": { "name": "urn:ogc:def:crs:OGC:1.3:CRS84" } },
"features": [
{ "type": "Feature", "properties": { "id": 0 }, "geometry": { "type": "Point", "coordinates": [ 5.997396, 49.205081 ] } },
{ "type": "Feature", "properties": { "id": 1 }, "geometry": { "type": "Point", "coordinates": [ 6.192336, 49.029584 ] } },
{ "type": "Feature", "properties": { "id": 2 }, "geometry": { "type": "Point", "coordinates": [ 6.584352, 49.165412 ] } },
{ "type": "Feature", "properties": { "id": 3 }, "geometry": { "type": "Point", "coordinates": [ 7.232902, 48.770313 ] } },
{ "type": "Feature", "properties": { "id": 4 }, "geometry": { "type": "Point", "coordinates": [ 7.028233, 49.128902 ] } },
{ "type": "Feature", "properties": { "id": 5 }, "geometry": { "type": "Point", "coordinates": [ 5.766415, 49.06683 ] } },
{ "type": "Feature", "properties": { "id": 6 }, "geometry": { "type": "Point", "coordinates": [ 6.375778, 48.843289 ] } },
{ "type": "Feature", "properties": { "id": 7 }, "geometry": { "type": "Point", "coordinates": [ 7.047572, 49.165725 ] } },
{ "type": "Feature", "properties": { "id": 8 }, "geometry": { "type": "Point", "coordinates": [ 6.621698, 49.366305 ] } },
{ "type": "Feature", "properties": { "id": 9 }, "geometry": { "type": "Point", "coordinates": [ 6.274089, 48.919644 ] } },
{ "type": "Feature", "properties": { "id": 10 }, "geometry": { "type": "Point", "coordinates": [ 7.005886, 49.192066 ] } },
{ "type": "Feature", "properties": { "id": 11 }, "geometry": { "type": "Point", "coordinates": [ 5.971979, 48.569542 ] } },
{ "type": "Feature", "properties": { "id": 12 }, "geometry": { "type": "Point", "coordinates": [ 6.254454, 48.578669 ] } },
{ "type": "Feature", "properties": { "id": 13 }, "geometry": { "type": "Point", "coordinates": [ 7.08514, 48.835622 ] } },
{ "type": "Feature", "properties": { "id": 14 }, "geometry": { "type": "Point", "coordinates": [ 6.712934, 49.09376 ] } },
{ "type": "Feature", "properties": { "id": 15 }, "geometry": { "type": "Point", "coordinates": [ 6.46904, 49.343556 ] } },
{ "type": "Feature", "properties": { "id": 16 }, "geometry": { "type": "Point", "coordinates": [ 6.286335, 49.114381 ] } },
{ "type": "Feature", "properties": { "id": 17 }, "geometry": { "type": "Point", "coordinates": [ 6.664443, 48.847145 ] } },
{ "type": "Feature", "properties": { "id": 18 }, "geometry": { "type": "Point", "coordinates": [ 6.168321, 48.946386 ] } },
{ "type": "Feature", "properties": { "id": 19 }, "geometry": { "type": "Point", "coordinates": [ 5.764873, 48.543593 ] } },
{ "type": "Feature", "properties": { "id": 20 }, "geometry": { "type": "Point", "coordinates": [ 7.158534, 48.917187 ] } },
{ "type": "Feature", "properties": { "id": 21 }, "geometry": { "type": "Point", "coordinates": [ 6.117485, 48.687728 ] } },
{ "type": "Feature", "properties": { "id": 22 }, "geometry": { "type": "Point", "coordinates": [ 6.612528, 48.957284 ] } },
{ "type": "Feature", "properties": { "id": 23 }, "geometry": { "type": "Point", "coordinates": [ 6.708225, 49.165174 ] } },
{ "type": "Feature", "properties": { "id": 24 }, "geometry": { "type": "Point", "coordinates": [ 5.830629, 48.723587 ] } },
{ "type": "Feature", "properties": { "id": 25 }, "geometry": { "type": "Point", "coordinates": [ 6.438991, 48.966564 ] } },
{ "type": "Feature", "properties": { "id": 26 }, "geometry": { "type": "Point", "coordinates": [ 6.35472, 48.835042 ] } },
{ "type": "Feature", "properties": { "id": 27 }, "geometry": { "type": "Point", "coordinates": [ 6.160646, 48.774479 ] } },
{ "type": "Feature", "properties": { "id": 28 }, "geometry": { "type": "Point", "coordinates": [ 6.397217, 48.50513 ] } },
{ "type": "Feature", "properties": { "id": 29 }, "geometry": { "type": "Point", "coordinates": [ 6.291761, 49.347546 ] } },
{ "type": "Feature", "properties": { "id": 30 }, "geometry": { "type": "Point", "coordinates": [ 6.942566, 49.041226 ] } },
{ "type": "Feature", "properties": { "id": 31 }, "geometry": { "type": "Point", "coordinates": [ 6.219493, 48.622737 ] } },
{ "type": "Feature", "properties": { "id": 32 }, "geometry": { "type": "Point", "coordinates": [ 6.549382, 48.501803 ] } },
{ "type": "Feature", "properties": { "id": 33 }, "geometry": { "type": "Point", "coordinates": [ 6.972275, 49.207177 ] } },
{ "type": "Feature", "properties": { "id": 34 }, "geometry": { "type": "Point", "coordinates": [ 6.69124, 49.028005 ] } },
{ "type": "Feature", "properties": { "id": 35 }, "geometry": { "type": "Point", "coordinates": [ 6.664847, 48.955769 ] } },
{ "type": "Feature", "properties": { "id": 36 }, "geometry": { "type": "Point", "coordinates": [ 7.076405, 48.926271 ] } },
{ "type": "Feature", "properties": { "id": 37 }, "geometry": { "type": "Point", "coordinates": [ 6.901956, 49.020757 ] } },
{ "type": "Feature", "properties": { "id": 38 }, "geometry": { "type": "Point", "coordinates": [ 5.809598, 48.949077 ] } },
{ "type": "Feature", "properties": { "id": 39 }, "geometry": { "type": "Point", "coordinates": [ 5.98141, 49.087875 ] } },
{ "type": "Feature", "properties": { "id": 40 }, "geometry": { "type": "Point", "coordinates": [ 6.352178, 49.37809 ] } },
{ "type": "Feature", "properties": { "id": 41 }, "geometry": { "type": "Point", "coordinates": [ 6.150709, 48.745198 ] } },
{ "type": "Feature", "properties": { "id": 42 }, "geometry": { "type": "Point", "coordinates": [ 6.551597, 48.814799 ] } },
{ "type": "Feature", "properties": { "id": 43 }, "geometry": { "type": "Point", "coordinates": [ 6.500054, 48.711125 ] } },
{ "type": "Feature", "properties": { "id": 44 }, "geometry": { "type": "Point", "coordinates": [ 7.259494, 48.801771 ] } },
{ "type": "Feature", "properties": { "id": 45 }, "geometry": { "type": "Point", "coordinates": [ 6.491878, 49.033133 ] } },
{ "type": "Feature", "properties": { "id": 46 }, "geometry": { "type": "Point", "coordinates": [ 6.109182, 48.726974 ] } },
{ "type": "Feature", "properties": { "id": 47 }, "geometry": { "type": "Point", "coordinates": [ 6.367051, 48.899229 ] } },
{ "type": "Feature", "properties": { "id": 48 }, "geometry": { "type": "Point", "coordinates": [ 7.249019, 49.231278 ] } },
{ "type": "Feature", "properties": { "id": 49 }, "geometry": { "type": "Point", "coordinates": [ 6.495117, 49.168405 ] } },
{ "type": "Feature", "properties": { "id": 50 }, "geometry": { "type": "Point", "coordinates": [ 6.839471, 48.84931 ] } },
{ "type": "Feature", "properties": { "id": 51 }, "geometry": { "type": "Point", "coordinates": [ 7.132229, 49.220323 ] } },
{ "type": "Feature", "properties": { "id": 52 }, "geometry": { "type": "Point", "coordinates": [ 6.380286, 48.786413 ] } },
{ "type": "Feature", "properties": { "id": 53 }, "geometry": { "type": "Point", "coordinates": [ 7.196139, 48.859756 ] } },
{ "type": "Feature", "properties": { "id": 54 }, "geometry": { "type": "Point", "coordinates": [ 5.773162, 49.330673 ] } },
{ "type": "Feature", "properties": { "id": 55 }, "geometry": { "type": "Point", "coordinates": [ 6.747427, 48.743787 ] } },
{ "type": "Feature", "properties": { "id": 56 }, "geometry": { "type": "Point", "coordinates": [ 6.424417, 49.236953 ] } },
{ "type": "Feature", "properties": { "id": 57 }, "geometry": { "type": "Point", "coordinates": [ 7.21641, 48.675243 ] } },
{ "type": "Feature", "properties": { "id": 58 }, "geometry": { "type": "Point", "coordinates": [ 6.591323, 48.582989 ] } },
{ "type": "Feature", "properties": { "id": 59 }, "geometry": { "type": "Point", "coordinates": [ 6.307613, 48.965063 ] } },
{ "type": "Feature", "properties": { "id": 60 }, "geometry": { "type": "Point", "coordinates": [ 7.337342, 49.283168 ] } },
{ "type": "Feature", "properties": { "id": 61 }, "geometry": { "type": "Point", "coordinates": [ 6.79124, 48.783507 ] } },
{ "type": "Feature", "properties": { "id": 62 }, "geometry": { "type": "Point", "coordinates": [ 7.039365, 48.608306 ] } },
{ "type": "Feature", "properties": { "id": 63 }, "geometry": { "type": "Point", "coordinates": [ 6.133245, 48.977905 ] } },
{ "type": "Feature", "properties": { "id": 64 }, "geometry": { "type": "Point", "coordinates": [ 6.75034, 49.260552 ] } },
{ "type": "Feature", "properties": { "id": 65 }, "geometry": { "type": "Point", "coordinates": [ 6.145908, 49.14233 ] } },
{ "type": "Feature", "properties": { "id": 66 }, "geometry": { "type": "Point", "coordinates": [ 6.925213, 49.214083 ] } },
{ "type": "Feature", "properties": { "id": 67 }, "geometry": { "type": "Point", "coordinates": [ 7.136673, 49.325617 ] } },
{ "type": "Feature", "properties": { "id": 68 }, "geometry": { "type": "Point", "coordinates": [ 6.548101, 49.322053 ] } },
{ "type": "Feature", "properties": { "id": 69 }, "geometry": { "type": "Point", "coordinates": [ 7.208671, 48.738503 ] } },
{ "type": "Feature", "properties": { "id": 70 }, "geometry": { "type": "Point", "coordinates": [ 6.695894, 48.771871 ] } },
{ "type": "Feature", "properties": { "id": 71 }, "geometry": { "type": "Point", "coordinates": [ 6.567817, 48.691515 ] } },
{ "type": "Feature", "properties": { "id": 72 }, "geometry": { "type": "Point", "coordinates": [ 6.947183, 49.044035 ] } },
{ "type": "Feature", "properties": { "id": 73 }, "geometry": { "type": "Point", "coordinates": [ 5.910912, 48.823575 ] } },
{ "type": "Feature", "properties": { "id": 74 }, "geometry": { "type": "Point", "coordinates": [ 6.152555, 48.790268 ] } },
{ "type": "Feature", "properties": { "id": 75 }, "geometry": { "type": "Point", "coordinates": [ 7.200751, 49.363794 ] } },
{ "type": "Feature", "properties": { "id": 76 }, "geometry": { "type": "Point", "coordinates": [ 6.289986, 49.390404 ] } },
{ "type": "Feature", "properties": { "id": 77 }, "geometry": { "type": "Point", "coordinates": [ 6.989385, 49.197094 ] } },
{ "type": "Feature", "properties": { "id": 78 }, "geometry": { "type": "Point", "coordinates": [ 6.215885, 48.719688 ] } },
{ "type": "Feature", "properties": { "id": 79 }, "geometry": { "type": "Point", "coordinates": [ 7.035886, 49.319387 ] } },
{ "type": "Feature", "properties": { "id": 80 }, "geometry": { "type": "Point", "coordinates": [ 6.087711, 49.375239 ] } },
{ "type": "Feature", "properties": { "id": 81 }, "geometry": { "type": "Point", "coordinates": [ 5.856663, 49.1963 ] } },
{ "type": "Feature", "properties": { "id": 82 }, "geometry": { "type": "Point", "coordinates": [ 5.972681, 48.771106 ] } },
{ "type": "Feature", "properties": { "id": 83 }, "geometry": { "type": "Point", "coordinates": [ 6.811828, 49.298945 ] } },
{ "type": "Feature", "properties": { "id": 84 }, "geometry": { "type": "Point", "coordinates": [ 6.511562, 48.565078 ] } },
{ "type": "Feature", "properties": { "id": 85 }, "geometry": { "type": "Point", "coordinates": [ 7.244022, 49.183658 ] } },
{ "type": "Feature", "properties": { "id": 86 }, "geometry": { "type": "Point", "coordinates": [ 6.335085, 48.783628 ] } },
{ "type": "Feature", "properties": { "id": 87 }, "geometry": { "type": "Point", "coordinates": [ 6.016697, 48.692698 ] } },
{ "type": "Feature", "properties": { "id": 88 }, "geometry": { "type": "Point", "coordinates": [ 6.858512, 48.579886 ] } },
{ "type": "Feature", "properties": { "id": 89 }, "geometry": { "type": "Point", "coordinates": [ 6.696046, 49.307364 ] } },
{ "type": "Feature", "properties": { "id": 90 }, "geometry": { "type": "Point", "coordinates": [ 6.312819, 48.735536 ] } },
{ "type": "Feature", "properties": { "id": 91 }, "geometry": { "type": "Point", "coordinates": [ 7.083408, 49.250458 ] } },
{ "type": "Feature", "properties": { "id": 92 }, "geometry": { "type": "Point", "coordinates": [ 6.808296, 49.083229 ] } },
{ "type": "Feature", "properties": { "id": 93 }, "geometry": { "type": "Point", "coordinates": [ 6.422938, 49.051498 ] } },
{ "type": "Feature", "properties": { "id": 94 }, "geometry": { "type": "Point", "coordinates": [ 6.074307, 48.619502 ] } },
{ "type": "Feature", "properties": { "id": 95 }, "geometry": { "type": "Point", "coordinates": [ 6.356926, 48.932036 ] } },
{ "type": "Feature", "properties": { "id": 96 }, "geometry": { "type": "Point", "coordinates": [ 7.335005, 48.7407 ] } },
{ "type": "Feature", "properties": { "id": 97 }, "geometry": { "type": "Point", "coordinates": [ 6.040024, 48.744496 ] } },
{ "type": "Feature", "properties": { "id": 98 }, "geometry": { "type": "Point", "coordinates": [ 7.075072, 49.39158 ] } },
{ "type": "Feature", "properties": { "id": 99 }, "geometry": { "type": "Point", "coordinates": [ 6.0088, 49.029873 ] } },
{ "type": "Feature", "properties": { "id": 100 }, "geometry": { "type": "Point", "coordinates": [ 6.420258, 48.840796 ] } },
{ "type": "Feature", "properties": { "id": 101 }, "geometry": { "type": "Point", "coordinates": [ 6.128053, 49.366973 ] } },
{ "type": "Feature", "properties": { "id": 102 }, "geometry": { "type": "Point", "coordinates": [ 6.154484, 48.684137 ] } },
{ "type": "Feature", "properties": { "id": 103 }, "geometry": { "type": "Point", "coordinates": [ 7.002773, 49.333487 ] } },
{ "type": "Feature", "properties": { "id": 104 }, "geometry": { "type": "Point", "coordinates": [ 7.048108, 48.555829 ] } },
{ "type": "Feature", "properties": { "id": 105 }, "geometry": { "type": "Point", "coordinates": [ 6.305183, 48.629631 ] } },
{ "type": "Feature", "properties": { "id": 106 }, "geometry": { "type": "Point", "coordinates": [ 6.832157, 48.601411 ] } },
{ "type": "Feature", "properties": { "id": 107 }, "geometry": { "type": "Point", "coordinates": [ 7.01723, 48.556467 ] } },
{ "type": "Feature", "properties": { "id": 108 }, "geometry": { "type": "Point", "coordinates": [ 6.399682, 48.993197 ] } },
{ "type": "Feature", "properties": { "id": 109 }, "geometry": { "type": "Point", "coordinates": [ 5.97094, 49.301139 ] } },
{ "type": "Feature", "properties": { "id": 110 }, "geometry": { "type": "Point", "coordinates": [ 5.959205, 48.576486 ] } },
{ "type": "Feature", "properties": { "id": 111 }, "geometry": { "type": "Point", "coordinates": [ 6.76254, 48.964817 ] } },
{ "type": "Feature", "properties": { "id": 112 }, "geometry": { "type": "Point", "coordinates": [ 6.247273, 48.899174 ] } },
{ "type": "Feature", "properties": { "id": 113 }, "geometry": { "type": "Point", "coordinates": [ 6.689449, 49.182032 ] } },
{ "type": "Feature", "properties": { "id": 114 }, "geometry": { "type": "Point", "coordinates": [ 7.337081, 49.142086 ] } },
{ "type": "Feature", "properties": { "id": 115 }, "geometry": { "type": "Point", "coordinates": [ 6.017735, 48.526175 ] } },
{ "type": "Feature", "properties": { "id": 116 }, "geometry": { "type": "Point", "coordinates": [ 6.877051, 48.531091 ] } },
{ "type": "Feature", "properties": { "id": 117 }, "geometry": { "type": "Point", "coordinates": [ 5.909179, 49.064276 ] } },
{ "type": "Feature", "properties": { "id": 118 }, "geometry": { "type": "Point", "coordinates": [ 6.991419, 48.510417 ] } },
{ "type": "Feature", "properties": { "id": 119 }, "geometry": { "type": "Point", "coordinates": [ 6.968537, 49.161953 ] } },
{ "type": "Feature", "properties": { "id": 120 }, "geometry": { "type": "Point", "coordinates": [ 6.968004, 48.632379 ] } },
{ "type": "Feature", "properties": { "id": 121 }, "geometry": { "type": "Point", "coordinates": [ 6.643226, 48.654945 ] } },
{ "type": "Feature", "properties": { "id": 122 }, "geometry": { "type": "Point", "coordinates": [ 5.799364, 48.682767 ] } },
{ "type": "Feature", "properties": { "id": 123 }, "geometry": { "type": "Point", "coordinates": [ 6.879507, 49.338623 ] } },
{ "type": "Feature", "properties": { "id": 124 }, "geometry": { "type": "Point", "coordinates": [ 7.264506, 48.532474 ] } },
{ "type": "Feature", "properties": { "id": 125 }, "geometry": { "type": "Point", "coordinates": [ 6.640901, 49.31182 ] } },
{ "type": "Feature", "properties": { "id": 126 }, "geometry": { "type": "Point", "coordinates": [ 6.62681, 48.803183 ] } },
{ "type": "Feature", "properties": { "id": 127 }, "geometry": { "type": "Point", "coordinates": [ 6.075431, 49.177782 ] } },
{ "type": "Feature", "properties": { "id": 128 }, "geometry": { "type": "Point", "coordinates": [ 5.906999, 49.131098 ] } },
{ "type": "Feature", "properties": { "id": 129 }, "geometry": { "type": "Point", "coordinates": [ 5.912317, 49.366353 ] } },
{ "type": "Feature", "properties": { "id": 130 }, "geometry": { "type": "Point", "coordinates": [ 6.153835, 48.901455 ] } },
{ "type": "Feature", "properties": { "id": 131 }, "geometry": { "type": "Point", "coordinates": [ 6.474645, 49.150665 ] } },
{ "type": "Feature", "properties": { "id": 132 }, "geometry": { "type": "Point", "coordinates": [ 6.588807, 48.519057 ] } },
{ "type": "Feature", "properties": { "id": 133 }, "geometry": { "type": "Point", "coordinates": [ 6.2303, 48.522785 ] } },
{ "type": "Feature", "properties": { "id": 134 }, "geometry": { "type": "Point", "coordinates": [ 6.315055, 49.272154 ] } },
{ "type": "Feature", "properties": { "id": 135 }, "geometry": { "type": "Point", "coordinates": [ 6.379887, 49.021749 ] } },
{ "type": "Feature", "properties": { "id": 136 }, "geometry": { "type": "Point", "coordinates": [ 6.392119, 48.701685 ] } },
{ "type": "Feature", "properties": { "id": 137 }, "geometry": { "type": "Point", "coordinates": [ 6.810058, 49.306905 ] } },
{ "type": "Feature", "properties": { "id": 138 }, "geometry": { "type": "Point", "coordinates": [ 7.140043, 49.226898 ] } },
{ "type": "Feature", "properties": { "id": 139 }, "geometry": { "type": "Point", "coordinates": [ 6.08792, 49.352245 ] } },
{ "type": "Feature", "properties": { "id": 140 }, "geometry": { "type": "Point", "coordinates": [ 6.606776, 49.086357 ] } },
{ "type": "Feature", "properties": { "id": 141 }, "geometry": { "type": "Point", "coordinates": [ 6.614171, 48.728921 ] } },
{ "type": "Feature", "properties": { "id": 142 }, "geometry": { "type": "Point", "coordinates": [ 6.632535, 49.202888 ] } },
{ "type": "Feature", "properties": { "id": 143 }, "geometry": { "type": "Point", "coordinates": [ 6.161039, 49.212091 ] } },
{ "type": "Feature", "properties": { "id": 144 }, "geometry": { "type": "Point", "coordinates": [ 6.767308, 48.851224 ] } },
{ "type": "Feature", "properties": { "id": 145 }, "geometry": { "type": "Point", "coordinates": [ 6.134533, 49.072069 ] } },
{ "type": "Feature", "properties": { "id": 146 }, "geometry": { "type": "Point", "coordinates": [ 5.819052, 49.186356 ] } },
{ "type": "Feature", "properties": { "id": 147 }, "geometry": { "type": "Point", "coordinates": [ 6.682899, 48.995025 ] } },
{ "type": "Feature", "properties": { "id": 148 }, "geometry": { "type": "Point", "coordinates": [ 6.690714, 49.162353 ] } },
{ "type": "Feature", "properties": { "id": 149 }, "geometry": { "type": "Point", "coordinates": [ 6.390635, 49.344048 ] } },
{ "type": "Feature", "properties": { "id": 150 }, "geometry": { "type": "Point", "coordinates": [ 5.98327, 48.567393 ] } },
{ "type": "Feature", "properties": { "id": 151 }, "geometry": { "type": "Point", "coordinates": [ 7.324206, 49.257015 ] } },
{ "type": "Feature", "properties": { "id": 152 }, "geometry": { "type": "Point", "coordinates": [ 6.384641, 48.805611 ] } },
{ "type": "Feature", "properties": { "id": 153 }, "geometry": { "type": "Point", "coordinates": [ 6.554702, 48.524094 ] } },
{ "type": "Feature", "properties": { "id": 154 }, "geometry": { "type": "Point", "coordinates": [ 7.20196, 49.327878 ] } },
{ "type": "Feature", "properties": { "id": 155 }, "geometry": { "type": "Point", "coordinates": [ 7.201352, 49.11731 ] } },
{ "type": "Feature", "properties": { "id": 156 }, "geometry": { "type": "Point", "coordinates": [ 7.326127, 48.791347 ] } },
{ "type": "Feature", "properties": { "id": 157 }, "geometry": { "type": "Point", "coordinates": [ 6.702028, 48.989174 ] } },
{ "type": "Feature", "properties": { "id": 158 }, "geometry": { "type": "Point", "coordinates": [ 6.922115, 49.13923 ] } },
{ "type": "Feature", "properties": { "id": 159 }, "geometry": { "type": "Point", "coordinates": [ 5.939358, 48.924975 ] } },
{ "type": "Feature", "properties": { "id": 160 }, "geometry": { "type": "Point", "coordinates": [ 5.972526, 49.20524 ] } },
{ "type": "Feature", "properties": { "id": 161 }, "geometry": { "type": "Point", "coordinates": [ 6.807981, 49.387233 ] } },
{ "type": "Feature", "properties": { "id": 162 }, "geometry": { "type": "Point", "coordinates": [ 6.617742, 49.315592 ] } },
{ "type": "Feature", "properties": { "id": 163 }, "geometry": { "type": "Point", "coordinates": [ 6.938273, 48.502675 ] } },
{ "type": "Feature", "properties": { "id": 164 }, "geometry": { "type": "Point", "coordinates": [ 7.293837, 49.305979 ] } },
{ "type": "Feature", "properties": { "id": 165 }, "geometry": { "type": "Point", "coordinates": [ 5.926675, 49.23011 ] } },
{ "type": "Feature", "properties": { "id": 166 }, "geometry": { "type": "Point", "coordinates": [ 6.228178, 48.597382 ] } },
{ "type": "Feature", "properties": { "id": 167 }, "geometry": { "type": "Point", "coordinates": [ 6.057446, 48.511783 ] } },
{ "type": "Feature", "properties": { "id": 168 }, "geometry": { "type": "Point", "coordinates": [ 6.317206, 48.636648 ] } },
{ "type": "Feature", "properties": { "id": 169 }, "geometry": { "type": "Point", "coordinates": [ 5.865976, 49.155916 ] } },
{ "type": "Feature", "properties": { "id": 170 }, "geometry": { "type": "Point", "coordinates": [ 5.799981, 48.951769 ] } },
{ "type": "Feature", "properties": { "id": 171 }, "geometry": { "type": "Point", "coordinates": [ 6.49667, 49.161766 ] } },
{ "type": "Feature", "properties": { "id": 172 }, "geometry": { "type": "Point", "coordinates": [ 5.788947, 49.332919 ] } },
{ "type": "Feature", "properties": { "id": 173 }, "geometry": { "type": "Point", "coordinates": [ 7.108537, 49.015765 ] } },
{ "type": "Feature", "properties": { "id": 174 }, "geometry": { "type": "Point", "coordinates": [ 6.760657, 49.214106 ] } },
{ "type": "Feature", "properties": { "id": 175 }, "geometry": { "type": "Point", "coordinates": [ 6.243863, 49.137213 ] } },
{ "type": "Feature", "properties": { "id": 176 }, "geometry": { "type": "Point", "coordinates": [ 6.158164, 48.609733 ] } },
{ "type": "Feature", "properties": { "id": 177 }, "geometry": { "type": "Point", "coordinates": [ 6.761601, 49.175705 ] } },
{ "type": "Feature", "properties": { "id": 178 }, "geometry": { "type": "Point", "coordinates": [ 7.275326, 49.370943 ] } },
{ "type": "Feature", "properties": { "id": 179 }, "geometry": { "type": "Point", "coordinates": [ 6.317423, 49.075593 ] } },
{ "type": "Feature", "properties": { "id": 180 }, "geometry": { "type": "Point", "coordinates": [ 6.396487, 49.072671 ] } },
{ "type": "Feature", "properties": { "id": 181 }, "geometry": { "type": "Point", "coordinates": [ 5.962126, 48.683462 ] } },
{ "type": "Feature", "properties": { "id": 182 }, "geometry": { "type": "Point", "coordinates": [ 6.809543, 48.530547 ] } },
{ "type": "Feature", "properties": { "id": 183 }, "geometry": { "type": "Point", "coordinates": [ 5.823511, 49.382992 ] } },
{ "type": "Feature", "properties": { "id": 184 }, "geometry": { "type": "Point", "coordinates": [ 7.232341, 49.245361 ] } },
{ "type": "Feature", "properties": { "id": 185 }, "geometry": { "type": "Point", "coordinates": [ 6.554902, 48.530191 ] } },
{ "type": "Feature", "properties": { "id": 186 }, "geometry": { "type": "Point", "coordinates": [ 5.84044, 48.915371 ] } },
{ "type": "Feature", "properties": { "id": 187 }, "geometry": { "type": "Point", "coordinates": [ 5.95969, 49.158194 ] } },
{ "type": "Feature", "properties": { "id": 188 }, "geometry": { "type": "Point", "coordinates": [ 6.416246, 48.609078 ] } },
{ "type": "Feature", "properties": { "id": 189 }, "geometry": { "type": "Point", "coordinates": [ 6.929428, 49.376953 ] } },
{ "type": "Feature", "properties": { "id": 190 }, "geometry": { "type": "Point", "coordinates": [ 7.055074, 48.924545 ] } },
{ "type": "Feature", "properties": { "id": 191 }, "geometry": { "type": "Point", "coordinates": [ 6.748999, 48.954629 ] } },
{ "type": "Feature", "properties": { "id": 192 }, "geometry": { "type": "Point", "coordinates": [ 5.986887, 48.911445 ] } },
{ "type": "Feature", "properties": { "id": 193 }, "geometry": { "type": "Point", "coordinates": [ 6.682181, 49.109835 ] } },
{ "type": "Feature", "properties": { "id": 194 }, "geometry": { "type": "Point", "coordinates": [ 6.251465, 48.52116 ] } },
{ "type": "Feature", "properties": { "id": 195 }, "geometry": { "type": "Point", "coordinates": [ 6.418347, 48.819417 ] } },
{ "type": "Feature", "properties": { "id": 196 }, "geometry": { "type": "Point", "coordinates": [ 7.269309, 48.551168 ] } },
{ "type": "Feature", "properties": { "id": 197 }, "geometry": { "type": "Point", "coordinates": [ 6.388723, 48.531728 ] } },
{ "type": "Feature", "properties": { "id": 198 }, "geometry": { "type": "Point", "coordinates": [ 6.407097, 48.880565 ] } },
{ "type": "Feature", "properties": { "id": 199 }, "geometry": { "type": "Point", "coordinates": [ 7.236784, 48.969643 ] } },
{ "type": "Feature", "properties": { "id": 200 }, "geometry": { "type": "Point", "coordinates": [ 7.228499, 49.183696 ] } },
{ "type": "Feature", "properties": { "id": 201 }, "geometry": { "type": "Point", "coordinates": [ 7.292408, 48.837175 ] } },
{ "type": "Feature", "properties": { "id": 202 }, "geometry": { "type": "Point", "coordinates": [ 6.57596, 48.793955 ] } },
{ "type": "Feature", "properties": { "id": 203 }, "geometry": { "type": "Point", "coordinates": [ 6.927935, 49.29924 ] } },
{ "type": "Feature", "properties": { "id": 204 }, "geometry": { "type": "Point", "coordinates": [ 5.982285, 48.781335 ] } },
{ "type": "Feature", "properties": { "id": 205 }, "geometry": { "type": "Point", "coordinates": [ 6.944356, 48.91668 ] } },
{ "type": "Feature", "properties": { "id": 206 }, "geometry": { "type": "Point", "coordinates": [ 7.287478, 49.027835 ] } },
{ "type": "Feature", "properties": { "id": 207 }, "geometry": { "type": "Point", "coordinates": [ 6.256463, 48.525337 ] } },
{ "type": "Feature", "properties": { "id": 208 }, "geometry": { "type": "Point", "coordinates": [ 6.48126, 48.982884 ] } },
{ "type": "Feature", "properties": { "id": 209 }, "geometry": { "type": "Point", "coordinates": [ 6.639475, 49.031084 ] } },
{ "type": "Feature", "properties": { "id": 210 }, "geometry": { "type": "Point", "coordinates": [ 6.492053, 49.174041 ] } },
{ "type": "Feature", "properties": { "id": 211 }, "geometry": { "type": "Point", "coordinates": [ 7.123263, 48.695019 ] } },
{ "type": "Feature", "properties": { "id": 212 }, "geometry": { "type": "Point", "coordinates": [ 7.014398, 49.042677 ] } },
{ "type": "Feature", "properties": { "id": 213 }, "geometry": { "type": "Point", "coordinates": [ 6.368775, 49.359868 ] } },
{ "type": "Feature", "properties": { "id": 214 }, "geometry": { "type": "Point", "coordinates": [ 6.114394, 49.299639 ] } },
{ "type": "Feature", "properties": { "id": 215 }, "geometry": { "type": "Point", "coordinates": [ 6.514036, 49.027519 ] } },
{ "type": "Feature", "properties": { "id": 216 }, "geometry": { "type": "Point", "coordinates": [ 6.031774, 48.602254 ] } },
{ "type": "Feature", "properties": { "id": 217 }, "geometry": { "type": "Point", "coordinates": [ 6.099052, 48.785619 ] } },
{ "type": "Feature", "properties": { "id": 218 }, "geometry": { "type": "Point", "coordinates": [ 6.98315, 49.35962 ] } },
{ "type": "Feature", "properties": { "id": 219 }, "geometry": { "type": "Point", "coordinates": [ 7.231148, 48.973729 ] } },
{ "type": "Feature", "properties": { "id": 220 }, "geometry": { "type": "Point", "coordinates": [ 6.762917, 49.356595 ] } },
{ "type": "Feature", "properties": { "id": 221 }, "geometry": { "type": "Point", "coordinates": [ 5.932511, 48.792195 ] } },
{ "type": "Feature", "properties": { "id": 222 }, "geometry": { "type": "Point", "coordinates": [ 6.578624, 49.146673 ] } },
{ "type": "Feature", "properties": { "id": 223 }, "geometry": { "type": "Point", "coordinates": [ 5.852122, 48.68019 ] } },
{ "type": "Feature", "properties": { "id": 224 }, "geometry": { "type": "Point", "coordinates": [ 6.901579, 49.115179 ] } },
{ "type": "Feature", "properties": { "id": 225 }, "geometry": { "type": "Point", "coordinates": [ 5.993478, 48.84873 ] } },
{ "type": "Feature", "properties": { "id": 226 }, "geometry": { "type": "Point", "coordinates": [ 6.989678, 48.951143 ] } },
{ "type": "Feature", "properties": { "id": 227 }, "geometry": { "type": "Point", "coordinates": [ 6.513237, 48.810989 ] } },
{ "type": "Feature", "properties": { "id": 228 }, "geometry": { "type": "Point", "coordinates": [ 6.948292, 49.271193 ] } },
{ "type": "Feature", "properties": { "id": 229 }, "geometry": { "type": "Point", "coordinates": [ 6.987628, 48.856067 ] } },
{ "type": "Feature", "properties": { "id": 230 }, "geometry": { "type": "Point", "coordinates": [ 6.069212, 48.758322 ] } },
{ "type": "Feature", "properties": { "id": 231 }, "geometry": { "type": "Point", "coordinates": [ 6.307284, 48.946408 ] } },
{ "type": "Feature", "properties": { "id": 232 }, "geometry": { "type": "Point", "coordinates": [ 6.359589, 49.378011 ] } },
{ "type": "Feature", "properties": { "id": 233 }, "geometry": { "type": "Point", "coordinates": [ 7.320172, 49.336003 ] } },
{ "type": "Feature", "properties": { "id": 234 }, "geometry": { "type": "Point", "coordinates": [ 7.263263, 48.754232 ] } },
{ "type": "Feature", "properties": { "id": 235 }, "geometry": { "type": "Point", "coordinates": [ 5.969744, 49.30151 ] } },
{ "type": "Feature", "properties": { "id": 236 }, "geometry": { "type": "Point", "coordinates": [ 6.905421, 48.528977 ] } },
{ "type": "Feature", "properties": { "id": 237 }, "geometry": { "type": "Point", "coordinates": [ 6.131751, 48.947156 ] } },
{ "type": "Feature", "properties": { "id": 238 }, "geometry": { "type": "Point", "coordinates": [ 6.588739, 49.34078 ] } },
{ "type": "Feature", "properties": { "id": 239 }, "geometry": { "type": "Point", "coordinates": [ 7.282586, 48.677391 ] } },
{ "type": "Feature", "properties": { "id": 240 }, "geometry": { "type": "Point", "coordinates": [ 6.692916, 49.360153 ] } },
{ "type": "Feature", "properties": { "id": 241 }, "geometry": { "type": "Point", "coordinates": [ 6.031641, 49.016616 ] } },
{ "type": "Feature", "properties": { "id": 242 }, "geometry": { "type": "Point", "coordinates": [ 6.864601, 48.549444 ] } },
{ "type": "Feature", "properties": { "id": 243 }, "geometry": { "type": "Point", "coordinates": [ 7.12304, 49.300218 ] } },
{ "type": "Feature", "properties": { "id": 244 }, "geometry": { "type": "Point", "coordinates": [ 6.479648, 48.767709 ] } },
{ "type": "Feature", "properties": { "id": 245 }, "geometry": { "type": "Point", "coordinates": [ 6.771803, 48.549906 ] } },
{ "type": "Feature", "properties": { "id": 246 }, "geometry": { "type": "Point", "coordinates": [ 6.210897, 48.842125 ] } },
{ "type": "Feature", "properties": { "id": 247 }, "geometry": { "type": "Point", "coordinates": [ 6.535772, 49.008774 ] } },
{ "type": "Feature", "properties": { "id": 248 }, "geometry": { "type": "Point", "coordinates": [ 6.493097, 48.570715 ] } },
{ "type": "Feature", "properties": { "id": 249 }, "geometry": { "type": "Point", "coordinates": [ 6.769626, 49.018899 ] } },
{ "type": "Feature", "properties": { "id": 250 }, "geometry": { "type": "Point", "coordinates": [ 5.768409, 48.730025 ] } },
{ "type": "Feature", "properties": { "id": 251 }, "geometry": { "type": "Point", "coordinates": [ 6.715675, 48.705466 ] } },
{ "type": "Feature", "properties": { "id": 252 }, "geometry": { "type": "Point", "coordinates": [ 6.909109, 49.365601 ] } },
{ "type": "Feature", "properties": { "id": 253 }, "geometry": { "type": "Point", "coordinates": [ 6.708533, 49.035692 ] } },
{ "type": "Feature", "properties": { "id": 254 }, "geometry": { "type": "Point", "coordinates": [ 7.201717, 48.533177 ] } },
{ "type": "Feature", "properties": { "id": 255 }, "geometry": { "type": "Point", "coordinates": [ 7.118476, 49.363538 ] } },
{ "type": "Feature", "properties": { "id": 256 }, "geometry": { "type": "Point", "coordinates": [ 5.765697, 48.775946 ] } },
{ "type": "Feature", "properties": { "id": 257 }, "geometry": { "type": "Point", "coordinates": [ 6.048886, 48.671351 ] } },
{ "type": "Feature", "properties": { "id": 258 }, "geometry": { "type": "Point", "coordinates": [ 6.908801, 48.571266 ] } },
{ "type": "Feature", "properties": { "id": 259 }, "geometry": { "type": "Point", "coordinates": [ 6.617701, 49.345267 ] } },
{ "type": "Feature", "properties": { "id": 260 }, "geometry": { "type": "Point", "coordinates": [ 5.993032, 49.08256 ] } },
{ "type": "Feature", "properties": { "id": 261 }, "geometry": { "type": "Point", "coordinates": [ 6.301781, 48.673891 ] } },
{ "type": "Feature", "properties": { "id": 262 }, "geometry": { "type": "Point", "coordinates": [ 7.115303, 49.36912 ] } },
{ "type": "Feature", "properties": { "id": 263 }, "geometry": { "type": "Point", "coordinates": [ 5.884864, 48.813731 ] } },
{ "type": "Feature", "properties": { "id": 264 }, "geometry": { "type": "Point", "coordinates": [ 6.395528, 49.186186 ] } },
{ "type": "Feature", "properties": { "id": 265 }, "geometry": { "type": "Point", "coordinates": [ 6.819671, 49.065176 ] } },
{ "type": "Feature", "properties": { "id": 266 }, "geometry": { "type": "Point", "coordinates": [ 6.818551, 48.693306 ] } },
{ "type": "Feature", "properties": { "id": 267 }, "geometry": { "type": "Point", "coordinates": [ 6.586522, 48.810398 ] } },
{ "type": "Feature", "properties": { "id": 268 }, "geometry": { "type": "Point", "coordinates": [ 5.772378, 49.127205 ] } },
{ "type": "Feature", "properties": { "id": 269 }, "geometry": { "type": "Point", "coordinates": [ 6.224915, 48.59981 ] } },
{ "type": "Feature", "properties": { "id": 270 }, "geometry": { "type": "Point", "coordinates": [ 5.844682, 48.681591 ] } },
{ "type": "Feature", "properties": { "id": 271 }, "geometry": { "type": "Point", "coordinates": [ 5.970561, 49.184073 ] } },
{ "type": "Feature", "properties": { "id": 272 }, "geometry": { "type": "Point", "coordinates": [ 5.988699, 48.745199 ] } },
{ "type": "Feature", "properties": { "id": 273 }, "geometry": { "type": "Point", "coordinates": [ 7.004228, 48.575 ] } },
{ "type": "Feature", "properties": { "id": 274 }, "geometry": { "type": "Point", "coordinates": [ 5.935638, 49.110738 ] } },
{ "type": "Feature", "properties": { "id": 275 }, "geometry": { "type": "Point", "coordinates": [ 6.705393, 48.902865 ] } },
{ "type": "Feature", "properties": { "id": 276 }, "geometry": { "type": "Point", "coordinates": [ 7.201781, 48.566958 ] } },
{ "type": "Feature", "properties": { "id": 277 }, "geometry": { "type": "Point", "coordinates": [ 6.419517, 48.579568 ] } },
{ "type": "Feature", "properties": { "id": 278 }, "geometry": { "type": "Point", "coordinates": [ 5.852945, 48.503862 ] } },
{ "type": "Feature", "properties": { "id": 279 }, "geometry": { "type": "Point", "coordinates": [ 6.703639, 48.675216 ] } },
{ "type": "Feature", "properties": { "id": 280 }, "geometry": { "type": "Point", "coordinates": [ 6.478406, 48.711332 ] } },
{ "type": "Feature", "properties": { "id": 281 }, "geometry": { "type": "Point", "coordinates": [ 6.26134, 48.937511 ] } },
{ "type": "Feature", "properties": { "id": 282 }, "geometry": { "type": "Point", "coordinates": [ 6.526349, 49.149657 ] } },
{ "type": "Feature", "properties": { "id": 283 }, "geometry": { "type": "Point", "coordinates": [ 6.076871, 48.869386 ] } },
{ "type": "Feature", "properties": { "id": 284 }, "geometry": { "type": "Point", "coordinates": [ 7.007404, 48.561692 ] } },
{ "type": "Feature", "properties": { "id": 285 }, "geometry": { "type": "Point", "coordinates": [ 6.11679, 49.109168 ] } },
{ "type": "Feature", "properties": { "id": 286 }, "geometry": { "type": "Point", "coordinates": [ 5.810964, 49.134696 ] } },
{ "type": "Feature", "properties": { "id": 287 }, "geometry": { "type": "Point", "coordinates": [ 6.550594, 49.362577 ] } },
{ "type": "Feature", "properties": { "id": 288 }, "geometry": { "type": "Point", "coordinates": [ 6.677627, 48.905442 ] } },
{ "type": "Feature", "properties": { "id": 289 }, "geometry": { "type": "Point", "coordinates": [ 6.224011, 49.243364 ] } },
{ "type": "Feature", "properties": { "id": 290 }, "geometry": { "type": "Point", "coordinates": [ 6.151849, 48.848237 ] } },
{ "type": "Feature", "properties": { "id": 291 }, "geometry": { "type": "Point", "coordinates": [ 6.513655, 49.019261 ] } },
{ "type": "Feature", "properties": { "id": 292 }, "geometry": { "type": "Point", "coordinates": [ 6.610954, 48.588871 ] } },
{ "type": "Feature", "properties": { "id": 293 }, "geometry": { "type": "Point", "coordinates": [ 6.331692, 48.818544 ] } },
{ "type": "Feature", "properties": { "id": 294 }, "geometry": { "type": "Point", "coordinates": [ 7.106807, 48.970817 ] } },
{ "type": "Feature", "properties": { "id": 295 }, "geometry": { "type": "Point", "coordinates": [ 6.878877, 49.368534 ] } },
{ "type": "Feature", "properties": { "id": 296 }, "geometry": { "type": "Point", "coordinates": [ 5.800988, 49.243878 ] } },
{ "type": "Feature", "properties": { "id": 297 }, "geometry": { "type": "Point", "coordinates": [ 6.606012, 49.089328 ] } },
{ "type": "Feature", "properties": { "id": 298 }, "geometry": { "type": "Point", "coordinates": [ 6.246829, 48.838177 ] } },
{ "type": "Feature", "properties": { "id": 299 }, "geometry": { "type": "Point", "coordinates": [ 6.151011, 49.083171 ] } },
{ "type": "Feature", "properties": { "id": 300 }, "geometry": { "type": "Point", "coordinates": [ 7.337615, 48.573901 ] } },
{ "type": "Feature", "properties": { "id": 301 }, "geometry": { "type": "Point", "coordinates": [ 6.811466, 48.715765 ] } },
{ "type": "Feature", "properties": { "id": 302 }, "geometry": { "type": "Point", "coordinates": [ 6.641891, 48.750484 ] } },
{ "type": "Feature", "properties": { "id": 303 }, "geometry": { "type": "Point", "coordinates": [ 6.525247, 49.298796 ] } },
{ "type": "Feature", "properties": { "id": 304 }, "geometry": { "type": "Point", "coordinates": [ 6.41051, 49.127251 ] } },
{ "type": "Feature", "properties": { "id": 305 }, "geometry": { "type": "Point", "coordinates": [ 6.51385, 48.850567 ] } },
{ "type": "Feature", "properties": { "id": 306 }, "geometry": { "type": "Point", "coordinates": [ 5.874109, 48.823121 ] } },
{ "type": "Feature", "properties": { "id": 307 }, "geometry": { "type": "Point", "coordinates": [ 6.013556, 49.030636 ] } },
{ "type": "Feature", "properties": { "id": 308 }, "geometry": { "type": "Point", "coordinates": [ 6.922072, 48.718784 ] } },
{ "type": "Feature", "properties": { "id": 309 }, "geometry": { "type": "Point", "coordinates": [ 6.915647, 49.03361 ] } },
{ "type": "Feature", "properties": { "id": 310 }, "geometry": { "type": "Point", "coordinates": [ 6.48765, 49.187524 ] } },
{ "type": "Feature", "properties": { "id": 311 }, "geometry": { "type": "Point", "coordinates": [ 6.882347, 49.116465 ] } },
{ "type": "Feature", "properties": { "id": 312 }, "geometry": { "type": "Point", "coordinates": [ 6.690324, 48.63645 ] } },
{ "type": "Feature", "properties": { "id": 313 }, "geometry": { "type": "Point", "coordinates": [ 7.316671, 49.224111 ] } },
{ "type": "Feature", "properties": { "id": 314 }, "geometry": { "type": "Point", "coordinates": [ 6.13708, 48.775723 ] } },
{ "type": "Feature", "properties": { "id": 315 }, "geometry": { "type": "Point", "coordinates": [ 7.281047, 48.898352 ] } },
{ "type": "Feature", "properties": { "id": 316 }, "geometry": { "type": "Point", "coordinates": [ 6.972182, 48.776683 ] } },
{ "type": "Feature", "properties": { "id": 317 }, "geometry": { "type": "Point", "coordinates": [ 6.409456, 48.851024 ] } },
{ "type": "Feature", "properties": { "id": 318 }, "geometry": { "type": "Point", "coordinates": [ 6.708619, 49.155325 ] } },
{ "type": "Feature", "properties": { "id": 319 }, "geometry": { "type": "Point", "coordinates": [ 6.432047, 48.805862 ] } },
{ "type": "Feature", "properties": { "id": 320 }, "geometry": { "type": "Point", "coordinates": [ 6.892052, 49.189284 ] } },
{ "type": "Feature", "properties": { "id": 321 }, "geometry": { "type": "Point", "coordinates": [ 5.885419, 49.118226 ] } },
{ "type": "Feature", "properties": { "id": 322 }, "geometry": { "type": "Point", "coordinates": [ 7.327815, 48.847849 ] } },
{ "type": "Feature", "properties": { "id": 323 }, "geometry": { "type": "Point", "coordinates": [ 6.258279, 49.316722 ] } },
{ "type": "Feature", "properties": { "id": 324 }, "geometry": { "type": "Point", "coordinates": [ 6.340285, 49.061523 ] } },
{ "type": "Feature", "properties": { "id": 325 }, "geometry": { "type": "Point", "coordinates": [ 6.704402, 48.522236 ] } },
{ "type": "Feature", "properties": { "id": 326 }, "geometry": { "type": "Point", "coordinates": [ 7.293408, 48.904613 ] } },
{ "type": "Feature", "properties": { "id": 327 }, "geometry": { "type": "Point", "coordinates": [ 5.962876, 48.951116 ] } },
{ "type": "Feature", "properties": { "id": 328 }, "geometry": { "type": "Point", "coordinates": [ 6.215959, 49.018952 ] } },
{ "type": "Feature", "properties": { "id": 329 }, "geometry": { "type": "Point", "coordinates": [ 6.079514, 49.205384 ] } },
{ "type": "Feature", "properties": { "id": 330 }, "geometry": { "type": "Point", "coordinates": [ 6.479052, 49.175026 ] } },
{ "type": "Feature", "properties": { "id": 331 }, "geometry": { "type": "Point", "coordinates": [ 6.679136, 49.008738 ] } },
{ "type": "Feature", "properties": { "id": 332 }, "geometry": { "type": "Point", "coordinates": [ 6.243589, 48.929208 ] } },
{ "type": "Feature", "properties": { "id": 333 }, "geometry": { "type": "Point", "coordinates": [ 6.00154, 49.121297 ] } },
{ "type": "Feature", "properties": { "id": 334 }, "geometry": { "type": "Point", "coordinates": [ 6.826849, 48.902569 ] } },
{ "type": "Feature", "properties": { "id": 335 }, "geometry": { "type": "Point", "coordinates": [ 6.319062, 48.69153 ] } },
{ "type": "Feature", "properties": { "id": 336 }, "geometry": { "type": "Point", "coordinates": [ 5.997271, 48.594066 ] } },
{ "type": "Feature", "properties": { "id": 337 }, "geometry": { "type": "Point", "coordinates": [ 6.945981, 48.926025 ] } },
{ "type": "Feature", "properties": { "id": 338 }, "geometry": { "type": "Point", "coordinates": [ 6.105301, 48.669103 ] } },
{ "type": "Feature", "properties": { "id": 339 }, "geometry": { "type": "Point", "coordinates": [ 7.220149, 48.705266 ] } },
{ "type": "Feature", "properties": { "id": 340 }, "geometry": { "type": "Point", "coordinates": [ 6.850221, 49.28346 ] } },
{ "type": "Feature", "properties": { "id": 341 }, "geometry": { "type": "Point", "coordinates": [ 6.006726, 48.525662 ] } },
{ "type": "Feature", "properties": { "id": 342 }, "geometry": { "type": "Point", "coordinates": [ 6.200116, 49.04938 ] } },
{ "type": "Feature", "properties": { "id": 343 }, "geometry": { "type": "Point", "coordinates": [ 7.260471, 49.397878 ] } },
{ "type": "Feature", "properties": { "id": 344 }, "geometry": { "type": "Point", "coordinates": [ 7.198087, 49.294221 ] } },
{ "type": "Feature", "properties": { "id": 345 }, "geometry": { "type": "Point", "coordinates": [ 5.94936, 49.203728 ] } },
{ "type": "Feature", "properties": { "id": 346 }, "geometry": { "type": "Point", "coordinates": [ 6.550248, 49.109011 ] } },
{ "type": "Feature", "properties": { "id": 347 }, "geometry": { "type": "Point", "coordinates": [ 6.328883, 49.30563 ] } },
{ "type": "Feature", "properties": { "id": 348 }, "geometry": { "type": "Point", "coordinates": [ 6.395691, 48.814978 ] } },
{ "type": "Feature", "properties": { "id": 349 }, "geometry": { "type": "Point", "coordinates": [ 6.938158, 49.384202 ] } },
{ "type": "Feature", "properties": { "id": 350 }, "geometry": { "type": "Point", "coordinates": [ 5.84249, 49.110105 ] } },
{ "type": "Feature", "properties": { "id": 351 }, "geometry": { "type": "Point", "coordinates": [ 6.34024, 48.722058 ] } },
{ "type": "Feature", "properties": { "id": 352 }, "geometry": { "type": "Point", "coordinates": [ 6.011947, 49.117194 ] } },
{ "type": "Feature", "properties": { "id": 353 }, "geometry": { "type": "Point", "coordinates": [ 6.444766, 48.793747 ] } },
{ "type": "Feature", "properties": { "id": 354 }, "geometry": { "type": "Point", "coordinates": [ 6.28353, 48.682394 ] } },
{ "type": "Feature", "properties": { "id": 355 }, "geometry": { "type": "Point", "coordinates": [ 6.023706, 48.94089 ] } },
{ "type": "Feature", "properties": { "id": 356 }, "geometry": { "type": "Point", "coordinates": [ 6.285787, 48.597365 ] } },
{ "type": "Feature", "properties": { "id": 357 }, "geometry": { "type": "Point", "coordinates": [ 6.778754, 48.931861 ] } },
{ "type": "Feature", "properties": { "id": 358 }, "geometry": { "type": "Point", "coordinates": [ 6.037001, 49.364563 ] } },
{ "type": "Feature", "properties": { "id": 359 }, "geometry": { "type": "Point", "coordinates": [ 6.471648, 48.616818 ] } },
{ "type": "Feature", "properties": { "id": 360 }, "geometry": { "type": "Point", "coordinates": [ 7.034027, 48.866592 ] } },
{ "type": "Feature", "properties": { "id": 361 }, "geometry": { "type": "Point", "coordinates": [ 7.112622, 49.145047 ] } },
{ "type": "Feature", "properties": { "id": 362 }, "geometry": { "type": "Point", "coordinates": [ 6.325617, 48.650003 ] } },
{ "type": "Feature", "properties": { "id": 363 }, "geometry": { "type": "Point", "coordinates": [ 6.109066, 48.990457 ] } },
{ "type": "Feature", "properties": { "id": 364 }, "geometry": { "type": "Point", "coordinates": [ 7.298917, 49.006933 ] } },
{ "type": "Feature", "properties": { "id": 365 }, "geometry": { "type": "Point", "coordinates": [ 7.14483, 49.373685 ] } },
{ "type": "Feature", "properties": { "id": 366 }, "geometry": { "type": "Point", "coordinates": [ 7.066751, 48.91474 ] } },
{ "type": "Feature", "properties": { "id": 367 }, "geometry": { "type": "Point", "coordinates": [ 7.025181, 49.37326 ] } },
{ "type": "Feature", "properties": { "id": 368 }, "geometry": { "type": "Point", "coordinates": [ 7.196967, 48.73326 ] } },
{ "type": "Feature", "properties": { "id": 369 }, "geometry": { "type": "Point", "coordinates": [ 6.15716, 48.903149 ] } },
{ "type": "Feature", "properties": { "id": 370 }, "geometry": { "type": "Point", "coordinates": [ 6.192945, 49.22211 ] } },
{ "type": "Feature", "properties": { "id": 371 }, "geometry": { "type": "Point", "coordinates": [ 5.90562, 49.069695 ] } },
{ "type": "Feature", "properties": { "id": 372 }, "geometry": { "type": "Point", "coordinates": [ 6.857318, 48.615163 ] } },
{ "type": "Feature", "properties": { "id": 373 }, "geometry": { "type": "Point", "coordinates": [ 6.289105, 49.401011 ] } },
{ "type": "Feature", "properties": { "id": 374 }, "geometry": { "type": "Point", "coordinates": [ 6.076267, 48.542503 ] } },
{ "type": "Feature", "properties": { "id": 375 }, "geometry": { "type": "Point", "coordinates": [ 7.093908, 48.852137 ] } },
{ "type": "Feature", "properties": { "id": 376 }, "geometry": { "type": "Point", "coordinates": [ 6.244914, 48.932929 ] } },
{ "type": "Feature", "properties": { "id": 377 }, "geometry": { "type": "Point", "coordinates": [ 6.62169, 49.38742 ] } },
{ "type": "Feature", "properties": { "id": 378 }, "geometry": { "type": "Point", "coordinates": [ 6.37673, 48.738289 ] } },
{ "type": "Feature", "properties": { "id": 379 }, "geometry": { "type": "Point", "coordinates": [ 6.818328, 49.361133 ] } },
{ "type": "Feature", "properties": { "id": 380 }, "geometry": { "type": "Point", "coordinates": [ 7.199345, 49.336283 ] } },
{ "type": "Feature", "properties": { "id": 381 }, "geometry": { "type": "Point", "coordinates": [ 7.231999, 49.010125 ] } },
{ "type": "Feature", "properties": { "id": 382 }, "geometry": { "type": "Point", "coordinates": [ 5.893272, 48.675388 ] } },
{ "type": "Feature", "properties": { "id": 383 }, "geometry": { "type": "Point", "coordinates": [ 7.044679, 48.566954 ] } },
{ "type": "Feature", "properties": { "id": 384 }, "geometry": { "type": "Point", "coordinates": [ 6.400295, 48.813534 ] } },
{ "type": "Feature", "properties": { "id": 385 }, "geometry": { "type": "Point", "coordinates": [ 6.77796, 49.10346 ] } },
{ "type": "Feature", "properties": { "id": 386 }, "geometry": { "type": "Point", "coordinates": [ 6.136248, 48.777059 ] } },
{ "type": "Feature", "properties": { "id": 387 }, "geometry": { "type": "Point", "coordinates": [ 7.057911, 49.182058 ] } },
{ "type": "Feature", "properties": { "id": 388 }, "geometry": { "type": "Point", "coordinates": [ 6.513847, 48.925695 ] } },
{ "type": "Feature", "properties": { "id": 389 }, "geometry": { "type": "Point", "coordinates": [ 6.054874, 49.083233 ] } },
{ "type": "Feature", "properties": { "id": 390 }, "geometry": { "type": "Point", "coordinates": [ 7.075942, 48.773178 ] } },
{ "type": "Feature", "properties": { "id": 391 }, "geometry": { "type": "Point", "coordinates": [ 5.943344, 48.858599 ] } },
{ "type": "Feature", "properties": { "id": 392 }, "geometry": { "type": "Point", "coordinates": [ 5.926219, 48.880857 ] } },
{ "type": "Feature", "properties": { "id": 393 }, "geometry": { "type": "Point", "coordinates": [ 5.944428, 48.573633 ] } },
{ "type": "Feature", "properties": { "id": 394 }, "geometry": { "type": "Point", "coordinates": [ 6.795759, 49.393505 ] } },
{ "type": "Feature", "properties": { "id": 395 }, "geometry": { "type": "Point", "coordinates": [ 7.024199, 48.657938 ] } },
{ "type": "Feature", "properties": { "id": 396 }, "geometry": { "type": "Point", "coordinates": [ 6.770215, 48.908365 ] } },
{ "type": "Feature", "properties": { "id": 397 }, "geometry": { "type": "Point", "coordinates": [ 7.009724, 48.652988 ] } },
{ "type": "Feature", "properties": { "id": 398 }, "geometry": { "type": "Point", "coordinates": [ 7.123946, 48.769521 ] } },
{ "type": "Feature", "properties": { "id": 399 }, "geometry": { "type": "Point", "coordinates": [ 7.226801, 49.093811 ] } },
{ "type": "Feature", "properties": { "id": 400 }, "geometry": { "type": "Point", "coordinates": [ 6.815103, 48.789038 ] } },
{ "type": "Feature", "properties": { "id": 401 }, "geometry": { "type": "Point", "coordinates": [ 6.814772, 48.628678 ] } },
{ "type": "Feature", "properties": { "id": 402 }, "geometry": { "type": "Point", "coordinates": [ 6.08212, 48.530314 ] } },
{ "type": "Feature", "properties": { "id": 403 }, "geometry": { "type": "Point", "coordinates": [ 6.10373, 49.049706 ] } },
{ "type": "Feature", "properties": { "id": 404 }, "geometry": { "type": "Point", "coordinates": [ 6.487487, 49.347974 ] } },
{ "type": "Feature", "properties": { "id": 405 }, "geometry": { "type": "Point", "coordinates": [ 7.028625, 49.324767 ] } },
{ "type": "Feature", "properties": { "id": 406 }, "geometry": { "type": "Point", "coordinates": [ 6.857405, 49.08338 ] } },
{ "type": "Feature", "properties": { "id": 407 }, "geometry": { "type": "Point", "coordinates": [ 5.806175, 48.519895 ] } },
{ "type": "Feature", "properties": { "id": 408 }, "geometry": { "type": "Point", "coordinates": [ 6.42762, 49.346506 ] } },
{ "type": "Feature", "properties": { "id": 409 }, "geometry": { "type": "Point", "coordinates": [ 7.308785, 48.98391 ] } },
{ "type": "Feature", "properties": { "id": 410 }, "geometry": { "type": "Point", "coordinates": [ 6.173405, 49.38094 ] } },
{ "type": "Feature", "properties": { "id": 411 }, "geometry": { "type": "Point", "coordinates": [ 6.119018, 48.522949 ] } },
{ "type": "Feature", "properties": { "id": 412 }, "geometry": { "type": "Point", "coordinates": [ 6.659232, 49.107489 ] } },
{ "type": "Feature", "properties": { "id": 413 }, "geometry": { "type": "Point", "coordinates": [ 6.600263, 49.026573 ] } },
{ "type": "Feature", "properties": { "id": 414 }, "geometry": { "type": "Point", "coordinates": [ 6.456376, 49.023556 ] } },
{ "type": "Feature", "properties": { "id": 415 }, "geometry": { "type": "Point", "coordinates": [ 6.297071, 48.533295 ] } },
{ "type": "Feature", "properties": { "id": 416 }, "geometry": { "type": "Point", "coordinates": [ 5.862677, 49.311574 ] } },
{ "type": "Feature", "properties": { "id": 417 }, "geometry": { "type": "Point", "coordinates": [ 6.616889, 48.885721 ] } },
{ "type": "Feature", "properties": { "id": 418 }, "geometry": { "type": "Point", "coordinates": [ 6.217907, 49.252356 ] } },
{ "type": "Feature", "properties": { "id": 419 }, "geometry": { "type": "Point", "coordinates": [ 5.77827, 49.153168 ] } },
{ "type": "Feature", "properties": { "id": 420 }, "geometry": { "type": "Point", "coordinates": [ 5.949018, 48.653084 ] } },
{ "type": "Feature", "properties": { "id": 421 }, "geometry": { "type": "Point", "coordinates": [ 5.787781, 49.375926 ] } },
{ "type": "Feature", "properties": { "id": 422 }, "geometry": { "type": "Point", "coordinates": [ 6.737211, 48.963355 ] } },
{ "type": "Feature", "properties": { "id": 423 }, "geometry": { "type": "Point", "coordinates": [ 7.190942, 48.941021 ] } },
{ "type": "Feature", "properties": { "id": 424 }, "geometry": { "type": "Point", "coordinates": [ 7.311254, 48.640781 ] } },
{ "type": "Feature", "properties": { "id": 425 }, "geometry": { "type": "Point", "coordinates": [ 6.713091, 49.177288 ] } },
{ "type": "Feature", "properties": { "id": 426 }, "geometry": { "type": "Point", "coordinates": [ 6.621854, 49.18498 ] } },
{ "type": "Feature", "properties": { "id": 427 }, "geometry": { "type": "Point", "coordinates": [ 6.833703, 49.234127 ] } },
{ "type": "Feature", "properties": { "id": 428 }, "geometry": { "type": "Point", "coordinates": [ 7.263827, 49.106487 ] } },
{ "type": "Feature", "properties": { "id": 429 }, "geometry": { "type": "Point", "coordinates": [ 6.827602, 49.372399 ] } },
{ "type": "Feature", "properties": { "id": 430 }, "geometry": { "type": "Point", "coordinates": [ 6.442678, 48.926198 ] } },
{ "type": "Feature", "properties": { "id": 431 }, "geometry": { "type": "Point", "coordinates": [ 5.761203, 48.539745 ] } },
{ "type": "Feature", "properties": { "id": 432 }, "geometry": { "type": "Point", "coordinates": [ 5.998628, 49.308409 ] } },
{ "type": "Feature", "properties": { "id": 433 }, "geometry": { "type": "Point", "coordinates": [ 5.898396, 49.317839 ] } },
{ "type": "Feature", "properties": { "id": 434 }, "geometry": { "type": "Point", "coordinates": [ 7.349024, 49.380694 ] } },
{ "type": "Feature", "properties": { "id": 435 }, "geometry": { "type": "Point", "coordinates": [ 6.983561, 49.106807 ] } },
{ "type": "Feature", "properties": { "id": 436 }, "geometry": { "type": "Point", "coordinates": [ 7.287768, 49.214784 ] } },
{ "type": "Feature", "properties": { "id": 437 }, "geometry": { "type": "Point", "coordinates": [ 6.580921, 48.731993 ] } },
{ "type": "Feature", "properties": { "id": 438 }, "geometry": { "type": "Point", "coordinates": [ 5.828043, 48.699762 ] } },
{ "type": "Feature", "properties": { "id": 439 }, "geometry": { "type": "Point", "coordinates": [ 5.990946, 49.233396 ] } },
{ "type": "Feature", "properties": { "id": 440 }, "geometry": { "type": "Point", "coordinates": [ 5.94871, 49.199224 ] } },
{ "type": "Feature", "properties": { "id": 441 }, "geometry": { "type": "Point", "coordinates": [ 6.110701, 48.980593 ] } },
{ "type": "Feature", "properties": { "id": 442 }, "geometry": { "type": "Point", "coordinates": [ 6.530033, 49.055197 ] } },
{ "type": "Feature", "properties": { "id": 443 }, "geometry": { "type": "Point", "coordinates": [ 5.824168, 48.785689 ] } },
{ "type": "Feature", "properties": { "id": 444 }, "geometry": { "type": "Point", "coordinates": [ 6.800202, 49.158841 ] } },
{ "type": "Feature", "properties": { "id": 445 }, "geometry": { "type": "Point", "coordinates": [ 6.093175, 48.954698 ] } },
{ "type": "Feature", "properties": { "id": 446 }, "geometry": { "type": "Point", "coordinates": [ 7.110592, 49.034539 ] } },
{ "type": "Feature", "properties": { "id": 447 }, "geometry": { "type": "Point", "coordinates": [ 6.048647, 48.761033 ] } },
{ "type": "Feature", "properties": { "id": 448 }, "geometry": { "type": "Point", "coordinates": [ 6.028297, 48.823109 ] } },
{ "type": "Feature", "properties": { "id": 449 }, "geometry": { "type": "Point", "coordinates": [ 6.982605, 48.765295 ] } },
{ "type": "Feature", "properties": { "id": 450 }, "geometry": { "type": "Point", "coordinates": [ 6.615713, 49.188502 ] } },
{ "type": "Feature", "properties": { "id": 451 }, "geometry": { "type": "Point", "coordinates": [ 5.842649, 48.861047 ] } },
{ "type": "Feature", "properties": { "id": 452 }, "geometry": { "type": "Point", "coordinates": [ 6.025448, 48.645969 ] } },
{ "type": "Feature", "properties": { "id": 453 }, "geometry": { "type": "Point", "coordinates": [ 5.76048, 48.511063 ] } },
{ "type": "Feature", "properties": { "id": 454 }, "geometry": { "type": "Point", "coordinates": [ 6.123503, 49.329001 ] } },
{ "type": "Feature", "properties": { "id": 455 }, "geometry": { "type": "Point", "coordinates": [ 6.339891, 48.809958 ] } },
{ "type": "Feature", "properties": { "id": 456 }, "geometry": { "type": "Point", "coordinates": [ 6.320153, 48.867743 ] } },
{ "type": "Feature", "properties": { "id": 457 }, "geometry": { "type": "Point", "coordinates": [ 5.7915, 49.099063 ] } },
{ "type": "Feature", "properties": { "id": 458 }, "geometry": { "type": "Point", "coordinates": [ 6.314501, 49.068077 ] } },
{ "type": "Feature", "properties": { "id": 459 }, "geometry": { "type": "Point", "coordinates": [ 6.348502, 48.515945 ] } },
{ "type": "Feature", "properties": { "id": 460 }, "geometry": { "type": "Point", "coordinates": [ 7.018408, 48.739187 ] } },
{ "type": "Feature", "properties": { "id": 461 }, "geometry": { "type": "Point", "coordinates": [ 7.042378, 48.523273 ] } },
{ "type": "Feature", "properties": { "id": 462 }, "geometry": { "type": "Point", "coordinates": [ 6.217823, 48.551575 ] } },
{ "type": "Feature", "properties": { "id": 463 }, "geometry": { "type": "Point", "coordinates": [ 5.81853, 49.388761 ] } },
{ "type": "Feature", "properties": { "id": 464 }, "geometry": { "type": "Point", "coordinates": [ 6.119374, 49.27835 ] } },
{ "type": "Feature", "properties": { "id": 465 }, "geometry": { "type": "Point", "coordinates": [ 7.073282, 49.250443 ] } },
{ "type": "Feature", "properties": { "id": 466 }, "geometry": { "type": "Point", "coordinates": [ 6.285553, 48.776318 ] } },
{ "type": "Feature", "properties": { "id": 467 }, "geometry": { "type": "Point", "coordinates": [ 6.126799, 48.529186 ] } },
{ "type": "Feature", "properties": { "id": 468 }, "geometry": { "type": "Point", "coordinates": [ 5.874891, 48.585715 ] } },
{ "type": "Feature", "properties": { "id": 469 }, "geometry": { "type": "Point", "coordinates": [ 6.376709, 48.517292 ] } },
{ "type": "Feature", "properties": { "id": 470 }, "geometry": { "type": "Point", "coordinates": [ 7.265291, 48.942122 ] } },
{ "type": "Feature", "properties": { "id": 471 }, "geometry": { "type": "Point", "coordinates": [ 6.128316, 49.09058 ] } },
{ "type": "Feature", "properties": { "id": 472 }, "geometry": { "type": "Point", "coordinates": [ 6.927047, 48.79498 ] } },
{ "type": "Feature", "properties": { "id": 473 }, "geometry": { "type": "Point", "coordinates": [ 6.120146, 49.189323 ] } },
{ "type": "Feature", "properties": { "id": 474 }, "geometry": { "type": "Point", "coordinates": [ 6.893485, 49.042218 ] } },
{ "type": "Feature", "properties": { "id": 475 }, "geometry": { "type": "Point", "coordinates": [ 6.144918, 48.660867 ] } },
{ "type": "Feature", "properties": { "id": 476 }, "geometry": { "type": "Point", "coordinates": [ 6.613683, 48.753291 ] } },
{ "type": "Feature", "properties": { "id": 477 }, "geometry": { "type": "Point", "coordinates": [ 6.356761, 49.370162 ] } },
{ "type": "Feature", "properties": { "id": 478 }, "geometry": { "type": "Point", "coordinates": [ 5.766251, 48.618057 ] } },
{ "type": "Feature", "properties": { "id": 479 }, "geometry": { "type": "Point", "coordinates": [ 7.005388, 49.299801 ] } },
{ "type": "Feature", "properties": { "id": 480 }, "geometry": { "type": "Point", "coordinates": [ 6.295591, 49.358371 ] } },
{ "type": "Feature", "properties": { "id": 481 }, "geometry": { "type": "Point", "coordinates": [ 6.009628, 48.715635 ] } },
{ "type": "Feature", "properties": { "id": 482 }, "geometry": { "type": "Point", "coordinates": [ 6.120504, 48.660843 ] } },
{ "type": "Feature", "properties": { "id": 483 }, "geometry": { "type": "Point", "coordinates": [ 6.455449, 48.983868 ] } },
{ "type": "Feature", "properties": { "id": 484 }, "geometry": { "type": "Point", "coordinates": [ 7.021698, 48.943723 ] } },
{ "type": "Feature", "properties": { "id": 485 }, "geometry": { "type": "Point", "coordinates": [ 6.916209, 49.241404 ] } },
{ "type": "Feature", "properties": { "id": 486 }, "geometry": { "type": "Point", "coordinates": [ 6.889394, 48.735654 ] } },
{ "type": "Feature", "properties": { "id": 487 }, "geometry": { "type": "Point", "coordinates": [ 7.347883, 48.794222 ] } },
{ "type": "Feature", "properties": { "id": 488 }, "geometry": { "type": "Point", "coordinates": [ 7.30452, 48.539193 ] } },
{ "type": "Feature", "properties": { "id": 489 }, "geometry": { "type": "Point", "coordinates": [ 6.180625, 48.85715 ] } },
{ "type": "Feature", "properties": { "id": 490 }, "geometry": { "type": "Point", "coordinates": [ 5.928814, 49.099243 ] } },
{ "type": "Feature", "properties": { "id": 491 }, "geometry": { "type": "Point", "coordinates": [ 6.521532, 48.788176 ] } },
{ "type": "Feature", "properties": { "id": 492 }, "geometry": { "type": "Point", "coordinates": [ 7.181889, 48.914059 ] } },
{ "type": "Feature", "properties": { "id": 493 }, "geometry": { "type": "Point", "coordinates": [ 5.865912, 48.820671 ] } },
{ "type": "Feature", "properties": { "id": 494 }, "geometry": { "type": "Point", "coordinates": [ 6.870946, 49.008257 ] } },
{ "type": "Feature", "properties": { "id": 495 }, "geometry": { "type": "Point", "coordinates": [ 5.763785, 48.529467 ] } },
{ "type": "Feature", "properties": { "id": 496 }, "geometry": { "type": "Point", "coordinates": [ 7.295, 48.860697 ] } },
{ "type": "Feature", "properties": { "id": 497 }, "geometry": { "type": "Point", "coordinates": [ 6.374173, 49.011833 ] } },
{ "type": "Feature", "properties": { "id": 498 }, "geometry": { "type": "Point", "coordinates": [ 6.238199, 48.528747 ] } },
{ "type": "Feature", "properties": { "id": 499 }, "geometry": { "type": "Point", "coordinates": [ 6.336446, 48.756184 ] } },
{ "type": "Feature", "properties": { "id": 500 }, "geometry": { "type": "Point", "coordinates": [ 6.482401, 49.211085 ] } },
{ "type": "Feature", "properties": { "id": 501 }, "geometry": { "type": "Point", "coordinates": [ 6.933215, 49.375627 ] } },
{ "type": "Feature", "properties": { "id": 502 }, "geometry": { "type": "Point", "coordinates": [ 6.88782, 49.339597 ] } },
{ "type": "Feature", "properties": { "id": 503 }, "geometry": { "type": "Point", "coordinates": [ 5.927943, 48.738897 ] } },
{ "type": "Feature", "properties": { "id": 504 }, "geometry": { "type": "Point", "coordinates": [ 6.775072, 48.74499 ] } },
{ "type": "Feature", "properties": { "id": 505 }, "geometry": { "type": "Point", "coordinates": [ 5.97845, 49.184083 ] } },
{ "type": "Feature", "properties": { "id": 506 }, "geometry": { "type": "Point", "coordinates": [ 6.635998, 49.301061 ] } },
{ "type": "Feature", "properties": { "id": 507 }, "geometry": { "type": "Point", "coordinates": [ 6.735598, 48.770856 ] } },
{ "type": "Feature", "properties": { "id": 508 }, "geometry": { "type": "Point", "coordinates": [ 7.270643, 48.838115 ] } },
{ "type": "Feature", "properties": { "id": 509 }, "geometry": { "type": "Point", "coordinates": [ 5.752558, 49.326557 ] } },
{ "type": "Feature", "properties": { "id": 510 }, "geometry": { "type": "Point", "coordinates": [ 6.87526, 49.100007 ] } },
{ "type": "Feature", "properties": { "id": 511 }, "geometry": { "type": "Point", "coordinates": [ 6.316401, 48.6737 ] } },
{ "type": "Feature", "properties": { "id": 512 }, "geometry": { "type": "Point", "coordinates": [ 6.371838, 49.025578 ] } },
{ "type": "Feature", "properties": { "id": 513 }, "geometry": { "type": "Point", "coordinates": [ 6.32328, 48.779551 ] } },
{ "type": "Feature", "properties": { "id": 514 }, "geometry": { "type": "Point", "coordinates": [ 7.156536, 48.738854 ] } },
{ "type": "Feature", "properties": { "id": 515 }, "geometry": { "type": "Point", "coordinates": [ 6.941471, 48.863674 ] } },
{ "type": "Feature", "properties": { "id": 516 }, "geometry": { "type": "Point", "coordinates": [ 6.924869, 49.018338 ] } },
{ "type": "Feature", "properties": { "id": 517 }, "geometry": { "type": "Point", "coordinates": [ 7.171578, 48.913261 ] } },
{ "type": "Feature", "properties": { "id": 518 }, "geometry": { "type": "Point", "coordinates": [ 5.855774, 48.979975 ] } },
{ "type": "Feature", "properties": { "id": 519 }, "geometry": { "type": "Point", "coordinates": [ 7.32421, 48.960825 ] } },
{ "type": "Feature", "properties": { "id": 520 }, "geometry": { "type": "Point", "coordinates": [ 6.058378, 48.75098 ] } },
{ "type": "Feature", "properties": { "id": 521 }, "geometry": { "type": "Point", "coordinates": [ 5.898984, 48.75268 ] } },
{ "type": "Feature", "properties": { "id": 522 }, "geometry": { "type": "Point", "coordinates": [ 7.344231, 48.967303 ] } },
{ "type": "Feature", "properties": { "id": 523 }, "geometry": { "type": "Point", "coordinates": [ 7.11829, 49.275034 ] } },
{ "type": "Feature", "properties": { "id": 524 }, "geometry": { "type": "Point", "coordinates": [ 6.197121, 48.844269 ] } },
{ "type": "Feature", "properties": { "id": 525 }, "geometry": { "type": "Point", "coordinates": [ 6.441389, 48.717291 ] } },
{ "type": "Feature", "properties": { "id": 526 }, "geometry": { "type": "Point", "coordinates": [ 6.342091, 49.044048 ] } },
{ "type": "Feature", "properties": { "id": 527 }, "geometry": { "type": "Point", "coordinates": [ 7.184339, 48.580112 ] } },
{ "type": "Feature", "properties": { "id": 528 }, "geometry": { "type": "Point", "coordinates": [ 6.385668, 48.8641 ] } },
{ "type": "Feature", "properties": { "id": 529 }, "geometry": { "type": "Point", "coordinates": [ 5.902064, 49.111863 ] } },
{ "type": "Feature", "properties": { "id": 530 }, "geometry": { "type": "Point", "coordinates": [ 5.790864, 48.810423 ] } },
{ "type": "Feature", "properties": { "id": 531 }, "geometry": { "type": "Point", "coordinates": [ 6.017867, 48.917398 ] } },
{ "type": "Feature", "properties": { "id": 532 }, "geometry": { "type": "Point", "coordinates": [ 6.338614, 48.698634 ] } },
{ "type": "Feature", "properties": { "id": 533 }, "geometry": { "type": "Point", "coordinates": [ 6.360765, 48.671952 ] } },
{ "type": "Feature", "properties": { "id": 534 }, "geometry": { "type": "Point", "coordinates": [ 5.851555, 48.691883 ] } },
{ "type": "Feature", "properties": { "id": 535 }, "geometry": { "type": "Point", "coordinates": [ 6.442778, 48.576155 ] } },
{ "type": "Feature", "properties": { "id": 536 }, "geometry": { "type": "Point", "coordinates": [ 7.115264, 48.616617 ] } },
{ "type": "Feature", "properties": { "id": 537 }, "geometry": { "type": "Point", "coordinates": [ 6.420109, 48.914621 ] } },
{ "type": "Feature", "properties": { "id": 538 }, "geometry": { "type": "Point", "coordinates": [ 7.190036, 48.723679 ] } },
{ "type": "Feature", "properties": { "id": 539 }, "geometry": { "type": "Point", "coordinates": [ 6.520852, 48.599399 ] } },
{ "type": "Feature", "properties": { "id": 540 }, "geometry": { "type": "Point", "coordinates": [ 6.574756, 48.805266 ] } },
{ "type": "Feature", "properties": { "id": 541 }, "geometry": { "type": "Point", "coordinates": [ 5.976132, 49.184171 ] } },
{ "type": "Feature", "properties": { "id": 542 }, "geometry": { "type": "Point", "coordinates": [ 6.954559, 48.654573 ] } },
{ "type": "Feature", "properties": { "id": 543 }, "geometry": { "type": "Point", "coordinates": [ 7.150852, 49.00414 ] } },
{ "type": "Feature", "properties": { "id": 544 }, "geometry": { "type": "Point", "coordinates": [ 5.830376, 48.621264 ] } },
{ "type": "Feature", "properties": { "id": 545 }, "geometry": { "type": "Point", "coordinates": [ 6.728532, 48.805385 ] } },
{ "type": "Feature", "properties": { "id": 546 }, "geometry": { "type": "Point", "coordinates": [ 6.240384, 48.77742 ] } },
{ "type": "Feature", "properties": { "id": 547 }, "geometry": { "type": "Point", "coordinates": [ 6.374815, 49.082674 ] } },
{ "type": "Feature", "properties": { "id": 548 }, "geometry": { "type": "Point", "coordinates": [ 6.30979, 48.786622 ] } },
{ "type": "Feature", "properties": { "id": 549 }, "geometry": { "type": "Point", "coordinates": [ 6.776238, 48.550274 ] } },
{ "type": "Feature", "properties": { "id": 550 }, "geometry": { "type": "Point", "coordinates": [ 6.548232, 49.215809 ] } },
{ "type": "Feature", "properties": { "id": 551 }, "geometry": { "type": "Point", "coordinates": [ 6.017422, 49.125876 ] } },
{ "type": "Feature", "properties": { "id": 552 }, "geometry": { "type": "Point", "coordinates": [ 5.912525, 48.762672 ] } },
{ "type": "Feature", "properties": { "id": 553 }, "geometry": { "type": "Point", "coordinates": [ 6.114648, 49.354333 ] } },
{ "type": "Feature", "properties": { "id": 554 }, "geometry": { "type": "Point", "coordinates": [ 6.792125, 49.274956 ] } },
{ "type": "Feature", "properties": { "id": 555 }, "geometry": { "type": "Point", "coordinates": [ 6.086676, 48.612995 ] } },
{ "type": "Feature", "properties": { "id": 556 }, "geometry": { "type": "Point", "coordinates": [ 7.186086, 48.959345 ] } },
{ "type": "Feature", "properties": { "id": 557 }, "geometry": { "type": "Point", "coordinates": [ 6.75235, 49.21122 ] } },
{ "type": "Feature", "properties": { "id": 558 }, "geometry": { "type": "Point", "coordinates": [ 6.673021, 49.047244 ] } },
{ "type": "Feature", "properties": { "id": 559 }, "geometry": { "type": "Point", "coordinates": [ 5.969636, 49.263552 ] } },
{ "type": "Feature", "properties": { "id": 560 }, "geometry": { "type": "Point", "coordinates": [ 6.048965, 49.145969 ] } },
{ "type": "Feature", "properties": { "id": 561 }, "geometry": { "type": "Point", "coordinates": [ 6.116284, 48.518001 ] } },
{ "type": "Feature", "properties": { "id": 562 }, "geometry": { "type": "Point", "coordinates": [ 6.496641, 48.525248 ] } },
{ "type": "Feature", "properties": { "id": 563 }, "geometry": { "type": "Point", "coordinates": [ 6.144825, 49.043824 ] } },
{ "type": "Feature", "properties": { "id": 564 }, "geometry": { "type": "Point", "coordinates": [ 5.821687, 48.568967 ] } },
{ "type": "Feature", "properties": { "id": 565 }, "geometry": { "type": "Point", "coordinates": [ 6.679331, 49.011198 ] } },
{ "type": "Feature", "properties": { "id": 566 }, "geometry": { "type": "Point", "coordinates": [ 6.458314, 48.765353 ] } },
{ "type": "Feature", "properties": { "id": 567 }, "geometry": { "type": "Point", "coordinates": [ 6.372852, 48.713886 ] } },
{ "type": "Feature", "properties": { "id": 568 }, "geometry": { "type": "Point", "coordinates": [ 7.187055, 48.516721 ] } },
{ "type": "Feature", "properties": { "id": 569 }, "geometry": { "type": "Point", "coordinates": [ 6.646449, 48.737108 ] } },
{ "type": "Feature", "properties": { "id": 570 }, "geometry": { "type": "Point", "coordinates": [ 6.277288, 49.323611 ] } },
{ "type": "Feature", "properties": { "id": 571 }, "geometry": { "type": "Point", "coordinates": [ 6.575431, 49.114791 ] } },
{ "type": "Feature", "properties": { "id": 572 }, "geometry": { "type": "Point", "coordinates": [ 5.795103, 49.202437 ] } },
{ "type": "Feature", "properties": { "id": 573 }, "geometry": { "type": "Point", "coordinates": [ 6.359103, 48.963403 ] } },
{ "type": "Feature", "properties": { "id": 574 }, "geometry": { "type": "Point", "coordinates": [ 6.511336, 48.646167 ] } },
{ "type": "Feature", "properties": { "id": 575 }, "geometry": { "type": "Point", "coordinates": [ 6.676811, 48.545668 ] } },
{ "type": "Feature", "properties": { "id": 576 }, "geometry": { "type": "Point", "coordinates": [ 6.355645, 49.273064 ] } },
{ "type": "Feature", "properties": { "id": 577 }, "geometry": { "type": "Point", "coordinates": [ 5.830995, 48.785827 ] } },
{ "type": "Feature", "properties": { "id": 578 }, "geometry": { "type": "Point", "coordinates": [ 7.256152, 48.795782 ] } },
{ "type": "Feature", "properties": { "id": 579 }, "geometry": { "type": "Point", "coordinates": [ 7.06636, 49.003807 ] } },
{ "type": "Feature", "properties": { "id": 580 }, "geometry": { "type": "Point", "coordinates": [ 5.884354, 48.583841 ] } },
{ "type": "Feature", "properties": { "id": 581 }, "geometry": { "type": "Point", "coordinates": [ 6.941575, 48.702442 ] } },
{ "type": "Feature", "properties": { "id": 582 }, "geometry": { "type": "Point", "coordinates": [ 7.117085, 49.130097 ] } },
{ "type": "Feature", "properties": { "id": 583 }, "geometry": { "type": "Point", "coordinates": [ 6.204041, 48.833572 ] } },
{ "type": "Feature", "properties": { "id": 584 }, "geometry": { "type": "Point", "coordinates": [ 6.447062, 49.211678 ] } },
{ "type": "Feature", "properties": { "id": 585 }, "geometry": { "type": "Point", "coordinates": [ 6.132523, 49.292495 ] } },
{ "type": "Feature", "properties": { "id": 586 }, "geometry": { "type": "Point", "coordinates": [ 6.737997, 49.286252 ] } },
{ "type": "Feature", "properties": { "id": 587 }, "geometry": { "type": "Point", "coordinates": [ 6.366939, 49.049091 ] } },
{ "type": "Feature", "properties": { "id": 588 }, "geometry": { "type": "Point", "coordinates": [ 5.852237, 49.273797 ] } },
{ "type": "Feature", "properties": { "id": 589 }, "geometry": { "type": "Point", "coordinates": [ 5.913317, 49.281234 ] } },
{ "type": "Feature", "properties": { "id": 590 }, "geometry": { "type": "Point", "coordinates": [ 6.010382, 48.846463 ] } },
{ "type": "Feature", "properties": { "id": 591 }, "geometry": { "type": "Point", "coordinates": [ 7.295243, 48.712742 ] } },
{ "type": "Feature", "properties": { "id": 592 }, "geometry": { "type": "Point", "coordinates": [ 7.292254, 49.267321 ] } },
{ "type": "Feature", "properties": { "id": 593 }, "geometry": { "type": "Point", "coordinates": [ 6.748664, 48.634331 ] } },
{ "type": "Feature", "properties": { "id": 594 }, "geometry": { "type": "Point", "coordinates": [ 7.321274, 48.874732 ] } },
{ "type": "Feature", "properties": { "id": 595 }, "geometry": { "type": "Point", "coordinates": [ 5.83597, 48.880663 ] } },
{ "type": "Feature", "properties": { "id": 596 }, "geometry": { "type": "Point", "coordinates": [ 6.157418, 48.726923 ] } },
{ "type": "Feature", "properties": { "id": 597 }, "geometry": { "type": "Point", "coordinates": [ 6.442959, 48.65828 ] } },
{ "type": "Feature", "properties": { "id": 598 }, "geometry": { "type": "Point", "coordinates": [ 6.002793, 48.910066 ] } },
{ "type": "Feature", "properties": { "id": 599 }, "geometry": { "type": "Point", "coordinates": [ 6.713078, 49.329821 ] } },
{ "type": "Feature", "properties": { "id": 600 }, "geometry": { "type": "Point", "coordinates": [ 6.765129, 48.668004 ] } },
{ "type": "Feature", "properties": { "id": 601 }, "geometry": { "type": "Point", "coordinates": [ 6.992582, 48.511174 ] } },
{ "type": "Feature", "properties": { "id": 602 }, "geometry": { "type": "Point", "coordinates": [ 7.062492, 48.752325 ] } },
{ "type": "Feature", "properties": { "id": 603 }, "geometry": { "type": "Point", "coordinates": [ 6.196023, 49.16572 ] } },
{ "type": "Feature", "properties": { "id": 604 }, "geometry": { "type": "Point", "coordinates": [ 6.287101, 49.091325 ] } },
{ "type": "Feature", "properties": { "id": 605 }, "geometry": { "type": "Point", "coordinates": [ 6.944288, 48.868877 ] } },
{ "type": "Feature", "properties": { "id": 606 }, "geometry": { "type": "Point", "coordinates": [ 7.078689, 48.801918 ] } },
{ "type": "Feature", "properties": { "id": 607 }, "geometry": { "type": "Point", "coordinates": [ 7.238228, 49.170307 ] } },
{ "type": "Feature", "properties": { "id": 608 }, "geometry": { "type": "Point", "coordinates": [ 6.032452, 49.371829 ] } },
{ "type": "Feature", "properties": { "id": 609 }, "geometry": { "type": "Point", "coordinates": [ 6.14162, 48.726549 ] } },
{ "type": "Feature", "properties": { "id": 610 }, "geometry": { "type": "Point", "coordinates": [ 6.674474, 48.948522 ] } },
{ "type": "Feature", "properties": { "id": 611 }, "geometry": { "type": "Point", "coordinates": [ 6.348433, 48.947826 ] } },
{ "type": "Feature", "properties": { "id": 612 }, "geometry": { "type": "Point", "coordinates": [ 6.913396, 48.683046 ] } },
{ "type": "Feature", "properties": { "id": 613 }, "geometry": { "type": "Point", "coordinates": [ 7.062185, 48.738893 ] } },
{ "type": "Feature", "properties": { "id": 614 }, "geometry": { "type": "Point", "coordinates": [ 5.990893, 49.032441 ] } },
{ "type": "Feature", "properties": { "id": 615 }, "geometry": { "type": "Point", "coordinates": [ 6.278628, 48.600204 ] } },
{ "type": "Feature", "properties": { "id": 616 }, "geometry": { "type": "Point", "coordinates": [ 6.214094, 48.852652 ] } },
{ "type": "Feature", "properties": { "id": 617 }, "geometry": { "type": "Point", "coordinates": [ 6.799399, 48.655608 ] } },
{ "type": "Feature", "properties": { "id": 618 }, "geometry": { "type": "Point", "coordinates": [ 5.82021, 49.352676 ] } },
{ "type": "Feature", "properties": { "id": 619 }, "geometry": { "type": "Point", "coordinates": [ 6.091979, 49.234311 ] } },
{ "type": "Feature", "properties": { "id": 620 }, "geometry": { "type": "Point", "coordinates": [ 6.251929, 48.932988 ] } },
{ "type": "Feature", "properties": { "id": 621 }, "geometry": { "type": "Point", "coordinates": [ 5.841657, 49.232605 ] } },
{ "type": "Feature", "properties": { "id": 622 }, "geometry": { "type": "Point", "coordinates": [ 6.748028, 48.833264 ] } },
{ "type": "Feature", "properties": { "id": 623 }, "geometry": { "type": "Point", "coordinates": [ 6.510994, 49.050012 ] } },
{ "type": "Feature", "properties": { "id": 624 }, "geometry": { "type": "Point", "coordinates": [ 6.570223, 48.974479 ] } },
{ "type": "Feature", "properties": { "id": 625 }, "geometry": { "type": "Point", "coordinates": [ 5.981383, 49.113688 ] } },
{ "type": "Feature", "properties": { "id": 626 }, "geometry": { "type": "Point", "coordinates": [ 6.798307, 49.291423 ] } },
{ "type": "Feature", "properties": { "id": 627 }, "geometry": { "type": "Point", "coordinates": [ 6.048242, 48.565089 ] } },
{ "type": "Feature", "properties": { "id": 628 }, "geometry": { "type": "Point", "coordinates": [ 6.479956, 48.8253 ] } },
{ "type": "Feature", "properties": { "id": 629 }, "geometry": { "type": "Point", "coordinates": [ 6.551877, 49.338986 ] } },
{ "type": "Feature", "properties": { "id": 630 }, "geometry": { "type": "Point", "coordinates": [ 6.419186, 49.149469 ] } },
{ "type": "Feature", "properties": { "id": 631 }, "geometry": { "type": "Point", "coordinates": [ 7.123824, 48.77789 ] } },
{ "type": "Feature", "properties": { "id": 632 }, "geometry": { "type": "Point", "coordinates": [ 6.061978, 49.024696 ] } },
{ "type": "Feature", "properties": { "id": 633 }, "geometry": { "type": "Point", "coordinates": [ 6.509148, 48.53428 ] } },
{ "type": "Feature", "properties": { "id": 634 }, "geometry": { "type": "Point", "coordinates": [ 7.244269, 48.621613 ] } },
{ "type": "Feature", "properties": { "id": 635 }, "geometry": { "type": "Point", "coordinates": [ 6.60685, 49.043794 ] } },
{ "type": "Feature", "properties": { "id": 636 }, "geometry": { "type": "Point", "coordinates": [ 6.088552, 48.877852 ] } },
{ "type": "Feature", "properties": { "id": 637 }, "geometry": { "type": "Point", "coordinates": [ 6.185265, 49.368508 ] } },
{ "type": "Feature", "properties": { "id": 638 }, "geometry": { "type": "Point", "coordinates": [ 5.761143, 48.977969 ] } },
{ "type": "Feature", "properties": { "id": 639 }, "geometry": { "type": "Point", "coordinates": [ 6.41209, 49.347966 ] } },
{ "type": "Feature", "properties": { "id": 640 }, "geometry": { "type": "Point", "coordinates": [ 6.74411, 49.08056 ] } },
{ "type": "Feature", "properties": { "id": 641 }, "geometry": { "type": "Point", "coordinates": [ 6.95819, 48.786054 ] } },
{ "type": "Feature", "properties": { "id": 642 }, "geometry": { "type": "Point", "coordinates": [ 6.274128, 49.095471 ] } },
{ "type": "Feature", "properties": { "id": 643 }, "geometry": { "type": "Point", "coordinates": [ 6.864937, 49.152863 ] } },
{ "type": "Feature", "properties": { "id": 644 }, "geometry": { "type": "Point", "coordinates": [ 6.760101, 48.826905 ] } },
{ "type": "Feature", "properties": { "id": 645 }, "geometry": { "type": "Point", "coordinates": [ 6.597267, 49.319132 ] } },
{ "type": "Feature", "properties": { "id": 646 }, "geometry": { "type": "Point", "coordinates": [ 6.801189, 48.639123 ] } },
{ "type": "Feature", "properties": { "id": 647 }, "geometry": { "type": "Point", "coordinates": [ 6.274109, 49.171185 ] } },
{ "type": "Feature", "properties": { "id": 648 }, "geometry": { "type": "Point", "coordinates": [ 6.025785, 49.018427 ] } },
{ "type": "Feature", "properties": { "id": 649 }, "geometry": { "type": "Point", "coordinates": [ 6.96634, 48.531292 ] } },
{ "type": "Feature", "properties": { "id": 650 }, "geometry": { "type": "Point", "coordinates": [ 7.329726, 49.392237 ] } },
{ "type": "Feature", "properties": { "id": 651 }, "geometry": { "type": "Point", "coordinates": [ 6.064946, 48.687029 ] } },
{ "type": "Feature", "properties": { "id": 652 }, "geometry": { "type": "Point", "coordinates": [ 6.146596, 49.399352 ] } },
{ "type": "Feature", "properties": { "id": 653 }, "geometry": { "type": "Point", "coordinates": [ 7.16793, 49.25974 ] } },
{ "type": "Feature", "properties": { "id": 654 }, "geometry": { "type": "Point", "coordinates": [ 6.553015, 48.837933 ] } },
{ "type": "Feature", "properties": { "id": 655 }, "geometry": { "type": "Point", "coordinates": [ 7.193916, 48.808923 ] } },
{ "type": "Feature", "properties": { "id": 656 }, "geometry": { "type": "Point", "coordinates": [ 6.59449, 49.172035 ] } },
{ "type": "Feature", "properties": { "id": 657 }, "geometry": { "type": "Point", "coordinates": [ 6.444555, 49.086559 ] } },
{ "type": "Feature", "properties": { "id": 658 }, "geometry": { "type": "Point", "coordinates": [ 7.334923, 49.012765 ] } },
{ "type": "Feature", "properties": { "id": 659 }, "geometry": { "type": "Point", "coordinates": [ 6.481706, 49.329341 ] } },
{ "type": "Feature", "properties": { "id": 660 }, "geometry": { "type": "Point", "coordinates": [ 6.843509, 49.241748 ] } },
{ "type": "Feature", "properties": { "id": 661 }, "geometry": { "type": "Point", "coordinates": [ 6.059832, 49.073529 ] } },
{ "type": "Feature", "properties": { "id": 662 }, "geometry": { "type": "Point", "coordinates": [ 6.590732, 48.935222 ] } },
{ "type": "Feature", "properties": { "id": 663 }, "geometry": { "type": "Point", "coordinates": [ 5.870937, 48.965942 ] } },
{ "type": "Feature", "properties": { "id": 664 }, "geometry": { "type": "Point", "coordinates": [ 6.485283, 48.694575 ] } },
{ "type": "Feature", "properties": { "id": 665 }, "geometry": { "type": "Point", "coordinates": [ 7.155609, 48.989208 ] } },
{ "type": "Feature", "properties": { "id": 666 }, "geometry": { "type": "Point", "coordinates": [ 6.428324, 48.57029 ] } },
{ "type": "Feature", "properties": { "id": 667 }, "geometry": { "type": "Point", "coordinates": [ 6.380184, 49.050591 ] } },
{ "type": "Feature", "properties": { "id": 668 }, "geometry": { "type": "Point", "coordinates": [ 5.996136, 48.885343 ] } },
{ "type": "Feature", "properties": { "id": 669 }, "geometry": { "type": "Point", "coordinates": [ 6.027589, 48.614098 ] } },
{ "type": "Feature", "properties": { "id": 670 }, "geometry": { "type": "Point", "coordinates": [ 7.310232, 49.135034 ] } },
{ "type": "Feature", "properties": { "id": 671 }, "geometry": { "type": "Point", "coordinates": [ 6.341328, 48.615786 ] } },
{ "type": "Feature", "properties": { "id": 672 }, "geometry": { "type": "Point", "coordinates": [ 5.803945, 48.66801 ] } },
{ "type": "Feature", "properties": { "id": 673 }, "geometry": { "type": "Point", "coordinates": [ 7.240389, 48.679716 ] } },
{ "type": "Feature", "properties": { "id": 674 }, "geometry": { "type": "Point", "coordinates": [ 5.859068, 49.351294 ] } },
{ "type": "Feature", "properties": { "id": 675 }, "geometry": { "type": "Point", "coordinates": [ 6.49209, 48.919797 ] } },
{ "type": "Feature", "properties": { "id": 676 }, "geometry": { "type": "Point", "coordinates": [ 6.239969, 48.57012 ] } },
{ "type": "Feature", "properties": { "id": 677 }, "geometry": { "type": "Point", "coordinates": [ 5.797137, 48.802951 ] } },
{ "type": "Feature", "properties": { "id": 678 }, "geometry": { "type": "Point", "coordinates": [ 6.577506, 49.199466 ] } },
{ "type": "Feature", "properties": { "id": 679 }, "geometry": { "type": "Point", "coordinates": [ 6.249917, 48.837756 ] } },
{ "type": "Feature", "properties": { "id": 680 }, "geometry": { "type": "Point", "coordinates": [ 6.028729, 49.302674 ] } },
{ "type": "Feature", "properties": { "id": 681 }, "geometry": { "type": "Point", "coordinates": [ 6.722543, 48.986016 ] } },
{ "type": "Feature", "properties": { "id": 682 }, "geometry": { "type": "Point", "coordinates": [ 5.971273, 49.080612 ] } },
{ "type": "Feature", "properties": { "id": 683 }, "geometry": { "type": "Point", "coordinates": [ 6.298651, 48.803954 ] } },
{ "type": "Feature", "properties": { "id": 684 }, "geometry": { "type": "Point", "coordinates": [ 6.594894, 48.77918 ] } },
{ "type": "Feature", "properties": { "id": 685 }, "geometry": { "type": "Point", "coordinates": [ 6.764291, 49.217616 ] } },
{ "type": "Feature", "properties": { "id": 686 }, "geometry": { "type": "Point", "coordinates": [ 5.888015, 49.355446 ] } },
{ "type": "Feature", "properties": { "id": 687 }, "geometry": { "type": "Point", "coordinates": [ 6.154927, 49.14273 ] } },
{ "type": "Feature", "properties": { "id": 688 }, "geometry": { "type": "Point", "coordinates": [ 6.823628, 49.045715 ] } },
{ "type": "Feature", "properties": { "id": 689 }, "geometry": { "type": "Point", "coordinates": [ 6.90096, 48.592382 ] } },
{ "type": "Feature", "properties": { "id": 690 }, "geometry": { "type": "Point", "coordinates": [ 7.089232, 49.181363 ] } },
{ "type": "Feature", "properties": { "id": 691 }, "geometry": { "type": "Point", "coordinates": [ 6.340659, 49.370662 ] } },
{ "type": "Feature", "properties": { "id": 692 }, "geometry": { "type": "Point", "coordinates": [ 6.614579, 48.518636 ] } },
{ "type": "Feature", "properties": { "id": 693 }, "geometry": { "type": "Point", "coordinates": [ 6.988364, 49.199912 ] } },
{ "type": "Feature", "properties": { "id": 694 }, "geometry": { "type": "Point", "coordinates": [ 6.802917, 49.025113 ] } },
{ "type": "Feature", "properties": { "id": 695 }, "geometry": { "type": "Point", "coordinates": [ 6.415407, 48.913586 ] } },
{ "type": "Feature", "properties": { "id": 696 }, "geometry": { "type": "Point", "coordinates": [ 5.790987, 48.747454 ] } },
{ "type": "Feature", "properties": { "id": 697 }, "geometry": { "type": "Point", "coordinates": [ 6.810777, 48.945515 ] } },
{ "type": "Feature", "properties": { "id": 698 }, "geometry": { "type": "Point", "coordinates": [ 6.205242, 48.58758 ] } },
{ "type": "Feature", "properties": { "id": 699 }, "geometry": { "type": "Point", "coordinates": [ 6.390327, 48.932658 ] } },
{ "type": "Feature", "properties": { "id": 700 }, "geometry": { "type": "Point", "coordinates": [ 6.925998, 49.173088 ] } },
{ "type": "Feature", "properties": { "id": 701 }, "geometry": { "type": "Point", "coordinates": [ 6.000404, 48.643606 ] } },
{ "type": "Feature", "properties": { "id": 702 }, "geometry": { "type": "Point", "coordinates": [ 7.107186, 48.672292 ] } },
{ "type": "Feature", "properties": { "id": 703 }, "geometry": { "type": "Point", "coordinates": [ 6.46692, 49.125099 ] } },
{ "type": "Feature", "properties": { "id": 704 }, "geometry": { "type": "Point", "coordinates": [ 6.507283, 48.745402 ] } },
{ "type": "Feature", "properties": { "id": 705 }, "geometry": { "type": "Point", "coordinates": [ 5.79378, 48.707283 ] } },
{ "type": "Feature", "properties": { "id": 706 }, "geometry": { "type": "Point", "coordinates": [ 6.839799, 49.092249 ] } },
{ "type": "Feature", "properties": { "id": 707 }, "geometry": { "type": "Point", "coordinates": [ 6.375395, 48.946894 ] } },
{ "type": "Feature", "properties": { "id": 708 }, "geometry": { "type": "Point", "coordinates": [ 6.447068, 48.901171 ] } },
{ "type": "Feature", "properties": { "id": 709 }, "geometry": { "type": "Point", "coordinates": [ 7.21695, 48.974833 ] } },
{ "type": "Feature", "properties": { "id": 710 }, "geometry": { "type": "Point", "coordinates": [ 7.037833, 48.824015 ] } },
{ "type": "Feature", "properties": { "id": 711 }, "geometry": { "type": "Point", "coordinates": [ 5.835786, 48.701801 ] } },
{ "type": "Feature", "properties": { "id": 712 }, "geometry": { "type": "Point", "coordinates": [ 6.644299, 48.574498 ] } },
{ "type": "Feature", "properties": { "id": 713 }, "geometry": { "type": "Point", "coordinates": [ 6.142824, 49.379763 ] } },
{ "type": "Feature", "properties": { "id": 714 }, "geometry": { "type": "Point", "coordinates": [ 6.561207, 48.832949 ] } },
{ "type": "Feature", "properties": { "id": 715 }, "geometry": { "type": "Point", "coordinates": [ 6.305969, 49.208191 ] } },
{ "type": "Feature", "properties": { "id": 716 }, "geometry": { "type": "Point", "coordinates": [ 6.645969, 49.023624 ] } },
{ "type": "Feature", "properties": { "id": 717 }, "geometry": { "type": "Point", "coordinates": [ 6.161493, 48.738028 ] } },
{ "type": "Feature", "properties": { "id": 718 }, "geometry": { "type": "Point", "coordinates": [ 6.056928, 48.993598 ] } },
{ "type": "Feature", "properties": { "id": 719 }, "geometry": { "type": "Point", "coordinates": [ 6.710338, 49.099599 ] } },
{ "type": "Feature", "properties": { "id": 720 }, "geometry": { "type": "Point", "coordinates": [ 5.959481, 48.589809 ] } },
{ "type": "Feature", "properties": { "id": 721 }, "geometry": { "type": "Point", "coordinates": [ 6.571845, 49.362793 ] } },
{ "type": "Feature", "properties": { "id": 722 }, "geometry": { "type": "Point", "coordinates": [ 7.011162, 48.527517 ] } },
{ "type": "Feature", "properties": { "id": 723 }, "geometry": { "type": "Point", "coordinates": [ 6.755894, 49.119992 ] } },
{ "type": "Feature", "properties": { "id": 724 }, "geometry": { "type": "Point", "coordinates": [ 7.333952, 49.294965 ] } },
{ "type": "Feature", "properties": { "id": 725 }, "geometry": { "type": "Point", "coordinates": [ 5.915614, 48.611437 ] } },
{ "type": "Feature", "properties": { "id": 726 }, "geometry": { "type": "Point", "coordinates": [ 6.753889, 49.165089 ] } },
{ "type": "Feature", "properties": { "id": 727 }, "geometry": { "type": "Point", "coordinates": [ 6.878378, 48.521991 ] } },
{ "type": "Feature", "properties": { "id": 728 }, "geometry": { "type": "Point", "coordinates": [ 6.044874, 49.144507 ] } },
{ "type": "Feature", "properties": { "id": 729 }, "geometry": { "type": "Point", "coordinates": [ 6.391321, 49.249825 ] } },
{ "type": "Feature", "properties": { "id": 730 }, "geometry": { "type": "Point", "coordinates": [ 6.865842, 48.732698 ] } },
{ "type": "Feature", "properties": { "id": 731 }, "geometry": { "type": "Point", "coordinates": [ 6.129202, 49.093518 ] } },
{ "type": "Feature", "properties": { "id": 732 }, "geometry": { "type": "Point", "coordinates": [ 5.847837, 49.061527 ] } },
{ "type": "Feature", "properties": { "id": 733 }, "geometry": { "type": "Point", "coordinates": [ 7.02566, 48.782489 ] } },
{ "type": "Feature", "properties": { "id": 734 }, "geometry": { "type": "Point", "coordinates": [ 7.064038, 49.287811 ] } },
{ "type": "Feature", "properties": { "id": 735 }, "geometry": { "type": "Point", "coordinates": [ 5.915126, 49.314893 ] } },
{ "type": "Feature", "properties": { "id": 736 }, "geometry": { "type": "Point", "coordinates": [ 7.205987, 49.031536 ] } },
{ "type": "Feature", "properties": { "id": 737 }, "geometry": { "type": "Point", "coordinates": [ 5.990708, 48.960829 ] } },
{ "type": "Feature", "properties": { "id": 738 }, "geometry": { "type": "Point", "coordinates": [ 7.083481, 48.88232 ] } },
{ "type": "Feature", "properties": { "id": 739 }, "geometry": { "type": "Point", "coordinates": [ 6.447219, 48.776478 ] } },
{ "type": "Feature", "properties": { "id": 740 }, "geometry": { "type": "Point", "coordinates": [ 7.172394, 48.76891 ] } },
{ "type": "Feature", "properties": { "id": 741 }, "geometry": { "type": "Point", "coordinates": [ 6.473103, 48.611058 ] } },
{ "type": "Feature", "properties": { "id": 742 }, "geometry": { "type": "Point", "coordinates": [ 6.369343, 49.232801 ] } },
{ "type": "Feature", "properties": { "id": 743 }, "geometry": { "type": "Point", "coordinates": [ 5.969148, 49.15136 ] } },
{ "type": "Feature", "properties": { "id": 744 }, "geometry": { "type": "Point", "coordinates": [ 6.86043, 49.035467 ] } },
{ "type": "Feature", "properties": { "id": 745 }, "geometry": { "type": "Point", "coordinates": [ 6.857329, 48.828597 ] } },
{ "type": "Feature", "properties": { "id": 746 }, "geometry": { "type": "Point", "coordinates": [ 6.049464, 49.366751 ] } },
{ "type": "Feature", "properties": { "id": 747 }, "geometry": { "type": "Point", "coordinates": [ 6.431212, 48.578085 ] } },
{ "type": "Feature", "properties": { "id": 748 }, "geometry": { "type": "Point", "coordinates": [ 5.988671, 48.970822 ] } },
{ "type": "Feature", "properties": { "id": 749 }, "geometry": { "type": "Point", "coordinates": [ 6.056273, 49.205741 ] } },
{ "type": "Feature", "properties": { "id": 750 }, "geometry": { "type": "Point", "coordinates": [ 7.10455, 49.139373 ] } },
{ "type": "Feature", "properties": { "id": 751 }, "geometry": { "type": "Point", "coordinates": [ 6.193873, 49.137999 ] } },
{ "type": "Feature", "properties": { "id": 752 }, "geometry": { "type": "Point", "coordinates": [ 6.720118, 48.62394 ] } },
{ "type": "Feature", "properties": { "id": 753 }, "geometry": { "type": "Point", "coordinates": [ 6.456195, 48.525089 ] } },
{ "type": "Feature", "properties": { "id": 754 }, "geometry": { "type": "Point", "coordinates": [ 5.868551, 49.106547 ] } },
{ "type": "Feature", "properties": { "id": 755 }, "geometry": { "type": "Point", "coordinates": [ 5.869209, 49.116162 ] } },
{ "type": "Feature", "properties": { "id": 756 }, "geometry": { "type": "Point", "coordinates": [ 6.817045, 49.050755 ] } },
{ "type": "Feature", "properties": { "id": 757 }, "geometry": { "type": "Point", "coordinates": [ 6.89355, 48.508945 ] } },
{ "type": "Feature", "properties": { "id": 758 }, "geometry": { "type": "Point", "coordinates": [ 5.957424, 48.767356 ] } },
{ "type": "Feature", "properties": { "id": 759 }, "geometry": { "type": "Point", "coordinates": [ 6.016932, 49.258716 ] } },
{ "type": "Feature", "properties": { "id": 760 }, "geometry": { "type": "Point", "coordinates": [ 6.15252, 49.18697 ] } },
{ "type": "Feature", "properties": { "id": 761 }, "geometry": { "type": "Point", "coordinates": [ 6.930543, 48.635341 ] } },
{ "type": "Feature", "properties": { "id": 762 }, "geometry": { "type": "Point", "coordinates": [ 6.386403, 49.02137 ] } },
{ "type": "Feature", "properties": { "id": 763 }, "geometry": { "type": "Point", "coordinates": [ 6.252064, 48.535511 ] } },
{ "type": "Feature", "properties": { "id": 764 }, "geometry": { "type": "Point", "coordinates": [ 6.994523, 49.277201 ] } },
{ "type": "Feature", "properties": { "id": 765 }, "geometry": { "type": "Point", "coordinates": [ 7.084648, 48.924845 ] } },
{ "type": "Feature", "properties": { "id": 766 }, "geometry": { "type": "Point", "coordinates": [ 6.329389, 48.55024 ] } },
{ "type": "Feature", "properties": { "id": 767 }, "geometry": { "type": "Point", "coordinates": [ 7.023394, 49.328952 ] } },
{ "type": "Feature", "properties": { "id": 768 }, "geometry": { "type": "Point", "coordinates": [ 6.677797, 48.658852 ] } },
{ "type": "Feature", "properties": { "id": 769 }, "geometry": { "type": "Point", "coordinates": [ 6.103471, 49.240147 ] } },
{ "type": "Feature", "properties": { "id": 770 }, "geometry": { "type": "Point", "coordinates": [ 7.166581, 49.133758 ] } },
{ "type": "Feature", "properties": { "id": 771 }, "geometry": { "type": "Point", "coordinates": [ 6.374819, 48.847711 ] } },
{ "type": "Feature", "properties": { "id": 772 }, "geometry": { "type": "Point", "coordinates": [ 7.036503, 49.047601 ] } },
{ "type": "Feature", "properties": { "id": 773 }, "geometry": { "type": "Point", "coordinates": [ 7.098184, 49.019465 ] } },
{ "type": "Feature", "properties": { "id": 774 }, "geometry": { "type": "Point", "coordinates": [ 6.244364, 48.626425 ] } },
{ "type": "Feature", "properties": { "id": 775 }, "geometry": { "type": "Point", "coordinates": [ 5.973119, 48.861539 ] } },
{ "type": "Feature", "properties": { "id": 776 }, "geometry": { "type": "Point", "coordinates": [ 6.74084, 49.101305 ] } },
{ "type": "Feature", "properties": { "id": 777 }, "geometry": { "type": "Point", "coordinates": [ 7.164821, 48.547734 ] } },
{ "type": "Feature", "properties": { "id": 778 }, "geometry": { "type": "Point", "coordinates": [ 6.207224, 48.760141 ] } },
{ "type": "Feature", "properties": { "id": 779 }, "geometry": { "type": "Point", "coordinates": [ 6.464554, 48.805846 ] } },
{ "type": "Feature", "properties": { "id": 780 }, "geometry": { "type": "Point", "coordinates": [ 6.802654, 49.332504 ] } },
{ "type": "Feature", "properties": { "id": 781 }, "geometry": { "type": "Point", "coordinates": [ 6.815, 49.013467 ] } },
{ "type": "Feature", "properties": { "id": 782 }, "geometry": { "type": "Point", "coordinates": [ 6.177355, 48.596562 ] } },
{ "type": "Feature", "properties": { "id": 783 }, "geometry": { "type": "Point", "coordinates": [ 6.429934, 48.950406 ] } },
{ "type": "Feature", "properties": { "id": 784 }, "geometry": { "type": "Point", "coordinates": [ 6.711315, 48.832166 ] } },
{ "type": "Feature", "properties": { "id": 785 }, "geometry": { "type": "Point", "coordinates": [ 7.33456, 49.157023 ] } },
{ "type": "Feature", "properties": { "id": 786 }, "geometry": { "type": "Point", "coordinates": [ 5.750302, 48.731121 ] } },
{ "type": "Feature", "properties": { "id": 787 }, "geometry": { "type": "Point", "coordinates": [ 5.910942, 48.687734 ] } },
{ "type": "Feature", "properties": { "id": 788 }, "geometry": { "type": "Point", "coordinates": [ 6.236145, 49.394396 ] } },
{ "type": "Feature", "properties": { "id": 789 }, "geometry": { "type": "Point", "coordinates": [ 7.248315, 48.725741 ] } },
{ "type": "Feature", "properties": { "id": 790 }, "geometry": { "type": "Point", "coordinates": [ 6.322886, 49.1837 ] } },
{ "type": "Feature", "properties": { "id": 791 }, "geometry": { "type": "Point", "coordinates": [ 6.190822, 48.539402 ] } },
{ "type": "Feature", "properties": { "id": 792 }, "geometry": { "type": "Point", "coordinates": [ 5.762113, 48.61635 ] } },
{ "type": "Feature", "properties": { "id": 793 }, "geometry": { "type": "Point", "coordinates": [ 6.95169, 48.645057 ] } },
{ "type": "Feature", "properties": { "id": 794 }, "geometry": { "type": "Point", "coordinates": [ 5.988547, 49.396689 ] } },
{ "type": "Feature", "properties": { "id": 795 }, "geometry": { "type": "Point", "coordinates": [ 7.152975, 48.823258 ] } },
{ "type": "Feature", "properties": { "id": 796 }, "geometry": { "type": "Point", "coordinates": [ 6.591159, 49.166868 ] } },
{ "type": "Feature", "properties": { "id": 797 }, "geometry": { "type": "Point", "coordinates": [ 5.909397, 49.398955 ] } },
{ "type": "Feature", "properties": { "id": 798 }, "geometry": { "type": "Point", "coordinates": [ 6.563848, 48.967124 ] } },
{ "type": "Feature", "properties": { "id": 799 }, "geometry": { "type": "Point", "coordinates": [ 6.170469, 48.644566 ] } },
{ "type": "Feature", "properties": { "id": 800 }, "geometry": { "type": "Point", "coordinates": [ 7.084466, 48.633689 ] } },
{ "type": "Feature", "properties": { "id": 801 }, "geometry": { "type": "Point", "coordinates": [ 6.843346, 48.648591 ] } },
{ "type": "Feature", "properties": { "id": 802 }, "geometry": { "type": "Point", "coordinates": [ 6.509118, 48.517264 ] } },
{ "type": "Feature", "properties": { "id": 803 }, "geometry": { "type": "Point", "coordinates": [ 6.863202, 49.144524 ] } },
{ "type": "Feature", "properties": { "id": 804 }, "geometry": { "type": "Point", "coordinates": [ 5.858168, 49.322539 ] } },
{ "type": "Feature", "properties": { "id": 805 }, "geometry": { "type": "Point", "coordinates": [ 7.162491, 49.339092 ] } },
{ "type": "Feature", "properties": { "id": 806 }, "geometry": { "type": "Point", "coordinates": [ 6.77208, 48.522298 ] } },
{ "type": "Feature", "properties": { "id": 807 }, "geometry": { "type": "Point", "coordinates": [ 7.143138, 48.75243 ] } },
{ "type": "Feature", "properties": { "id": 808 }, "geometry": { "type": "Point", "coordinates": [ 6.569376, 49.123903 ] } },
{ "type": "Feature", "properties": { "id": 809 }, "geometry": { "type": "Point", "coordinates": [ 5.792692, 49.207578 ] } },
{ "type": "Feature", "properties": { "id": 810 }, "geometry": { "type": "Point", "coordinates": [ 5.991668, 48.852808 ] } },
{ "type": "Feature", "properties": { "id": 811 }, "geometry": { "type": "Point", "coordinates": [ 6.192707, 48.942854 ] } },
{ "type": "Feature", "properties": { "id": 812 }, "geometry": { "type": "Point", "coordinates": [ 6.807596, 49.003869 ] } },
{ "type": "Feature", "properties": { "id": 813 }, "geometry": { "type": "Point", "coordinates": [ 5.78914, 48.615342 ] } },
{ "type": "Feature", "properties": { "id": 814 }, "geometry": { "type": "Point", "coordinates": [ 5.812949, 49.363886 ] } },
{ "type": "Feature", "properties": { "id": 815 }, "geometry": { "type": "Point", "coordinates": [ 6.663116, 48.646744 ] } },
{ "type": "Feature", "properties": { "id": 816 }, "geometry": { "type": "Point", "coordinates": [ 6.603792, 49.054869 ] } },
{ "type": "Feature", "properties": { "id": 817 }, "geometry": { "type": "Point", "coordinates": [ 6.090262, 48.631923 ] } },
{ "type": "Feature", "properties": { "id": 818 }, "geometry": { "type": "Point", "coordinates": [ 7.15035, 48.930983 ] } },
{ "type": "Feature", "properties": { "id": 819 }, "geometry": { "type": "Point", "coordinates": [ 6.610581, 48.800642 ] } },
{ "type": "Feature", "properties": { "id": 820 }, "geometry": { "type": "Point", "coordinates": [ 6.938563, 49.216756 ] } },
{ "type": "Feature", "properties": { "id": 821 }, "geometry": { "type": "Point", "coordinates": [ 7.181666, 48.703422 ] } },
{ "type": "Feature", "properties": { "id": 822 }, "geometry": { "type": "Point", "coordinates": [ 5.846786, 48.769105 ] } },
{ "type": "Feature", "properties": { "id": 823 }, "geometry": { "type": "Point", "coordinates": [ 7.232639, 48.865313 ] } },
{ "type": "Feature", "properties": { "id": 824 }, "geometry": { "type": "Point", "coordinates": [ 6.976771, 49.256504 ] } },
{ "type": "Feature", "properties": { "id": 825 }, "geometry": { "type": "Point", "coordinates": [ 7.330439, 49.298398 ] } },
{ "type": "Feature", "properties": { "id": 826 }, "geometry": { "type": "Point", "coordinates": [ 7.294445, 49.178161 ] } },
{ "type": "Feature", "properties": { "id": 827 }, "geometry": { "type": "Point", "coordinates": [ 6.498334, 49.05845 ] } },
{ "type": "Feature", "properties": { "id": 828 }, "geometry": { "type": "Point", "coordinates": [ 7.111473, 49.092339 ] } },
{ "type": "Feature", "properties": { "id": 829 }, "geometry": { "type": "Point", "coordinates": [ 7.332065, 48.668781 ] } },
{ "type": "Feature", "properties": { "id": 830 }, "geometry": { "type": "Point", "coordinates": [ 5.989368, 49.36969 ] } },
{ "type": "Feature", "properties": { "id": 831 }, "geometry": { "type": "Point", "coordinates": [ 6.531776, 49.320771 ] } },
{ "type": "Feature", "properties": { "id": 832 }, "geometry": { "type": "Point", "coordinates": [ 7.234708, 49.009618 ] } },
{ "type": "Feature", "properties": { "id": 833 }, "geometry": { "type": "Point", "coordinates": [ 6.865546, 48.699735 ] } },
{ "type": "Feature", "properties": { "id": 834 }, "geometry": { "type": "Point", "coordinates": [ 5.772886, 49.111579 ] } },
{ "type": "Feature", "properties": { "id": 835 }, "geometry": { "type": "Point", "coordinates": [ 6.814647, 49.135077 ] } },
{ "type": "Feature", "properties": { "id": 836 }, "geometry": { "type": "Point", "coordinates": [ 7.191305, 49.376548 ] } },
{ "type": "Feature", "properties": { "id": 837 }, "geometry": { "type": "Point", "coordinates": [ 7.000348, 48.712074 ] } },
{ "type": "Feature", "properties": { "id": 838 }, "geometry": { "type": "Point", "coordinates": [ 5.838454, 48.637467 ] } },
{ "type": "Feature", "properties": { "id": 839 }, "geometry": { "type": "Point", "coordinates": [ 7.278675, 49.20551 ] } },
{ "type": "Feature", "properties": { "id": 840 }, "geometry": { "type": "Point", "coordinates": [ 6.692151, 48.58287 ] } },
{ "type": "Feature", "properties": { "id": 841 }, "geometry": { "type": "Point", "coordinates": [ 7.226139, 49.224011 ] } },
{ "type": "Feature", "properties": { "id": 842 }, "geometry": { "type": "Point", "coordinates": [ 6.37789, 48.811503 ] } },
{ "type": "Feature", "properties": { "id": 843 }, "geometry": { "type": "Point", "coordinates": [ 6.306407, 48.545722 ] } },
{ "type": "Feature", "properties": { "id": 844 }, "geometry": { "type": "Point", "coordinates": [ 6.75307, 48.968114 ] } },
{ "type": "Feature", "properties": { "id": 845 }, "geometry": { "type": "Point", "coordinates": [ 6.412555, 48.696109 ] } },
{ "type": "Feature", "properties": { "id": 846 }, "geometry": { "type": "Point", "coordinates": [ 7.178803, 48.96953 ] } },
{ "type": "Feature", "properties": { "id": 847 }, "geometry": { "type": "Point", "coordinates": [ 6.175185, 48.688872 ] } },
{ "type": "Feature", "properties": { "id": 848 }, "geometry": { "type": "Point", "coordinates": [ 6.305797, 48.921451 ] } },
{ "type": "Feature", "properties": { "id": 849 }, "geometry": { "type": "Point", "coordinates": [ 5.753561, 48.983517 ] } },
{ "type": "Feature", "properties": { "id": 850 }, "geometry": { "type": "Point", "coordinates": [ 7.033521, 49.255162 ] } },
{ "type": "Feature", "properties": { "id": 851 }, "geometry": { "type": "Point", "coordinates": [ 6.533748, 49.31446 ] } },
{ "type": "Feature", "properties": { "id": 852 }, "geometry": { "type": "Point", "coordinates": [ 6.057924, 49.3184 ] } },
{ "type": "Feature", "properties": { "id": 853 }, "geometry": { "type": "Point", "coordinates": [ 7.056633, 48.796007 ] } },
{ "type": "Feature", "properties": { "id": 854 }, "geometry": { "type": "Point", "coordinates": [ 5.853756, 48.784616 ] } },
{ "type": "Feature", "properties": { "id": 855 }, "geometry": { "type": "Point", "coordinates": [ 6.544559, 48.755549 ] } },
{ "type": "Feature", "properties": { "id": 856 }, "geometry": { "type": "Point", "coordinates": [ 7.345332, 49.115919 ] } },
{ "type": "Feature", "properties": { "id": 857 }, "geometry": { "type": "Point", "coordinates": [ 7.165158, 48.509919 ] } },
{ "type": "Feature", "properties": { "id": 858 }, "geometry": { "type": "Point", "coordinates": [ 5.947188, 48.848539 ] } },
{ "type": "Feature", "properties": { "id": 859 }, "geometry": { "type": "Point", "coordinates": [ 6.360984, 48.848861 ] } },
{ "type": "Feature", "properties": { "id": 860 }, "geometry": { "type": "Point", "coordinates": [ 6.927597, 49.121759 ] } },
{ "type": "Feature", "properties": { "id": 861 }, "geometry": { "type": "Point", "coordinates": [ 6.972136, 48.613889 ] } },
{ "type": "Feature", "properties": { "id": 862 }, "geometry": { "type": "Point", "coordinates": [ 6.2238, 49.375801 ] } },
{ "type": "Feature", "properties": { "id": 863 }, "geometry": { "type": "Point", "coordinates": [ 6.849377, 48.942872 ] } },
{ "type": "Feature", "properties": { "id": 864 }, "geometry": { "type": "Point", "coordinates": [ 6.749395, 49.247762 ] } },
{ "type": "Feature", "properties": { "id": 865 }, "geometry": { "type": "Point", "coordinates": [ 5.940571, 48.57148 ] } },
{ "type": "Feature", "properties": { "id": 866 }, "geometry": { "type": "Point", "coordinates": [ 6.448782, 48.652792 ] } },
{ "type": "Feature", "properties": { "id": 867 }, "geometry": { "type": "Point", "coordinates": [ 7.062952, 49.085085 ] } },
{ "type": "Feature", "properties": { "id": 868 }, "geometry": { "type": "Point", "coordinates": [ 6.126192, 49.234924 ] } },
{ "type": "Feature", "properties": { "id": 869 }, "geometry": { "type": "Point", "coordinates": [ 5.855876, 49.134974 ] } },
{ "type": "Feature", "properties": { "id": 870 }, "geometry": { "type": "Point", "coordinates": [ 6.963208, 48.844371 ] } },
{ "type": "Feature", "properties": { "id": 871 }, "geometry": { "type": "Point", "coordinates": [ 6.774884, 49.401193 ] } },
{ "type": "Feature", "properties": { "id": 872 }, "geometry": { "type": "Point", "coordinates": [ 7.140569, 48.62046 ] } },
{ "type": "Feature", "properties": { "id": 873 }, "geometry": { "type": "Point", "coordinates": [ 5.98752, 48.910735 ] } },
{ "type": "Feature", "properties": { "id": 874 }, "geometry": { "type": "Point", "coordinates": [ 6.33172, 49.067337 ] } },
{ "type": "Feature", "properties": { "id": 875 }, "geometry": { "type": "Point", "coordinates": [ 6.332949, 49.081938 ] } },
{ "type": "Feature", "properties": { "id": 876 }, "geometry": { "type": "Point", "coordinates": [ 5.996925, 49.103094 ] } },
{ "type": "Feature", "properties": { "id": 877 }, "geometry": { "type": "Point", "coordinates": [ 6.885855, 48.931099 ] } },
{ "type": "Feature", "properties": { "id": 878 }, "geometry": { "type": "Point", "coordinates": [ 6.523822, 48.654337 ] } },
{ "type": "Feature", "properties": { "id": 879 }, "geometry": { "type": "Point", "coordinates": [ 7.196085, 48.779744 ] } },
{ "type": "Feature", "properties": { "id": 880 }, "geometry": { "type": "Point", "coordinates": [ 6.794219, 48.823453 ] } },
{ "type": "Feature", "properties": { "id": 881 }, "geometry": { "type": "Point", "coordinates": [ 7.201351, 48.604606 ] } },
{ "type": "Feature", "properties": { "id": 882 }, "geometry": { "type": "Point", "coordinates": [ 6.240696, 49.28289 ] } },
{ "type": "Feature", "properties": { "id": 883 }, "geometry": { "type": "Point", "coordinates": [ 6.988481, 48.754735 ] } },
{ "type": "Feature", "properties": { "id": 884 }, "geometry": { "type": "Point", "coordinates": [ 7.201079, 48.896234 ] } },
{ "type": "Feature", "properties": { "id": 885 }, "geometry": { "type": "Point", "coordinates": [ 5.875856, 49.242089 ] } },
{ "type": "Feature", "properties": { "id": 886 }, "geometry": { "type": "Point", "coordinates": [ 6.01097, 49.360874 ] } },
{ "type": "Feature", "properties": { "id": 887 }, "geometry": { "type": "Point", "coordinates": [ 7.275063, 49.146795 ] } },
{ "type": "Feature", "properties": { "id": 888 }, "geometry": { "type": "Point", "coordinates": [ 6.563469, 49.321946 ] } },
{ "type": "Feature", "properties": { "id": 889 }, "geometry": { "type": "Point", "coordinates": [ 7.141504, 49.386106 ] } },
{ "type": "Feature", "properties": { "id": 890 }, "geometry": { "type": "Point", "coordinates": [ 6.808421, 48.589981 ] } },
{ "type": "Feature", "properties": { "id": 891 }, "geometry": { "type": "Point", "coordinates": [ 6.049986, 48.664461 ] } },
{ "type": "Feature", "properties": { "id": 892 }, "geometry": { "type": "Point", "coordinates": [ 6.133427, 49.071455 ] } },
{ "type": "Feature", "properties": { "id": 893 }, "geometry": { "type": "Point", "coordinates": [ 6.141134, 48.81462 ] } },
{ "type": "Feature", "properties": { "id": 894 }, "geometry": { "type": "Point", "coordinates": [ 6.713185, 48.943921 ] } },
{ "type": "Feature", "properties": { "id": 895 }, "geometry": { "type": "Point", "coordinates": [ 7.282564, 48.680534 ] } },
{ "type": "Feature", "properties": { "id": 896 }, "geometry": { "type": "Point", "coordinates": [ 6.700876, 48.869064 ] } },
{ "type": "Feature", "properties": { "id": 897 }, "geometry": { "type": "Point", "coordinates": [ 6.233955, 49.069688 ] } },
{ "type": "Feature", "properties": { "id": 898 }, "geometry": { "type": "Point", "coordinates": [ 7.10874, 49.170154 ] } },
{ "type": "Feature", "properties": { "id": 899 }, "geometry": { "type": "Point", "coordinates": [ 6.37726, 49.082477 ] } },
{ "type": "Feature", "properties": { "id": 900 }, "geometry": { "type": "Point", "coordinates": [ 6.320746, 49.376136 ] } },
{ "type": "Feature", "properties": { "id": 901 }, "geometry": { "type": "Point", "coordinates": [ 6.596735, 49.362782 ] } },
{ "type": "Feature", "properties": { "id": 902 }, "geometry": { "type": "Point", "coordinates": [ 6.516459, 48.637037 ] } },
{ "type": "Feature", "properties": { "id": 903 }, "geometry": { "type": "Point", "coordinates": [ 6.411249, 48.84812 ] } },
{ "type": "Feature", "properties": { "id": 904 }, "geometry": { "type": "Point", "coordinates": [ 6.133179, 48.901275 ] } },
{ "type": "Feature", "properties": { "id": 905 }, "geometry": { "type": "Point", "coordinates": [ 6.498214, 48.680553 ] } },
{ "type": "Feature", "properties": { "id": 906 }, "geometry": { "type": "Point", "coordinates": [ 6.081889, 48.801942 ] } },
{ "type": "Feature", "properties": { "id": 907 }, "geometry": { "type": "Point", "coordinates": [ 6.629335, 48.883992 ] } },
{ "type": "Feature", "properties": { "id": 908 }, "geometry": { "type": "Point", "coordinates": [ 5.837262, 48.511235 ] } },
{ "type": "Feature", "properties": { "id": 909 }, "geometry": { "type": "Point", "coordinates": [ 6.377542, 49.060051 ] } },
{ "type": "Feature", "properties": { "id": 910 }, "geometry": { "type": "Point", "coordinates": [ 6.63286, 49.068276 ] } },
{ "type": "Feature", "properties": { "id": 911 }, "geometry": { "type": "Point", "coordinates": [ 7.199662, 49.347846 ] } },
{ "type": "Feature", "properties": { "id": 912 }, "geometry": { "type": "Point", "coordinates": [ 5.778606, 49.211401 ] } },
{ "type": "Feature", "properties": { "id": 913 }, "geometry": { "type": "Point", "coordinates": [ 6.18992, 49.336686 ] } },
{ "type": "Feature", "properties": { "id": 914 }, "geometry": { "type": "Point", "coordinates": [ 7.043486, 49.378637 ] } },
{ "type": "Feature", "properties": { "id": 915 }, "geometry": { "type": "Point", "coordinates": [ 6.214663, 48.61461 ] } },
{ "type": "Feature", "properties": { "id": 916 }, "geometry": { "type": "Point", "coordinates": [ 7.062883, 48.899089 ] } },
{ "type": "Feature", "properties": { "id": 917 }, "geometry": { "type": "Point", "coordinates": [ 7.143409, 49.286322 ] } },
{ "type": "Feature", "properties": { "id": 918 }, "geometry": { "type": "Point", "coordinates": [ 6.525522, 48.732111 ] } },
{ "type": "Feature", "properties": { "id": 919 }, "geometry": { "type": "Point", "coordinates": [ 6.76857, 49.029094 ] } },
{ "type": "Feature", "properties": { "id": 920 }, "geometry": { "type": "Point", "coordinates": [ 7.083546, 49.397008 ] } },
{ "type": "Feature", "properties": { "id": 921 }, "geometry": { "type": "Point", "coordinates": [ 6.253708, 49.023257 ] } },
{ "type": "Feature", "properties": { "id": 922 }, "geometry": { "type": "Point", "coordinates": [ 6.641832, 48.953947 ] } },
{ "type": "Feature", "properties": { "id": 923 }, "geometry": { "type": "Point", "coordinates": [ 7.285034, 49.071111 ] } },
{ "type": "Feature", "properties": { "id": 924 }, "geometry": { "type": "Point", "coordinates": [ 6.749269, 48.799663 ] } },
{ "type": "Feature", "properties": { "id": 925 }, "geometry": { "type": "Point", "coordinates": [ 6.545983, 49.360784 ] } },
{ "type": "Feature", "properties": { "id": 926 }, "geometry": { "type": "Point", "coordinates": [ 5.917461, 49.15041 ] } },
{ "type": "Feature", "properties": { "id": 927 }, "geometry": { "type": "Point", "coordinates": [ 7.077579, 49.284611 ] } },
{ "type": "Feature", "properties": { "id": 928 }, "geometry": { "type": "Point", "coordinates": [ 5.780192, 49.180322 ] } },
{ "type": "Feature", "properties": { "id": 929 }, "geometry": { "type": "Point", "coordinates": [ 6.521748, 48.51981 ] } },
{ "type": "Feature", "properties": { "id": 930 }, "geometry": { "type": "Point", "coordinates": [ 5.885163, 49.058738 ] } },
{ "type": "Feature", "properties": { "id": 931 }, "geometry": { "type": "Point", "coordinates": [ 5.874, 48.544426 ] } },
{ "type": "Feature", "properties": { "id": 932 }, "geometry": { "type": "Point", "coordinates": [ 6.346529, 48.889152 ] } },
{ "type": "Feature", "properties": { "id": 933 }, "geometry": { "type": "Point", "coordinates": [ 6.522601, 48.75413 ] } },
{ "type": "Feature", "properties": { "id": 934 }, "geometry": { "type": "Point", "coordinates": [ 6.07009, 48.6939 ] } },
{ "type": "Feature", "properties": { "id": 935 }, "geometry": { "type": "Point", "coordinates": [ 6.092956, 49.256354 ] } },
{ "type": "Feature", "properties": { "id": 936 }, "geometry": { "type": "Point", "coordinates": [ 7.010416, 49.368205 ] } },
{ "type": "Feature", "properties": { "id": 937 }, "geometry": { "type": "Point", "coordinates": [ 6.55516, 48.73382 ] } },
{ "type": "Feature", "properties": { "id": 938 }, "geometry": { "type": "Point", "coordinates": [ 6.466739, 49.164948 ] } },
{ "type": "Feature", "properties": { "id": 939 }, "geometry": { "type": "Point", "coordinates": [ 6.531641, 49.31151 ] } },
{ "type": "Feature", "properties": { "id": 940 }, "geometry": { "type": "Point", "coordinates": [ 7.208275, 48.684809 ] } },
{ "type": "Feature", "properties": { "id": 941 }, "geometry": { "type": "Point", "coordinates": [ 6.752619, 49.204929 ] } },
{ "type": "Feature", "properties": { "id": 942 }, "geometry": { "type": "Point", "coordinates": [ 5.757598, 48.678277 ] } },
{ "type": "Feature", "properties": { "id": 943 }, "geometry": { "type": "Point", "coordinates": [ 6.370561, 49.125463 ] } },
{ "type": "Feature", "properties": { "id": 944 }, "geometry": { "type": "Point", "coordinates": [ 6.301089, 49.351133 ] } },
{ "type": "Feature", "properties": { "id": 945 }, "geometry": { "type": "Point", "coordinates": [ 6.299118, 49.339827 ] } },
{ "type": "Feature", "properties": { "id": 946 }, "geometry": { "type": "Point", "coordinates": [ 7.236733, 48.56874 ] } },
{ "type": "Feature", "properties": { "id": 947 }, "geometry": { "type": "Point", "coordinates": [ 7.168603, 48.565908 ] } },
{ "type": "Feature", "properties": { "id": 948 }, "geometry": { "type": "Point", "coordinates": [ 6.144198, 49.24897 ] } },
{ "type": "Feature", "properties": { "id": 949 }, "geometry": { "type": "Point", "coordinates": [ 6.007362, 48.961604 ] } },
{ "type": "Feature", "properties": { "id": 950 }, "geometry": { "type": "Point", "coordinates": [ 6.256442, 49.006999 ] } },
{ "type": "Feature", "properties": { "id": 951 }, "geometry": { "type": "Point", "coordinates": [ 6.678803, 49.025352 ] } },
{ "type": "Feature", "properties": { "id": 952 }, "geometry": { "type": "Point", "coordinates": [ 7.016406, 48.867672 ] } },
{ "type": "Feature", "properties": { "id": 953 }, "geometry": { "type": "Point", "coordinates": [ 6.009553, 48.563939 ] } },
{ "type": "Feature", "properties": { "id": 954 }, "geometry": { "type": "Point", "coordinates": [ 6.596241, 48.518972 ] } },
{ "type": "Feature", "properties": { "id": 955 }, "geometry": { "type": "Point", "coordinates": [ 7.152272, 49.396311 ] } },
{ "type": "Feature", "properties": { "id": 956 }, "geometry": { "type": "Point", "coordinates": [ 6.802778, 49.081955 ] } },
{ "type": "Feature", "properties": { "id": 957 }, "geometry": { "type": "Point", "coordinates": [ 5.879768, 48.599996 ] } },
{ "type": "Feature", "properties": { "id": 958 }, "geometry": { "type": "Point", "coordinates": [ 6.458792, 49.318994 ] } },
{ "type": "Feature", "properties": { "id": 959 }, "geometry": { "type": "Point", "coordinates": [ 6.026362, 49.088813 ] } },
{ "type": "Feature", "properties": { "id": 960 }, "geometry": { "type": "Point", "coordinates": [ 7.335827, 49.325845 ] } },
{ "type": "Feature", "properties": { "id": 961 }, "geometry": { "type": "Point", "coordinates": [ 6.539141, 48.678711 ] } },
{ "type": "Feature", "properties": { "id": 962 }, "geometry": { "type": "Point", "coordinates": [ 6.348578, 48.622817 ] } },
{ "type": "Feature", "properties": { "id": 963 }, "geometry": { "type": "Point", "coordinates": [ 6.199507, 48.853608 ] } },
{ "type": "Feature", "properties": { "id": 964 }, "geometry": { "type": "Point", "coordinates": [ 6.355925, 49.18446 ] } },
{ "type": "Feature", "properties": { "id": 965 }, "geometry": { "type": "Point", "coordinates": [ 6.919463, 49.117287 ] } },
{ "type": "Feature", "properties": { "id": 966 }, "geometry": { "type": "Point", "coordinates": [ 6.015371, 49.043887 ] } },
{ "type": "Feature", "properties": { "id": 967 }, "geometry": { "type": "Point", "coordinates": [ 6.471047, 49.028888 ] } },
{ "type": "Feature", "properties": { "id": 968 }, "geometry": { "type": "Point", "coordinates": [ 6.183331, 48.805828 ] } },
{ "type": "Feature", "properties": { "id": 969 }, "geometry": { "type": "Point", "coordinates": [ 5.834271, 48.88268 ] } },
{ "type": "Feature", "properties": { "id": 970 }, "geometry": { "type": "Point", "coordinates": [ 6.254249, 48.847745 ] } },
{ "type": "Feature", "properties": { "id": 971 }, "geometry": { "type": "Point", "coordinates": [ 6.515347, 48.669071 ] } },
{ "type": "Feature", "properties": { "id": 972 }, "geometry": { "type": "Point", "coordinates": [ 6.5081, 48.50464 ] } },
{ "type": "Feature", "properties": { "id": 973 }, "geometry": { "type": "Point", "coordinates": [ 6.527084, 49.246271 ] } },
{ "type": "Feature", "properties": { "id": 974 }, "geometry": { "type": "Point", "coordinates": [ 6.929335, 48.623793 ] } },
{ "type": "Feature", "properties": { "id": 975 }, "geometry": { "type": "Point", "coordinates": [ 7.098666, 49.131335 ] } },
{ "type": "Feature", "properties": { "id": 976 }, "geometry": { "type": "Point", "coordinates": [ 6.910542, 48.827222 ] } },
{ "type": "Feature", "properties": { "id": 977 }, "geometry": { "type": "Point", "coordinates": [ 6.821859, 49.246648 ] } },
{ "type": "Feature", "properties": { "id": 978 }, "geometry": { "type": "Point", "coordinates": [ 6.972196, 48.868321 ] } },
{ "type": "Feature", "properties": { "id": 979 }, "geometry": { "type": "Point", "coordinates": [ 5.999731, 48.593956 ] } },
{ "type": "Feature", "properties": { "id": 980 }, "geometry": { "type": "Point", "coordinates": [ 6.130203, 49.201203 ] } },
{ "type": "Feature", "properties": { "id": 981 }, "geometry": { "type": "Point", "coordinates": [ 7.023883, 48.806614 ] } },
{ "type": "Feature", "properties": { "id": 982 }, "geometry": { "type": "Point", "coordinates": [ 6.326051, 49.297345 ] } },
{ "type": "Feature", "properties": { "id": 983 }, "geometry": { "type": "Point", "coordinates": [ 6.013369, 48.886896 ] } },
{ "type": "Feature", "properties": { "id": 984 }, "geometry": { "type": "Point", "coordinates": [ 6.245663, 48.740942 ] } },
{ "type": "Feature", "properties": { "id": 985 }, "geometry": { "type": "Point", "coordinates": [ 5.864915, 48.508768 ] } },
{ "type": "Feature", "properties": { "id": 986 }, "geometry": { "type": "Point", "coordinates": [ 7.21741, 48.966023 ] } },
{ "type": "Feature", "properties": { "id": 987 }, "geometry": { "type": "Point", "coordinates": [ 7.337728, 48.745335 ] } },
{ "type": "Feature", "properties": { "id": 988 }, "geometry": { "type": "Point", "coordinates": [ 6.130098, 49.366853 ] } },
{ "type": "Feature", "properties": { "id": 989 }, "geometry": { "type": "Point", "coordinates": [ 6.807647, 49.078899 ] } },
{ "type": "Feature", "properties": { "id": 990 }, "geometry": { "type": "Point", "coordinates": [ 6.709887, 48.958412 ] } },
{ "type": "Feature", "properties": { "id": 991 }, "geometry": { "type": "Point", "coordinates": [ 5.770636, 48.966221 ] } },
{ "type": "Feature", "properties": { "id": 992 }, "geometry": { "type": "Point", "coordinates": [ 5.913844, 48.947954 ] } },
{ "type": "Feature", "properties": { "id": 993 }, "geometry": { "type": "Point", "coordinates": [ 6.454993, 48.739284 ] } },
{ "type": "Feature", "properties": { "id": 994 }, "geometry": { "type": "Point", "coordinates": [ 7.01647, 49.105304 ] } },
{ "type": "Feature", "properties": { "id": 995 }, "geometry": { "type": "Point", "coordinates": [ 7.19047, 49.396723 ] } },
{ "type": "Feature", "properties": { "id": 996 }, "geometry": { "type": "Point", "coordinates": [ 5.982934, 49.387497 ] } },
{ "type": "Feature", "properties": { "id": 997 }, "geometry": { "type": "Point", "coordinates": [ 7.067899, 48.782122 ] } },
{ "type": "Feature", "properties": { "id": 998 }, "geometry": { "type": "Point", "coordinates": [ 5.955569, 49.186979 ] } },
{ "type": "Feature", "properties": { "id": 999 }, "geometry": { "type": "Point", "coordinates": [ 6.479382, 48.954889 ] } }
]
}
