{
"type": "FeatureCollection",
"name": "points_shifted_5000",
"crs": { "type": "name", "properties": { "name": "urn:ogc:def:crs:OGC:1.3:CRS84" } },
"features": [
{ "type": "Feature", "properties": { "id": 0 }, "geometry": { "type": "Point", "coordinates": [ 5.820913, 49.246956 ] } },
{ "type": "Feature", "properties": { "id": 1 }, "geometry": { "type": "Point", "coordinates": [ 6.252284, 48.583627 ] } },
{ "type": "Feature", "properties": { "id": 2 }, "geometry": { "type": "Point", "coordinates": [ 6.573867, 48.820774 ] } },
{ "type": "Feature", "properties": { "id": 3 }, "geometry": { "type": "Point", "coordinates": [ 6.004709, 48.528814 ] } },
{ "type": "Feature", "properties": { "id": 4 }, "geometry": { "type": "Point", "coordinates": [ 6.570216, 48.82592 ] } },
{ "type": "Feature", "properties": { "id": 5 }, "geometry": { "type": "Point", "coordinates": [ 5.783151, 49.292121 ] } },
{ "type": "Feature", "properties": { "id": 6 }, "geometry": { "type": "Point", "coordinates": [ 6.024987, 49.303375 ] } },
{ "type": "Feature", "properties": { "id": 7 }, "geometry": { "type": "Point", "coordinates": [ 6.149271, 48.596404 ] } },
{ "type": "Feature", "properties": { "id": 8 }, "geometry": { "type": "Point", "coordinates": [ 7.004576, 48.79657 ] } },
{ "type": "Feature", "properties": { "id": 9 }, "geometry": { "type": "Point", "coordinates": [ 7.090145, 49.401261 ] } },
{ "type": "Feature", "properties": { "id": 10 }, "geometry": { "type": "Point", "coordinates": [ 6.068868, 48.572332 ] } },
{ "type": "Feature", "properties": { "id": 11 }, "geometry": { "type": "Point", "coordinates": [ 6.185511, 48.985503 ] } },
{ "type": "Feature", "properties": { "id": 12 }, "geometry": { "type": "Point", "coordinates": [ 6.249258, 49.001608 ] } },
{ "type": "Feature", "properties": { "id": 13 }, "geometry": { "type": "Point", "coordinates": [ 6.796938, 49.254549 ] } },
{ "type": "Feature", "properties": { "id": 14 }, "geometry": { "type": "Point", "coordinates": [ 7.083561, 48.639138 ] } },
{ "type": "Feature", "properties": { "id": 15 }, "geometry": { "type": "Point", "coordinates": [ 7.030115, 48.792593 ] } },
{ "type": "Feature", "properties": { "id": 16 }, "geometry": { "type": "Point", "coordinates": [ 5.78933, 49.110457 ] } },
{ "type": "Feature", "properties": { "id": 17 }, "geometry": { "type": "Point", "coordinates": [ 7.17354, 48.754536 ] } },
{ "type": "Feature", "properties": { "id": 18 }, "geometry": { "type": "Point", "coordinates": [ 6.461913, 48.584445 ] } },
{ "type": "Feature", "properties": { "id": 19 }, "geometry": { "type": "Point", "coordinates": [ 6.262326, 48.789363 ] } },
{ "type": "Feature", "properties": { "id": 20 }, "geometry": { "type": "Point", "coordinates": [ 6.631509, 49.2677 ] } },
{ "type": "Feature", "properties": { "id": 21 }, "geometry": { "type": "Point", "coordinates": [ 7.135786, 48.839092 ] } },
{ "type": "Feature", "properties": { "id": 22 }, "geometry": { "type": "Point", "coordinates": [ 5.756213, 49.340421 ] } },
{ "type": "Feature", "properties": { "id": 23 }, "geometry": { "type": "Point", "coordinates": [ 7.133631, 49.346201 ] } },
{ "type": "Feature", "properties": { "id": 24 }, "geometry": { "type": "Point", "coordinates": [ 6.952083, 49.168582 ] } },
{ "type": "Feature", "properties": { "id": 25 }, "geometry": { "type": "Point", "coordinates": [ 7.062621, 48.922224 ] } },
{ "type": "Feature", "properties": { "id": 26 }, "geometry": { "type": "Point", "coordinates": [ 6.651024, 48.526425 ] } },
{ "type": "Feature", "properties": { "id": 27 }, "geometry": { "type": "Point", "coordinates": [ 5.811946, 48.911229 ] } },
{ "type": "Feature", "properties": { "id": 28 }, "geometry": { "type": "Point", "coordinates": [ 6.708659, 48.628802 ] } },
{ "type": "Feature", "properties": { "id": 29 }, "geometry": { "type": "Point", "coordinates": [ 5.83312, 49.327419 ] } },
{ "type": "Feature", "properties": { "id": 30 }, "geometry": { "type": "Point", "coordinates": [ 7.268429, 48.556187 ] } },
{ "type": "Feature", "properties": { "id": 31 }, "geometry": { "type": "Point", "coordinates": [ 6.442586, 48.566456 ] } },
{ "type": "Feature", "properties": { "id": 32 }, "geometry": { "type": "Point", "coordinates": [ 6.230957, 48.778486 ] } },
{ "type": "Feature", "properties": { "id": 33 }, "geometry": { "type": "Point", "coordinates": [ 6.241882, 49.01251 ] } },
{ "type": "Feature", "properties": { "id": 34 }, "geometry": { "type": "Point", "coordinates": [ 6.948894, 49.3684 ] } },
{ "type": "Feature", "properties": { "id": 35 }, "geometry": { "type": "Point", "coordinates": [ 5.975882, 49.131917 ] } },
{ "type": "Feature", "properties": { "id": 36 }, "geometry": { "type": "Point", "coordinates": [ 7.013378, 48.589073 ] } },
{ "type": "Feature", "properties": { "id": 37 }, "geometry": { "type": "Point", "coordinates": [ 5.965459, 48.794723 ] } },
{ "type": "Feature", "properties": { "id": 38 }, "geometry": { "type": "Point", "coordinates": [ 6.63881, 48.607485 ] } },
{ "type": "Feature", "properties": { "id": 39 }, "geometry": { "type": "Point", "coordinates": [ 6.400393, 48.534376 ] } },
{ "type": "Feature", "properties": { "id": 40 }, "geometry": { "type": "Point", "coordinates": [ 6.034383, 49.216352 ] } },
{ "type": "Feature", "properties": { "id": 41 }, "geometry": { "type": "Point", "coordinates": [ 6.671205, 49.31695 ] } },
{ "type": "Feature", "properties": { "id": 42 }, "geometry": { "type": "Point", "coordinates": [ 5.851951, 48.925428 ] } },
{ "type": "Feature", "properties": { "id": 43 }, "geometry": { "type": "Point", "coordinates": [ 6.021458, 48.914545 ] } },
{ "type": "Feature", "properties": { "id": 44 }, "geometry": { "type": "Point", "coordinates": [ 7.053772, 48.763077 ] } },
{ "type": "Feature", "properties": { "id": 45 }, "geometry": { "type": "Point", "coordinates": [ 7.107153, 48.821718 ] } },
{ "type": "Feature", "properties": { "id": 46 }, "geometry": { "type": "Point", "coordinates": [ 6.81529, 48.654325 ] } },
{ "type": "Feature", "properties": { "id": 47 }, "geometry": { "type": "Point", "coordinates": [ 7.008327, 48.899213 ] } },
{ "type": "Feature", "properties": { "id": 48 }, "geometry": { "type": "Point", "coordinates": [ 6.777204, 48.516676 ] } },
{ "type": "Feature", "properties": { "id": 49 }, "geometry": { "type": "Point", "coordinates": [ 6.063046, 48.525734 ] } },
{ "type": "Feature", "properties": { "id": 50 }, "geometry": { "type": "Point", "coordinates": [ 6.579198, 48.59457 ] } },
{ "type": "Feature", "properties": { "id": 51 }, "geometry": { "type": "Point", "coordinates": [ 7.04982, 48.596569 ] } },
{ "type": "Feature", "properties": { "id": 52 }, "geometry": { "type": "Point", "coordinates": [ 6.778984, 48.691051 ] } },
{ "type": "Feature", "properties": { "id": 53 }, "geometry": { "type": "Point", "coordinates": [ 6.817713, 48.918283 ] } },
{ "type": "Feature", "properties": { "id": 54 }, "geometry": { "type": "Point", "coordinates": [ 7.168699, 49.367348 ] } },
{ "type": "Feature", "properties": { "id": 55 }, "geometry": { "type": "Point", "coordinates": [ 5.833175, 49.270455 ] } },
{ "type": "Feature", "properties": { "id": 56 }, "geometry": { "type": "Point", "coordinates": [ 6.524711, 49.250081 ] } },
{ "type": "Feature", "properties": { "id": 57 }, "geometry": { "type": "Point", "coordinates": [ 7.031309, 49.278669 ] } },
{ "type": "Feature", "properties": { "id": 58 }, "geometry": { "type": "Point", "coordinates": [ 7.115684, 48.957284 ] } },
{ "type": "Feature", "properties": { "id": 59 }, "geometry": { "type": "Point", "coordinates": [ 6.730351, 49.046788 ] } },
{ "type": "Feature", "properties": { "id": 60 }, "geometry": { "type": "Point", "coordinates": [ 6.188541, 49.06512 ] } },
{ "type": "Feature", "properties": { "id": 61 }, "geometry": { "type": "Point", "coordinates": [ 6.129264, 48.767286 ] } },
{ "type": "Feature", "properties": { "id": 62 }, "geometry": { "type": "Point", "coordinates": [ 6.772638, 48.628373 ] } },
{ "type": "Feature", "properties": { "id": 63 }, "geometry": { "type": "Point", "coordinates": [ 6.854747, 49.230573 ] } },
{ "type": "Feature", "properties": { "id": 64 }, "geometry": { "type": "Point", "coordinates": [ 5.830182, 49.233445 ] } },
{ "type": "Feature", "properties": { "id": 65 }, "geometry": { "type": "Point", "coordinates": [ 7.02974, 49.266272 ] } },
{ "type": "Feature", "properties": { "id": 66 }, "geometry": { "type": "Point", "coordinates": [ 6.850745, 48.592783 ] } },
{ "type": "Feature", "properties": { "id": 67 }, "geometry": { "type": "Point", "coordinates": [ 5.765688, 48.915389 ] } },
{ "type": "Feature", "properties": { "id": 68 }, "geometry": { "type": "Point", "coordinates": [ 7.31305, 49.063094 ] } },
{ "type": "Feature", "properties": { "id": 69 }, "geometry": { "type": "Point", "coordinates": [ 6.348984, 48.594909 ] } },
{ "type": "Feature", "properties": { "id": 70 }, "geometry": { "type": "Point", "coordinates": [ 6.078237, 48.84572 ] } },
{ "type": "Feature", "properties": { "id": 71 }, "geometry": { "type": "Point", "coordinates": [ 6.354153, 48.587145 ] } },
{ "type": "Feature", "properties": { "id": 72 }, "geometry": { "type": "Point", "coordinates": [ 7.108897, 48.629496 ] } },
{ "type": "Feature", "properties": { "id": 73 }, "geometry": { "type": "Point", "coordinates": [ 7.184201, 49.301366 ] } },
{ "type": "Feature", "properties": { "id": 74 }, "geometry": { "type": "Point", "coordinates": [ 7.116522, 49.31919 ] } },
{ "type": "Feature", "properties": { "id": 75 }, "geometry": { "type": "Point", "coordinates": [ 6.612139, 48.849902 ] } },
{ "type": "Feature", "properties": { "id": 76 }, "geometry": { "type": "Point", "coordinates": [ 6.46441, 48.926075 ] } },
{ "type": "Feature", "properties": { "id": 77 }, "geometry": { "type": "Point", "coordinates": [ 6.755224, 48.605613 ] } },
{ "type": "Feature", "properties": { "id": 78 }, "geometry": { "type": "Point", "coordinates": [ 7.077809, 48.836916 ] } },
{ "type": "Feature", "properties": { "id": 79 }, "geometry": { "type": "Point", "coordinates": [ 7.069914, 48.895899 ] } },
{ "type": "Feature", "properties": { "id": 80 }, "geometry": { "type": "Point", "coordinates": [ 6.908361, 48.620824 ] } },
{ "type": "Feature", "properties": { "id": 81 }, "geometry": { "type": "Point", "coordinates": [ 6.210021, 48.859098 ] } },
{ "type": "Feature", "properties": { "id": 82 }, "geometry": { "type": "Point", "coordinates": [ 5.813911, 49.289946 ] } },
{ "type": "Feature", "properties": { "id": 83 }, "geometry": { "type": "Point", "coordinates": [ 7.327361, 48.9845 ] } },
{ "type": "Feature", "properties": { "id": 84 }, "geometry": { "type": "Point", "coordinates": [ 6.542277, 49.014792 ] } },
{ "type": "Feature", "properties": { "id": 85 }, "geometry": { "type": "Point", "coordinates": [ 6.819938, 49.212917 ] } },
{ "type": "Feature", "properties": { "id": 86 }, "geometry": { "type": "Point", "coordinates": [ 6.29411, 48.581 ] } },
{ "type": "Feature", "properties": { "id": 87 }, "geometry": { "type": "Point", "coordinates": [ 6.351186, 49.007759 ] } },
{ "type": "Feature", "properties": { "id": 88 }, "geometry": { "type": "Point", "coordinates": [ 6.474537, 49.231834 ] } },
{ "type": "Feature", "properties": { "id": 89 }, "geometry": { "type": "Point", "coordinates": [ 6.540035, 48.613729 ] } },
{ "type": "Feature", "properties": { "id": 90 }, "geometry": { "type": "Point", "coordinates": [ 6.057327, 48.514715 ] } },
{ "type": "Feature", "properties": { "id": 91 }, "geometry": { "type": "Point", "coordinates": [ 7.079121, 49.030694 ] } },
{ "type": "Feature", "properties": { "id": 92 }, "geometry": { "type": "Point", "coordinates": [ 6.379267, 48.944039 ] } },
{ "type": "Feature", "properties": { "id": 93 }, "geometry": { "type": "Point", "coordinates": [ 5.798778, 48.735877 ] } },
{ "type": "Feature", "properties": { "id": 94 }, "geometry": { "type": "Point", "coordinates": [ 6.432367, 48.850328 ] } },
{ "type": "Feature", "properties": { "id": 95 }, "geometry": { "type": "Point", "coordinates": [ 6.248788, 48.583401 ] } },
{ "type": "Feature", "properties": { "id": 96 }, "geometry": { "type": "Point", "coordinates": [ 6.515194, 48.942366 ] } },
{ "type": "Feature", "properties": { "id": 97 }, "geometry": { "type": "Point", "coordinates": [ 6.819193, 48.745277 ] } },
{ "type": "Feature", "properties": { "id": 98 }, "geometry": { "type": "Point", "coordinates": [ 6.479951, 48.545318 ] } },
{ "type": "Feature", "properties": { "id": 99 }, "geometry": { "type": "Point", "coordinates": [ 6.972743, 49.322719 ] } },
{ "type": "Feature", "properties": { "id": 100 }, "geometry": { "type": "Point", "coordinates": [ 6.584617, 48.59293 ] } },
{ "type": "Feature", "properties": { "id": 101 }, "geometry": { "type": "Point", "coordinates": [ 6.164394, 49.193041 ] } },
{ "type": "Feature", "properties": { "id": 102 }, "geometry": { "type": "Point", "coordinates": [ 6.373344, 48.551964 ] } },
{ "type": "Feature", "properties": { "id": 103 }, "geometry": { "type": "Point", "coordinates": [ 6.487011, 49.252049 ] } },
{ "type": "Feature", "properties": { "id": 104 }, "geometry": { "type": "Point", "coordinates": [ 5.753861, 48.629034 ] } },
{ "type": "Feature", "properties": { "id": 105 }, "geometry": { "type": "Point", "coordinates": [ 7.107054, 48.85296 ] } },
{ "type": "Feature", "properties": { "id": 106 }, "geometry": { "type": "Point", "coordinates": [ 6.168655, 49.341651 ] } },
{ "type": "Feature", "properties": { "id": 107 }, "geometry": { "type": "Point", "coordinates": [ 6.367927, 48.929119 ] } },
{ "type": "Feature", "properties": { "id": 108 }, "geometry": { "type": "Point", "coordinates": [ 5.895695, 48.894966 ] } },
{ "type": "Feature", "properties": { "id": 109 }, "geometry": { "type": "Point", "coordinates": [ 6.178348, 49.338374 ] } },
{ "type": "Feature", "properties": { "id": 110 }, "geometry": { "type": "Point", "coordinates": [ 6.012913, 49.395051 ] } },
{ "type": "Feature", "properties": { "id": 111 }, "geometry": { "type": "Point", "coordinates": [ 5.83572, 48.511473 ] } },
{ "type": "Feature", "properties": { "id": 112 }, "geometry": { "type": "Point", "coordinates": [ 6.42378, 48.644634 ] } },
{ "type": "Feature", "properties": { "id": 113 }, "geometry": { "type": "Point", "coordinates": [ 5.868226, 48.710863 ] } },
{ "type": "Feature", "properties": { "id": 114 }, "geometry": { "type": "Point", "coordinates": [ 6.046236, 48.951633 ] } },
{ "type": "Feature", "properties": { "id": 115 }, "geometry": { "type": "Point", "coordinates": [ 6.979759, 48.558227 ] } },
{ "type": "Feature", "properties": { "id": 116 }, "geometry": { "type": "Point", "coordinates": [ 6.248763, 48.784748 ] } },
{ "type": "Feature", "properties": { "id": 117 }, "geometry": { "type": "Point", "coordinates": [ 6.594812, 49.294858 ] } },
{ "type": "Feature", "properties": { "id": 118 }, "geometry": { "type": "Point", "coordinates": [ 6.236193, 48.587459 ] } },
{ "type": "Feature", "properties": { "id": 119 }, "geometry": { "type": "Point", "coordinates": [ 6.294131, 48.984131 ] } },
{ "type": "Feature", "properties": { "id": 120 }, "geometry": { "type": "Point", "coordinates": [ 5.958042, 48.55111 ] } },
{ "type": "Feature", "properties": { "id": 121 }, "geometry": { "type": "Point", "coordinates": [ 7.050358, 48.517131 ] } },
{ "type": "Feature", "properties": { "id": 122 }, "geometry": { "type": "Point", "coordinates": [ 6.2306, 48.842016 ] } },
{ "type": "Feature", "properties": { "id": 123 }, "geometry": { "type": "Point", "coordinates": [ 6.738048, 48.586723 ] } },
{ "type": "Feature", "properties": { "id": 124 }, "geometry": { "type": "Point", "coordinates": [ 6.562491, 49.161229 ] } },
{ "type": "Feature", "properties": { "id": 125 }, "geometry": { "type": "Point", "coordinates": [ 6.221156, 48.504694 ] } },
{ "type": "Feature", "properties": { "id": 126 }, "geometry": { "type": "Point", "coordinates": [ 6.973716, 48.524258 ] } },
{ "type": "Feature", "properties": { "id": 127 }, "geometry": { "type": "Point", "coordinates": [ 6.816748, 49.034181 ] } },
{ "type": "Feature", "properties": { "id": 128 }, "geometry": { "type": "Point", "coordinates": [ 6.908365, 49.378934 ] } },
{ "type": "Feature", "properties": { "id": 129 }, "geometry": { "type": "Point", "coordinates": [ 7.034201, 48.983507 ] } },
{ "type": "Feature", "properties": { "id": 130 }, "geometry": { "type": "Point", "coordinates": [ 7.291694, 48.591055 ] } },
{ "type": "Feature", "properties": { "id": 131 }, "geometry": { "type": "Point", "coordinates": [ 7.004485, 48.659843 ] } },
{ "type": "Feature", "properties": { "id": 132 }, "geometry": { "type": "Point", "coordinates": [ 7.04704, 48.836134 ] } },
{ "type": "Feature", "properties": { "id": 133 }, "geometry": { "type": "Point", "coordinates": [ 5.911485, 49.236016 ] } },
{ "type": "Feature", "properties": { "id": 134 }, "geometry": { "type": "Point", "coordinates": [ 6.215256, 48.792099 ] } },
{ "type": "Feature", "properties": { "id": 135 }, "geometry": { "type": "Point", "coordinates": [ 6.554257, 48.925877 ] } },
{ "type": "Feature", "properties": { "id": 136 }, "geometry": { "type": "Point", "coordinates": [ 7.0259, 48.744104 ] } },
{ "type": "Feature", "properties": { "id": 137 }, "geometry": { "type": "Point", "coordinates": [ 6.475975, 48.551984 ] } },
{ "type": "Feature", "properties": { "id": 138 }, "geometry": { "type": "Point", "coordinates": [ 6.04247, 49.206148 ] } },
{ "type": "Feature", "properties": { "id": 139 }, "geometry": { "type": "Point", "coordinates": [ 6.606491, 49.100613 ] } },
{ "type": "Feature", "properties": { "id": 140 }, "geometry": { "type": "Point", "coordinates": [ 6.596349, 49.256608 ] } },
{ "type": "Feature", "properties": { "id": 141 }, "geometry": { "type": "Point", "coordinates": [ 6.529351, 49.081691 ] } },
{ "type": "Feature", "properties": { "id": 142 }, "geometry": { "type": "Point", "coordinates": [ 6.266019, 49.375584 ] } },
{ "type": "Feature", "properties": { "id": 143 }, "geometry": { "type": "Point", "coordinates": [ 6.056787, 49.066327 ] } },
{ "type": "Feature", "properties": { "id": 144 }, "geometry": { "type": "Point", "coordinates": [ 6.984236, 48.774957 ] } },
{ "type": "Feature", "properties": { "id": 145 }, "geometry": { "type": "Point", "coordinates": [ 6.45766, 48.644015 ] } },
{ "type": "Feature", "properties": { "id": 146 }, "geometry": { "type": "Point", "coordinates": [ 5.841863, 48.586455 ] } },
{ "type": "Feature", "properties": { "id": 147 }, "geometry": { "type": "Point", "coordinates": [ 6.844835, 48.791517 ] } },
{ "type": "Feature", "properties": { "id": 148 }, "geometry": { "type": "Point", "coordinates": [ 6.227392, 48.618605 ] } },
{ "type": "Feature", "properties": { "id": 149 }, "geometry": { "type": "Point", "coordinates": [ 6.212015, 48.693766 ] } },
{ "type": "Feature", "properties": { "id": 150 }, "geometry": { "type": "Point", "coordinates": [ 6.551556, 48.532212 ] } },
{ "type": "Feature", "properties": { "id": 151 }, "geometry": { "type": "Point", "coordinates": [ 7.130517, 49.181563 ] } },
{ "type": "Feature", "properties": { "id": 152 }, "geometry": { "type": "Point", "coordinates": [ 6.185308, 48.860883 ] } },
{ "type": "Feature", "properties": { "id": 153 }, "geometry": { "type": "Point", "coordinates": [ 6.18487, 49.109178 ] } },
{ "type": "Feature", "properties": { "id": 154 }, "geometry": { "type": "Point", "coordinates": [ 6.805886, 48.544717 ] } },
{ "type": "Feature", "properties": { "id": 155 }, "geometry": { "type": "Point", "coordinates": [ 6.258308, 49.27947 ] } },
{ "type": "Feature", "properties": { "id": 156 }, "geometry": { "type": "Point", "coordinates": [ 7.307814, 48.721505 ] } },
{ "type": "Feature", "properties": { "id": 157 }, "geometry": { "type": "Point", "coordinates": [ 7.164228, 49.336486 ] } },
{ "type": "Feature", "properties": { "id": 158 }, "geometry": { "type": "Point", "coordinates": [ 6.910517, 49.183422 ] } },
{ "type": "Feature", "properties": { "id": 159 }, "geometry": { "type": "Point", "coordinates": [ 6.894676, 49.116751 ] } },
{ "type": "Feature", "properties": { "id": 160 }, "geometry": { "type": "Point", "coordinates": [ 6.371045, 48.930309 ] } },
{ "type": "Feature", "properties": { "id": 161 }, "geometry": { "type": "Point", "coordinates": [ 6.422834, 48.586178 ] } },
{ "type": "Feature", "properties": { "id": 162 }, "geometry": { "type": "Point", "coordinates": [ 6.567999, 49.120512 ] } },
{ "type": "Feature", "properties": { "id": 163 }, "geometry": { "type": "Point", "coordinates": [ 6.668683, 49.230985 ] } },
{ "type": "Feature", "properties": { "id": 164 }, "geometry": { "type": "Point", "coordinates": [ 6.270332, 48.98317 ] } },
{ "type": "Feature", "properties": { "id": 165 }, "geometry": { "type": "Point", "coordinates": [ 6.61415, 48.916206 ] } },
{ "type": "Feature", "properties": { "id": 166 }, "geometry": { "type": "Point", "coordinates": [ 6.580812, 48.753994 ] } },
{ "type": "Feature", "properties": { "id": 167 }, "geometry": { "type": "Point", "coordinates": [ 7.349195, 49.081229 ] } },
{ "type": "Feature", "properties": { "id": 168 }, "geometry": { "type": "Point", "coordinates": [ 6.652482, 49.367352 ] } },
{ "type": "Feature", "properties": { "id": 169 }, "geometry": { "type": "Point", "coordinates": [ 5.800566, 48.918545 ] } },
{ "type": "Feature", "properties": { "id": 170 }, "geometry": { "type": "Point", "coordinates": [ 7.054859, 48.745259 ] } },
{ "type": "Feature", "properties": { "id": 171 }, "geometry": { "type": "Point", "coordinates": [ 6.061583, 48.963474 ] } },
{ "type": "Feature", "properties": { "id": 172 }, "geometry": { "type": "Point", "coordinates": [ 6.250443, 48.995926 ] } },
{ "type": "Feature", "properties": { "id": 173 }, "geometry": { "type": "Point", "coordinates": [ 7.015252, 48.978712 ] } },
{ "type": "Feature", "properties": { "id": 174 }, "geometry": { "type": "Point", "coordinates": [ 6.059714, 49.050493 ] } },
{ "type": "Feature", "properties": { "id": 175 }, "geometry": { "type": "Point", "coordinates": [ 6.980019, 49.365793 ] } },
{ "type": "Feature", "properties": { "id": 176 }, "geometry": { "type": "Point", "coordinates": [ 6.546569, 48.744314 ] } },
{ "type": "Feature", "properties": { "id": 177 }, "geometry": { "type": "Point", "coordinates": [ 6.826835, 49.007368 ] } },
{ "type": "Feature", "properties": { "id": 178 }, "geometry": { "type": "Point", "coordinates": [ 6.567857, 49.057692 ] } },
{ "type": "Feature", "properties": { "id": 179 }, "geometry": { "type": "Point", "coordinates": [ 6.251157, 48.773088 ] } },
{ "type": "Feature", "properties": { "id": 180 }, "geometry": { "type": "Point", "coordinates": [ 6.608111, 48.983929 ] } },
{ "type": "Feature", "properties": { "id": 181 }, "geometry": { "type": "Point", "coordinates": [ 7.119355, 49.047126 ] } },
{ "type": "Feature", "properties": { "id": 182 }, "geometry": { "type": "Point", "coordinates": [ 5.912826, 48.601199 ] } },
{ "type": "Feature", "properties": { "id": 183 }, "geometry": { "type": "Point", "coordinates": [ 6.771208, 49.191458 ] } },
{ "type": "Feature", "properties": { "id": 184 }, "geometry": { "type": "Point", "coordinates": [ 5.831567, 48.544674 ] } },
{ "type": "Feature", "properties": { "id": 185 }, "geometry": { "type": "Point", "coordinates": [ 6.22699, 48.718502 ] } },
{ "type": "Feature", "properties": { "id": 186 }, "geometry": { "type": "Point", "coordinates": [ 6.137719, 48.757928 ] } },
{ "type": "Feature", "properties": { "id": 187 }, "geometry": { "type": "Point", "coordinates": [ 5.793858, 49.127718 ] } },
{ "type": "Feature", "properties": { "id": 188 }, "geometry": { "type": "Point", "coordinates": [ 6.864534, 49.312463 ] } },
{ "type": "Feature", "properties": { "id": 189 }, "geometry": { "type": "Point", "coordinates": [ 7.048101, 49.159265 ] } },
{ "type": "Feature", "properties": { "id": 190 }, "geometry": { "type": "Point", "coordinates": [ 5.93574, 49.228214 ] } },
{ "type": "Feature", "properties": { "id": 191 }, "geometry": { "type": "Point", "coordinates": [ 6.813163, 48.865524 ] } },
{ "type": "Feature", "properties": { "id": 192 }, "geometry": { "type": "Point", "coordinates": [ 5.898413, 49.373991 ] } },
{ "type": "Feature", "properties": { "id": 193 }, "geometry": { "type": "Point", "coordinates": [ 6.168822, 49.164424 ] } },
{ "type": "Feature", "properties": { "id": 194 }, "geometry": { "type": "Point", "coordinates": [ 5.838001, 48.719163 ] } },
{ "type": "Feature", "properties": { "id": 195 }, "geometry": { "type": "Point", "coordinates": [ 6.404516, 48.786686 ] } },
{ "type": "Feature", "properties": { "id": 196 }, "geometry": { "type": "Point", "coordinates": [ 6.415129, 49.199932 ] } },
{ "type": "Feature", "properties": { "id": 197 }, "geometry": { "type": "Point", "coordinates": [ 6.51849, 48.998598 ] } },
{ "type": "Feature", "properties": { "id": 198 }, "geometry": { "type": "Point", "coordinates": [ 6.036721, 49.126242 ] } },
{ "type": "Feature", "properties": { "id": 199 }, "geometry": { "type": "Point", "coordinates": [ 6.216425, 48.708173 ] } },
{ "type": "Feature", "properties": { "id": 200 }, "geometry": { "type": "Point", "coordinates": [ 6.470687, 49.385165 ] } },
{ "type": "Feature", "properties": { "id": 201 }, "geometry": { "type": "Point", "coordinates": [ 6.324883, 48.632198 ] } },
{ "type": "Feature", "properties": { "id": 202 }, "geometry": { "type": "Point", "coordinates": [ 7.083421, 48.741353 ] } },
{ "type": "Feature", "properties": { "id": 203 }, "geometry": { "type": "Point", "coordinates": [ 5.955766, 48.841495 ] } },
{ "type": "Feature", "properties": { "id": 204 }, "geometry": { "type": "Point", "coordinates": [ 7.225608, 48.765327 ] } },
{ "type": "Feature", "properties": { "id": 205 }, "geometry": { "type": "Point", "coordinates": [ 6.211437, 49.19012 ] } },
{ "type": "Feature", "properties": { "id": 206 }, "geometry": { "type": "Point", "coordinates": [ 6.906971, 48.851725 ] } },
{ "type": "Feature", "properties": { "id": 207 }, "geometry": { "type": "Point", "coordinates": [ 6.031444, 48.629723 ] } },
{ "type": "Feature", "properties": { "id": 208 }, "geometry": { "type": "Point", "coordinates": [ 6.915353, 48.884732 ] } },
{ "type": "Feature", "properties": { "id": 209 }, "geometry": { "type": "Point", "coordinates": [ 6.653688, 48.993149 ] } },
{ "type": "Feature", "properties": { "id": 210 }, "geometry": { "type": "Point", "coordinates": [ 5.765834, 48.667318 ] } },
{ "type": "Feature", "properties": { "id": 211 }, "geometry": { "type": "Point", "coordinates": [ 6.281554, 49.324435 ] } },
{ "type": "Feature", "properties": { "id": 212 }, "geometry": { "type": "Point", "coordinates": [ 6.126533, 48.993668 ] } },
{ "type": "Feature", "properties": { "id": 213 }, "geometry": { "type": "Point", "coordinates": [ 6.475563, 48.798181 ] } },
{ "type": "Feature", "properties": { "id": 214 }, "geometry": { "type": "Point", "coordinates": [ 6.092447, 48.706806 ] } },
{ "type": "Feature", "properties": { "id": 215 }, "geometry": { "type": "Point", "coordinates": [ 6.94614, 49.158869 ] } },
{ "type": "Feature", "properties": { "id": 216 }, "geometry": { "type": "Point", "coordinates": [ 6.308227, 49.102979 ] } },
{ "type": "Feature", "properties": { "id": 217 }, "geometry": { "type": "Point", "coordinates": [ 5.870129, 49.318318 ] } },
{ "type": "Feature", "properties": { "id": 218 }, "geometry": { "type": "Point", "coordinates": [ 6.582578, 48.956313 ] } },
{ "type": "Feature", "properties": { "id": 219 }, "geometry": { "type": "Point", "coordinates": [ 6.961407, 49.139786 ] } },
{ "type": "Feature", "properties": { "id": 220 }, "geometry": { "type": "Point", "coordinates": [ 6.772902, 48.655572 ] } },
{ "type": "Feature", "properties": { "id": 221 }, "geometry": { "type": "Point", "coordinates": [ 6.872121, 49.159149 ] } },
{ "type": "Feature", "properties": { "id": 222 }, "geometry": { "type": "Point", "coordinates": [ 7.251403, 49.185429 ] } },
{ "type": "Feature", "properties": { "id": 223 }, "geometry": { "type": "Point", "coordinates": [ 6.660086, 49.120716 ] } },
{ "type": "Feature", "properties": { "id": 224 }, "geometry": { "type": "Point", "coordinates": [ 6.866276, 48.706202 ] } },
{ "type": "Feature", "properties": { "id": 225 }, "geometry": { "type": "Point", "coordinates": [ 6.657096, 49.207209 ] } },
{ "type": "Feature", "properties": { "id": 226 }, "geometry": { "type": "Point", "coordinates": [ 6.569364, 48.968167 ] } },
{ "type": "Feature", "properties": { "id": 227 }, "geometry": { "type": "Point", "coordinates": [ 7.179042, 49.22044 ] } },
{ "type": "Feature", "properties": { "id": 228 }, "geometry": { "type": "Point", "coordinates": [ 6.223409, 48.935591 ] } },
{ "type": "Feature", "properties": { "id": 229 }, "geometry": { "type": "Point", "coordinates": [ 6.830446, 49.059708 ] } },
{ "type": "Feature", "properties": { "id": 230 }, "geometry": { "type": "Point", "coordinates": [ 7.076666, 48.510592 ] } },
{ "type": "Feature", "properties": { "id": 231 }, "geometry": { "type": "Point", "coordinates": [ 7.116022, 48.690404 ] } },
{ "type": "Feature", "properties": { "id": 232 }, "geometry": { "type": "Point", "coordinates": [ 6.500418, 49.048776 ] } },
{ "type": "Feature", "properties": { "id": 233 }, "geometry": { "type": "Point", "coordinates": [ 7.021358, 48.783821 ] } },
{ "type": "Feature", "properties": { "id": 234 }, "geometry": { "type": "Point", "coordinates": [ 5.824927, 49.027522 ] } },
{ "type": "Feature", "properties": { "id": 235 }, "geometry": { "type": "Point", "coordinates": [ 6.532769, 48.914372 ] } },
{ "type": "Feature", "properties": { "id": 236 }, "geometry": { "type": "Point", "coordinates": [ 6.672566, 49.219856 ] } },
{ "type": "Feature", "properties": { "id": 237 }, "geometry": { "type": "Point", "coordinates": [ 6.493817, 49.274014 ] } },
{ "type": "Feature", "properties": { "id": 238 }, "geometry": { "type": "Point", "coordinates": [ 6.34584, 48.661603 ] } },
{ "type": "Feature", "properties": { "id": 239 }, "geometry": { "type": "Point", "coordinates": [ 6.48143, 48.646169 ] } },
{ "type": "Feature", "properties": { "id": 240 }, "geometry": { "type": "Point", "coordinates": [ 6.169918, 49.258217 ] } },
{ "type": "Feature", "properties": { "id": 241 }, "geometry": { "type": "Point", "coordinates": [ 6.105221, 49.307477 ] } },
{ "type": "Feature", "properties": { "id": 242 }, "geometry": { "type": "Point", "coordinates": [ 6.126634, 48.529398 ] } },
{ "type": "Feature", "properties": { "id": 243 }, "geometry": { "type": "Point", "coordinates": [ 7.346638, 48.940929 ] } },
{ "type": "Feature", "properties": { "id": 244 }, "geometry": { "type": "Point", "coordinates": [ 6.243616, 49.401211 ] } },
{ "type": "Feature", "properties": { "id": 245 }, "geometry": { "type": "Point", "coordinates": [ 5.765889, 48.931517 ] } },
{ "type": "Feature", "properties": { "id": 246 }, "geometry": { "type": "Point", "coordinates": [ 5.985239, 49.07794 ] } },
{ "type": "Feature", "properties": { "id": 247 }, "geometry": { "type": "Point", "coordinates": [ 7.31304, 49.355576 ] } },
{ "type": "Feature", "properties": { "id": 248 }, "geometry": { "type": "Point", "coordinates": [ 5.783038, 48.761098 ] } },
{ "type": "Feature", "properties": { "id": 249 }, "geometry": { "type": "Point", "coordinates": [ 6.726181, 48.826211 ] } },
{ "type": "Feature", "properties": { "id": 250 }, "geometry": { "type": "Point", "coordinates": [ 5.855477, 49.015371 ] } },
{ "type": "Feature", "properties": { "id": 251 }, "geometry": { "type": "Point", "coordinates": [ 6.486206, 49.308053 ] } },
{ "type": "Feature", "properties": { "id": 252 }, "geometry": { "type": "Point", "coordinates": [ 6.489714, 49.252448 ] } },
{ "type": "Feature", "properties": { "id": 253 }, "geometry": { "type": "Point", "coordinates": [ 6.795979, 48.594444 ] } },
{ "type": "Feature", "properties": { "id": 254 }, "geometry": { "type": "Point", "coordinates": [ 7.107061, 48.65826 ] } },
{ "type": "Feature", "properties": { "id": 255 }, "geometry": { "type": "Point", "coordinates": [ 5.906712, 48.618407 ] } },
{ "type": "Feature", "properties": { "id": 256 }, "geometry": { "type": "Point", "coordinates": [ 6.74698, 48.887832 ] } },
{ "type": "Feature", "properties": { "id": 257 }, "geometry": { "type": "Point", "coordinates": [ 6.368828, 48.77545 ] } },
{ "type": "Feature", "properties": { "id": 258 }, "geometry": { "type": "Point", "coordinates": [ 6.614238, 48.972226 ] } },
{ "type": "Feature", "properties": { "id": 259 }, "geometry": { "type": "Point", "coordinates": [ 6.253161, 48.509311 ] } },
{ "type": "Feature", "properties": { "id": 260 }, "geometry": { "type": "Point", "coordinates": [ 6.962556, 48.760793 ] } },
{ "type": "Feature", "properties": { "id": 261 }, "geometry": { "type": "Point", "coordinates": [ 6.918893, 48.656337 ] } },
{ "type": "Feature", "properties": { "id": 262 }, "geometry": { "type": "Point", "coordinates": [ 6.856466, 48.628317 ] } },
{ "type": "Feature", "properties": { "id": 263 }, "geometry": { "type": "Point", "coordinates": [ 6.46119, 49.388015 ] } },
{ "type": "Feature", "properties": { "id": 264 }, "geometry": { "type": "Point", "coordinates": [ 6.791067, 48.969374 ] } },
{ "type": "Feature", "properties": { "id": 265 }, "geometry": { "type": "Point", "coordinates": [ 6.853526, 48.793607 ] } },
{ "type": "Feature", "properties": { "id": 266 }, "geometry": { "type": "Point", "coordinates": [ 5.784584, 49.360295 ] } },
{ "type": "Feature", "properties": { "id": 267 }, "geometry": { "type": "Point", "coordinates": [ 6.057528, 48.796426 ] } },
{ "type": "Feature", "properties": { "id": 268 }, "geometry": { "type": "Point", "coordinates": [ 5.875643, 48.730415 ] } },
{ "type": "Feature", "properties": { "id": 269 }, "geometry": { "type": "Point", "coordinates": [ 7.259652, 48.927791 ] } },
{ "type": "Feature", "properties": { "id": 270 }, "geometry": { "type": "Point", "coordinates": [ 6.362739, 48.668393 ] } },
{ "type": "Feature", "properties": { "id": 271 }, "geometry": { "type": "Point", "coordinates": [ 6.17115, 49.271571 ] } },
{ "type": "Feature", "properties": { "id": 272 }, "geometry": { "type": "Point", "coordinates": [ 6.457926, 48.593996 ] } },
{ "type": "Feature", "properties": { "id": 273 }, "geometry": { "type": "Point", "coordinates": [ 6.277156, 48.978757 ] } },
{ "type": "Feature", "properties": { "id": 274 }, "geometry": { "type": "Point", "coordinates": [ 6.686873, 48.633732 ] } },
{ "type": "Feature", "properties": { "id": 275 }, "geometry": { "type": "Point", "coordinates": [ 6.12539, 49.1763 ] } },
{ "type": "Feature", "properties": { "id": 276 }, "geometry": { "type": "Point", "coordinates": [ 6.364471, 48.747394 ] } },
{ "type": "Feature", "properties": { "id": 277 }, "geometry": { "type": "Point", "coordinates": [ 5.98139, 49.032326 ] } },
{ "type": "Feature", "properties": { "id": 278 }, "geometry": { "type": "Point", "coordinates": [ 6.074572, 49.360245 ] } },
{ "type": "Feature", "properties": { "id": 279 }, "geometry": { "type": "Point", "coordinates": [ 7.037583, 48.940532 ] } },
{ "type": "Feature", "properties": { "id": 280 }, "geometry": { "type": "Point", "coordinates": [ 7.025481, 49.000601 ] } },
{ "type": "Feature", "properties": { "id": 281 }, "geometry": { "type": "Point", "coordinates": [ 6.272431, 48.68065 ] } },
{ "type": "Feature", "properties": { "id": 282 }, "geometry": { "type": "Point", "coordinates": [ 6.37822, 48.697437 ] } },
{ "type": "Feature", "properties": { "id": 283 }, "geometry": { "type": "Point", "coordinates": [ 7.132761, 48.965823 ] } },
{ "type": "Feature", "properties": { "id": 284 }, "geometry": { "type": "Point", "coordinates": [ 6.844143, 48.566015 ] } },
{ "type": "Feature", "properties": { "id": 285 }, "geometry": { "type": "Point", "coordinates": [ 6.928838, 49.058693 ] } },
{ "type": "Feature", "properties": { "id": 286 }, "geometry": { "type": "Point", "coordinates": [ 7.284743, 48.78962 ] } },
{ "type": "Feature", "properties": { "id": 287 }, "geometry": { "type": "Point", "coordinates": [ 6.177128, 48.518296 ] } },
{ "type": "Feature", "properties": { "id": 288 }, "geometry": { "type": "Point", "coordinates": [ 6.904516, 49.36456 ] } },
{ "type": "Feature", "properties": { "id": 289 }, "geometry": { "type": "Point", "coordinates": [ 6.774271, 49.154695 ] } },
{ "type": "Feature", "properties": { "id": 290 }, "geometry": { "type": "Point", "coordinates": [ 6.723846, 48.733237 ] } },
{ "type": "Feature", "properties": { "id": 291 }, "geometry": { "type": "Point", "coordinates": [ 6.989796, 49.350464 ] } },
{ "type": "Feature", "properties": { "id": 292 }, "geometry": { "type": "Point", "coordinates": [ 7.077296, 48.938864 ] } },
{ "type": "Feature", "properties": { "id": 293 }, "geometry": { "type": "Point", "coordinates": [ 5.868749, 48.662904 ] } },
{ "type": "Feature", "properties": { "id": 294 }, "geometry": { "type": "Point", "coordinates": [ 6.398728, 48.837321 ] } },
{ "type": "Feature", "properties": { "id": 295 }, "geometry": { "type": "Point", "coordinates": [ 6.677234, 49.379777 ] } },
{ "type": "Feature", "properties": { "id": 296 }, "geometry": { "type": "Point", "coordinates": [ 6.679767, 49.358615 ] } },
{ "type": "Feature", "properties": { "id": 297 }, "geometry": { "type": "Point", "coordinates": [ 6.040817, 48.640731 ] } },
{ "type": "Feature", "properties": { "id": 298 }, "geometry": { "type": "Point", "coordinates": [ 6.280033, 48.588373 ] } },
{ "type": "Feature", "properties": { "id": 299 }, "geometry": { "type": "Point", "coordinates": [ 6.965644, 48.607863 ] } },
{ "type": "Feature", "properties": { "id": 300 }, "geometry": { "type": "Point", "coordinates": [ 6.687381, 48.97665 ] } },
{ "type": "Feature", "properties": { "id": 301 }, "geometry": { "type": "Point", "coordinates": [ 6.681235, 48.699689 ] } },
{ "type": "Feature", "properties": { "id": 302 }, "geometry": { "type": "Point", "coordinates": [ 5.88763, 49.308737 ] } },
{ "type": "Feature", "properties": { "id": 303 }, "geometry": { "type": "Point", "coordinates": [ 5.936825, 48.761013 ] } },
{ "type": "Feature", "properties": { "id": 304 }, "geometry": { "type": "Point", "coordinates": [ 6.413865, 49.238536 ] } },
{ "type": "Feature", "properties": { "id": 305 }, "geometry": { "type": "Point", "coordinates": [ 6.775088, 48.925647 ] } },
{ "type": "Feature", "properties": { "id": 306 }, "geometry": { "type": "Point", "coordinates": [ 5.750135, 49.260815 ] } },
{ "type": "Feature", "properties": { "id": 307 }, "geometry": { "type": "Point", "coordinates": [ 6.029028, 48.897077 ] } },
{ "type": "Feature", "properties": { "id": 308 }, "geometry": { "type": "Point", "coordinates": [ 5.927185, 48.747316 ] } },
{ "type": "Feature", "properties": { "id": 309 }, "geometry": { "type": "Point", "coordinates": [ 6.784492, 48.553133 ] } },
{ "type": "Feature", "properties": { "id": 310 }, "geometry": { "type": "Point", "coordinates": [ 6.708689, 48.988446 ] } },
{ "type": "Feature", "properties": { "id": 311 }, "geometry": { "type": "Point", "coordinates": [ 6.403429, 48.939681 ] } },
{ "type": "Feature", "properties": { "id": 312 }, "geometry": { "type": "Point", "coordinates": [ 6.966322, 49.240093 ] } },
{ "type": "Feature", "properties": { "id": 313 }, "geometry": { "type": "Point", "coordinates": [ 6.322231, 49.045912 ] } },
{ "type": "Feature", "properties": { "id": 314 }, "geometry": { "type": "Point", "coordinates": [ 5.782345, 49.141102 ] } },
{ "type": "Feature", "properties": { "id": 315 }, "geometry": { "type": "Point", "coordinates": [ 6.874067, 48.992604 ] } },
{ "type": "Feature", "properties": { "id": 316 }, "geometry": { "type": "Point", "coordinates": [ 7.056472, 49.385854 ] } },
{ "type": "Feature", "properties": { "id": 317 }, "geometry": { "type": "Point", "coordinates": [ 6.126274, 48.733623 ] } },
{ "type": "Feature", "properties": { "id": 318 }, "geometry": { "type": "Point", "coordinates": [ 5.974097, 49.012484 ] } },
{ "type": "Feature", "properties": { "id": 319 }, "geometry": { "type": "Point", "coordinates": [ 5.956473, 48.640882 ] } },
{ "type": "Feature", "properties": { "id": 320 }, "geometry": { "type": "Point", "coordinates": [ 6.37475, 48.763957 ] } },
{ "type": "Feature", "properties": { "id": 321 }, "geometry": { "type": "Point", "coordinates": [ 6.388567, 48.523174 ] } },
{ "type": "Feature", "properties": { "id": 322 }, "geometry": { "type": "Point", "coordinates": [ 7.142325, 48.756036 ] } },
{ "type": "Feature", "properties": { "id": 323 }, "geometry": { "type": "Point", "coordinates": [ 6.956043, 48.519002 ] } },
{ "type": "Feature", "properties": { "id": 324 }, "geometry": { "type": "Point", "coordinates": [ 5.914955, 48.863996 ] } },
{ "type": "Feature", "properties": { "id": 325 }, "geometry": { "type": "Point", "coordinates": [ 6.036656, 48.848246 ] } },
{ "type": "Feature", "properties": { "id": 326 }, "geometry": { "type": "Point", "coordinates": [ 6.051448, 48.963567 ] } },
{ "type": "Feature", "properties": { "id": 327 }, "geometry": { "type": "Point", "coordinates": [ 7.142285, 49.187637 ] } },
{ "type": "Feature", "properties": { "id": 328 }, "geometry": { "type": "Point", "coordinates": [ 7.254464, 49.149398 ] } },
{ "type": "Feature", "properties": { "id": 329 }, "geometry": { "type": "Point", "coordinates": [ 6.158058, 48.985926 ] } },
{ "type": "Feature", "properties": { "id": 330 }, "geometry": { "type": "Point", "coordinates": [ 7.117108, 49.242376 ] } },
{ "type": "Feature", "properties": { "id": 331 }, "geometry": { "type": "Point", "coordinates": [ 6.433139, 48.628478 ] } },
{ "type": "Feature", "properties": { "id": 332 }, "geometry": { "type": "Point", "coordinates": [ 6.068921, 49.084848 ] } },
{ "type": "Feature", "properties": { "id": 333 }, "geometry": { "type": "Point", "coordinates": [ 6.634957, 48.837235 ] } },
{ "type": "Feature", "properties": { "id": 334 }, "geometry": { "type": "Point", "coordinates": [ 6.951903, 48.799308 ] } },
{ "type": "Feature", "properties": { "id": 335 }, "geometry": { "type": "Point", "coordinates": [ 6.061345, 48.844253 ] } },
{ "type": "Feature", "properties": { "id": 336 }, "geometry": { "type": "Point", "coordinates": [ 6.198715, 49.395986 ] } },
{ "type": "Feature", "properties": { "id": 337 }, "geometry": { "type": "Point", "coordinates": [ 6.337076, 48.777413 ] } },
{ "type": "Feature", "properties": { "id": 338 }, "geometry": { "type": "Point", "coordinates": [ 6.235956, 48.671954 ] } },
{ "type": "Feature", "properties": { "id": 339 }, "geometry": { "type": "Point", "coordinates": [ 6.700913, 49.080201 ] } },
{ "type": "Feature", "properties": { "id": 340 }, "geometry": { "type": "Point", "coordinates": [ 6.561264, 49.336432 ] } },
{ "type": "Feature", "properties": { "id": 341 }, "geometry": { "type": "Point", "coordinates": [ 7.131377, 48.9583 ] } },
{ "type": "Feature", "properties": { "id": 342 }, "geometry": { "type": "Point", "coordinates": [ 6.476642, 48.874613 ] } },
{ "type": "Feature", "properties": { "id": 343 }, "geometry": { "type": "Point", "coordinates": [ 7.322647, 49.123866 ] } },
{ "type": "Feature", "properties": { "id": 344 }, "geometry": { "type": "Point", "coordinates": [ 6.388156, 48.59816 ] } },
{ "type": "Feature", "properties": { "id": 345 }, "geometry": { "type": "Point", "coordinates": [ 6.643245, 48.870229 ] } },
{ "type": "Feature", "properties": { "id": 346 }, "geometry": { "type": "Point", "coordinates": [ 5.759352, 48.698181 ] } },
{ "type": "Feature", "properties": { "id": 347 }, "geometry": { "type": "Point", "coordinates": [ 6.6082, 48.634055 ] } },
{ "type": "Feature", "properties": { "id": 348 }, "geometry": { "type": "Point", "coordinates": [ 6.456775, 49.339511 ] } },
{ "type": "Feature", "properties": { "id": 349 }, "geometry": { "type": "Point", "coordinates": [ 6.249487, 48.824082 ] } },
{ "type": "Feature", "properties": { "id": 350 }, "geometry": { "type": "Point", "coordinates": [ 7.196518, 49.119566 ] } },
{ "type": "Feature", "properties": { "id": 351 }, "geometry": { "type": "Point", "coordinates": [ 6.00181, 49.062729 ] } },
{ "type": "Feature", "properties": { "id": 352 }, "geometry": { "type": "Point", "coordinates": [ 6.925821, 49.011199 ] } },
{ "type": "Feature", "properties": { "id": 353 }, "geometry": { "type": "Point", "coordinates": [ 6.123979, 49.37753 ] } },
{ "type": "Feature", "properties": { "id": 354 }, "geometry": { "type": "Point", "coordinates": [ 6.444776, 48.502329 ] } },
{ "type": "Feature", "properties": { "id": 355 }, "geometry": { "type": "Point", "coordinates": [ 5.750765, 48.942482 ] } },
{ "type": "Feature", "properties": { "id": 356 }, "geometry": { "type": "Point", "coordinates": [ 6.667269, 49.235909 ] } },
{ "type": "Feature", "properties": { "id": 357 }, "geometry": { "type": "Point", "coordinates": [ 5.789394, 48.550292 ] } },
{ "type": "Feature", "properties": { "id": 358 }, "geometry": { "type": "Point", "coordinates": [ 5.784329, 48.602975 ] } },
{ "type": "Feature", "properties": { "id": 359 }, "geometry": { "type": "Point", "coordinates": [ 5.8667, 48.918546 ] } },
{ "type": "Feature", "properties": { "id": 360 }, "geometry": { "type": "Point", "coordinates": [ 6.93692, 48.644876 ] } },
{ "type": "Feature", "properties": { "id": 361 }, "geometry": { "type": "Point", "coordinates": [ 6.819781, 49.335085 ] } },
{ "type": "Feature", "properties": { "id": 362 }, "geometry": { "type": "Point", "coordinates": [ 6.704126, 48.527356 ] } },
{ "type": "Feature", "properties": { "id": 363 }, "geometry": { "type": "Point", "coordinates": [ 6.100495, 49.271263 ] } },
{ "type": "Feature", "properties": { "id": 364 }, "geometry": { "type": "Point", "coordinates": [ 5.945745, 49.164327 ] } },
{ "type": "Feature", "properties": { "id": 365 }, "geometry": { "type": "Point", "coordinates": [ 6.635679, 49.125023 ] } },
{ "type": "Feature", "properties": { "id": 366 }, "geometry": { "type": "Point", "coordinates": [ 7.054726, 49.012518 ] } },
{ "type": "Feature", "properties": { "id": 367 }, "geometry": { "type": "Point", "coordinates": [ 5.84381, 48.650234 ] } },
{ "type": "Feature", "properties": { "id": 368 }, "geometry": { "type": "Point", "coordinates": [ 6.094919, 48.832051 ] } },
{ "type": "Feature", "properties": { "id": 369 }, "geometry": { "type": "Point", "coordinates": [ 7.29446, 49.375538 ] } },
{ "type": "Feature", "properties": { "id": 370 }, "geometry": { "type": "Point", "coordinates": [ 7.292504, 48.68849 ] } },
{ "type": "Feature", "properties": { "id": 371 }, "geometry": { "type": "Point", "coordinates": [ 6.2675, 49.033904 ] } },
{ "type": "Feature", "properties": { "id": 372 }, "geometry": { "type": "Point", "coordinates": [ 6.90786, 49.306471 ] } },
{ "type": "Feature", "properties": { "id": 373 }, "geometry": { "type": "Point", "coordinates": [ 7.112162, 49.220128 ] } },
{ "type": "Feature", "properties": { "id": 374 }, "geometry": { "type": "Point", "coordinates": [ 7.209521, 49.35645 ] } },
{ "type": "Feature", "properties": { "id": 375 }, "geometry": { "type": "Point", "coordinates": [ 6.981173, 48.557146 ] } },
{ "type": "Feature", "properties": { "id": 376 }, "geometry": { "type": "Point", "coordinates": [ 7.072336, 48.868187 ] } },
{ "type": "Feature", "properties": { "id": 377 }, "geometry": { "type": "Point", "coordinates": [ 7.267598, 49.22121 ] } },
{ "type": "Feature", "properties": { "id": 378 }, "geometry": { "type": "Point", "coordinates": [ 5.878358, 48.741511 ] } },
{ "type": "Feature", "properties": { "id": 379 }, "geometry": { "type": "Point", "coordinates": [ 5.927669, 49.007267 ] } },
{ "type": "Feature", "properties": { "id": 380 }, "geometry": { "type": "Point", "coordinates": [ 6.343185, 49.390761 ] } },
{ "type": "Feature", "properties": { "id": 381 }, "geometry": { "type": "Point", "coordinates": [ 6.14034, 48.62309 ] } },
{ "type": "Feature", "properties": { "id": 382 }, "geometry": { "type": "Point", "coordinates": [ 7.165121, 49.003237 ] } },
{ "type": "Feature", "properties": { "id": 383 }, "geometry": { "type": "Point", "coordinates": [ 6.060205, 49.296285 ] } },
{ "type": "Feature", "properties": { "id": 384 }, "geometry": { "type": "Point", "coordinates": [ 6.929335, 48.732588 ] } },
{ "type": "Feature", "properties": { "id": 385 }, "geometry": { "type": "Point", "coordinates": [ 6.989513, 49.195316 ] } },
{ "type": "Feature", "properties": { "id": 386 }, "geometry": { "type": "Point", "coordinates": [ 5.801106, 49.312217 ] } },
{ "type": "Feature", "properties": { "id": 387 }, "geometry": { "type": "Point", "coordinates": [ 6.254567, 48.511164 ] } },
{ "type": "Feature", "properties": { "id": 388 }, "geometry": { "type": "Point", "coordinates": [ 6.786139, 48.536729 ] } },
{ "type": "Feature", "properties": { "id": 389 }, "geometry": { "type": "Point", "coordinates": [ 6.973442, 49.390465 ] } },
{ "type": "Feature", "properties": { "id": 390 }, "geometry": { "type": "Point", "coordinates": [ 6.408699, 49.147046 ] } },
{ "type": "Feature", "properties": { "id": 391 }, "geometry": { "type": "Point", "coordinates": [ 6.582372, 48.613729 ] } },
{ "type": "Feature", "properties": { "id": 392 }, "geometry": { "type": "Point", "coordinates": [ 6.549065, 49.027991 ] } },
{ "type": "Feature", "properties": { "id": 393 }, "geometry": { "type": "Point", "coordinates": [ 5.915578, 49.376122 ] } },
{ "type": "Feature", "properties": { "id": 394 }, "geometry": { "type": "Point", "coordinates": [ 7.252624, 48.780106 ] } },
{ "type": "Feature", "properties": { "id": 395 }, "geometry": { "type": "Point", "coordinates": [ 6.329218, 48.638677 ] } },
{ "type": "Feature", "properties": { "id": 396 }, "geometry": { "type": "Point", "coordinates": [ 6.229237, 48.876525 ] } },
{ "type": "Feature", "properties": { "id": 397 }, "geometry": { "type": "Point", "coordinates": [ 6.177387, 48.565141 ] } },
{ "type": "Feature", "properties": { "id": 398 }, "geometry": { "type": "Point", "coordinates": [ 7.13262, 49.358788 ] } },
{ "type": "Feature", "properties": { "id": 399 }, "geometry": { "type": "Point", "coordinates": [ 6.197423, 48.806089 ] } },
{ "type": "Feature", "properties": { "id": 400 }, "geometry": { "type": "Point", "coordinates": [ 6.999952, 48.643157 ] } },
{ "type": "Feature", "properties": { "id": 401 }, "geometry": { "type": "Point", "coordinates": [ 6.458842, 48.815257 ] } },
{ "type": "Feature", "properties": { "id": 402 }, "geometry": { "type": "Point", "coordinates": [ 6.62675, 48.788885 ] } },
{ "type": "Feature", "properties": { "id": 403 }, "geometry": { "type": "Point", "coordinates": [ 7.081498, 49.294054 ] } },
{ "type": "Feature", "properties": { "id": 404 }, "geometry": { "type": "Point", "coordinates": [ 7.178196, 48.547373 ] } },
{ "type": "Feature", "properties": { "id": 405 }, "geometry": { "type": "Point", "coordinates": [ 5.882793, 49.364505 ] } },
{ "type": "Feature", "properties": { "id": 406 }, "geometry": { "type": "Point", "coordinates": [ 7.220072, 48.778212 ] } },
{ "type": "Feature", "properties": { "id": 407 }, "geometry": { "type": "Point", "coordinates": [ 5.922852, 48.766186 ] } },
{ "type": "Feature", "properties": { "id": 408 }, "geometry": { "type": "Point", "coordinates": [ 6.697228, 48.966956 ] } },
{ "type": "Feature", "properties": { "id": 409 }, "geometry": { "type": "Point", "coordinates": [ 6.158713, 49.116452 ] } },
{ "type": "Feature", "properties": { "id": 410 }, "geometry": { "type": "Point", "coordinates": [ 6.218342, 48.635865 ] } },
{ "type": "Feature", "properties": { "id": 411 }, "geometry": { "type": "Point", "coordinates": [ 6.411777, 48.768765 ] } },
{ "type": "Feature", "properties": { "id": 412 }, "geometry": { "type": "Point", "coordinates": [ 6.905283, 49.015105 ] } },
{ "type": "Feature", "properties": { "id": 413 }, "geometry": { "type": "Point", "coordinates": [ 6.657613, 48.777449 ] } },
{ "type": "Feature", "properties": { "id": 414 }, "geometry": { "type": "Point", "coordinates": [ 6.769869, 48.661543 ] } },
{ "type": "Feature", "properties": { "id": 415 }, "geometry": { "type": "Point", "coordinates": [ 6.273164, 49.265119 ] } },
{ "type": "Feature", "properties": { "id": 416 }, "geometry": { "type": "Point", "coordinates": [ 7.207983, 48.952439 ] } },
{ "type": "Feature", "properties": { "id": 417 }, "geometry": { "type": "Point", "coordinates": [ 6.270555, 49.203339 ] } },
{ "type": "Feature", "properties": { "id": 418 }, "geometry": { "type": "Point", "coordinates": [ 6.306935, 49.357735 ] } },
{ "type": "Feature", "properties": { "id": 419 }, "geometry": { "type": "Point", "coordinates": [ 5.839692, 49.088559 ] } },
{ "type": "Feature", "properties": { "id": 420 }, "geometry": { "type": "Point", "coordinates": [ 5.857556, 48.993112 ] } },
{ "type": "Feature", "properties": { "id": 421 }, "geometry": { "type": "Point", "coordinates": [ 6.465794, 48.578129 ] } },
{ "type": "Feature", "properties": { "id": 422 }, "geometry": { "type": "Point", "coordinates": [ 7.005424, 48.582723 ] } },
{ "type": "Feature", "properties": { "id": 423 }, "geometry": { "type": "Point", "coordinates": [ 6.950396, 48.962509 ] } },
{ "type": "Feature", "properties": { "id": 424 }, "geometry": { "type": "Point", "coordinates": [ 6.976794, 48.529571 ] } },
{ "type": "Feature", "properties": { "id": 425 }, "geometry": { "type": "Point", "coordinates": [ 6.677041, 48.915941 ] } },
{ "type": "Feature", "properties": { "id": 426 }, "geometry": { "type": "Point", "coordinates": [ 6.659505, 49.217978 ] } },
{ "type": "Feature", "properties": { "id": 427 }, "geometry": { "type": "Point", "coordinates": [ 7.314372, 48.706289 ] } },
{ "type": "Feature", "properties": { "id": 428 }, "geometry": { "type": "Point", "coordinates": [ 6.944057, 48.711703 ] } },
{ "type": "Feature", "properties": { "id": 429 }, "geometry": { "type": "Point", "coordinates": [ 7.035452, 49.279344 ] } },
{ "type": "Feature", "properties": { "id": 430 }, "geometry": { "type": "Point", "coordinates": [ 5.867966, 49.305854 ] } },
{ "type": "Feature", "properties": { "id": 431 }, "geometry": { "type": "Point", "coordinates": [ 6.531955, 48.865331 ] } },
{ "type": "Feature", "properties": { "id": 432 }, "geometry": { "type": "Point", "coordinates": [ 6.966549, 48.550232 ] } },
{ "type": "Feature", "properties": { "id": 433 }, "geometry": { "type": "Point", "coordinates": [ 7.15608, 48.978656 ] } },
{ "type": "Feature", "properties": { "id": 434 }, "geometry": { "type": "Point", "coordinates": [ 7.269466, 49.057847 ] } },
{ "type": "Feature", "properties": { "id": 435 }, "geometry": { "type": "Point", "coordinates": [ 5.817909, 48.665517 ] } },
{ "type": "Feature", "properties": { "id": 436 }, "geometry": { "type": "Point", "coordinates": [ 7.005847, 49.364231 ] } },
{ "type": "Feature", "properties": { "id": 437 }, "geometry": { "type": "Point", "coordinates": [ 5.840328, 48.853246 ] } },
{ "type": "Feature", "properties": { "id": 438 }, "geometry": { "type": "Point", "coordinates": [ 6.937229, 48.556104 ] } },
{ "type": "Feature", "properties": { "id": 439 }, "geometry": { "type": "Point", "coordinates": [ 6.192627, 48.772988 ] } },
{ "type": "Feature", "properties": { "id": 440 }, "geometry": { "type": "Point", "coordinates": [ 6.636962, 49.145854 ] } },
{ "type": "Feature", "properties": { "id": 441 }, "geometry": { "type": "Point", "coordinates": [ 6.571256, 49.222488 ] } },
{ "type": "Feature", "properties": { "id": 442 }, "geometry": { "type": "Point", "coordinates": [ 6.377352, 48.769687 ] } },
{ "type": "Feature", "properties": { "id": 443 }, "geometry": { "type": "Point", "coordinates": [ 7.198956, 48.71503 ] } },
{ "type": "Feature", "properties": { "id": 444 }, "geometry": { "type": "Point", "coordinates": [ 6.737993, 49.384754 ] } },
{ "type": "Feature", "properties": { "id": 445 }, "geometry": { "type": "Point", "coordinates": [ 5.943095, 48.846586 ] } },
{ "type": "Feature", "properties": { "id": 446 }, "geometry": { "type": "Point", "coordinates": [ 6.331003, 48.811445 ] } },
{ "type": "Feature", "properties": { "id": 447 }, "geometry": { "type": "Point", "coordinates": [ 7.305041, 48.714001 ] } },
{ "type": "Feature", "properties": { "id": 448 }, "geometry": { "type": "Point", "coordinates": [ 5.982215, 48.560417 ] } },
{ "type": "Feature", "properties": { "id": 449 }, "geometry": { "type": "Point", "coordinates": [ 6.005108, 49.155867 ] } },
{ "type": "Feature", "properties": { "id": 450 }, "geometry": { "type": "Point", "coordinates": [ 6.686982, 48.791816 ] } },
{ "type": "Feature", "properties": { "id": 451 }, "geometry": { "type": "Point", "coordinates": [ 6.08032, 48.590818 ] } },
{ "type": "Feature", "properties": { "id": 452 }, "geometry": { "type": "Point", "coordinates": [ 7.220844, 48.951707 ] } },
{ "type": "Feature", "properties": { "id": 453 }, "geometry": { "type": "Point", "coordinates": [ 7.161413, 48.92669 ] } },
{ "type": "Feature", "properties": { "id": 454 }, "geometry": { "type": "Point", "coordinates": [ 6.607396, 48.681684 ] } },
{ "type": "Feature", "properties": { "id": 455 }, "geometry": { "type": "Point", "coordinates": [ 6.479293, 49.205286 ] } },
{ "type": "Feature", "properties": { "id": 456 }, "geometry": { "type": "Point", "coordinates": [ 7.306121, 48.759597 ] } },
{ "type": "Feature", "properties": { "id": 457 }, "geometry": { "type": "Point", "coordinates": [ 7.235641, 48.87321 ] } },
{ "type": "Feature", "properties": { "id": 458 }, "geometry": { "type": "Point", "coordinates": [ 5.764288, 49.086027 ] } },
{ "type": "Feature", "properties": { "id": 459 }, "geometry": { "type": "Point", "coordinates": [ 6.225209, 48.918614 ] } },
{ "type": "Feature", "properties": { "id": 460 }, "geometry": { "type": "Point", "coordinates": [ 7.285771, 49.002519 ] } },
{ "type": "Feature", "properties": { "id": 461 }, "geometry": { "type": "Point", "coordinates": [ 6.704594, 48.789654 ] } },
{ "type": "Feature", "properties": { "id": 462 }, "geometry": { "type": "Point", "coordinates": [ 5.941568, 49.084903 ] } },
{ "type": "Feature", "properties": { "id": 463 }, "geometry": { "type": "Point", "coordinates": [ 6.818161, 48.835612 ] } },
{ "type": "Feature", "properties": { "id": 464 }, "geometry": { "type": "Point", "coordinates": [ 6.73561, 48.66013 ] } },
{ "type": "Feature", "properties": { "id": 465 }, "geometry": { "type": "Point", "coordinates": [ 6.2802, 48.681715 ] } },
{ "type": "Feature", "properties": { "id": 466 }, "geometry": { "type": "Point", "coordinates": [ 7.127297, 49.220466 ] } },
{ "type": "Feature", "properties": { "id": 467 }, "geometry": { "type": "Point", "coordinates": [ 6.64896, 48.545802 ] } },
{ "type": "Feature", "properties": { "id": 468 }, "geometry": { "type": "Point", "coordinates": [ 6.624385, 49.274389 ] } },
{ "type": "Feature", "properties": { "id": 469 }, "geometry": { "type": "Point", "coordinates": [ 5.894341, 48.852271 ] } },
{ "type": "Feature", "properties": { "id": 470 }, "geometry": { "type": "Point", "coordinates": [ 6.890284, 48.754137 ] } },
{ "type": "Feature", "properties": { "id": 471 }, "geometry": { "type": "Point", "coordinates": [ 6.717324, 48.645531 ] } },
{ "type": "Feature", "properties": { "id": 472 }, "geometry": { "type": "Point", "coordinates": [ 6.181231, 48.617782 ] } },
{ "type": "Feature", "properties": { "id": 473 }, "geometry": { "type": "Point", "coordinates": [ 5.880015, 48.904525 ] } },
{ "type": "Feature", "properties": { "id": 474 }, "geometry": { "type": "Point", "coordinates": [ 5.992024, 49.275909 ] } },
{ "type": "Feature", "properties": { "id": 475 }, "geometry": { "type": "Point", "coordinates": [ 6.247273, 49.312193 ] } },
{ "type": "Feature", "properties": { "id": 476 }, "geometry": { "type": "Point", "coordinates": [ 7.317454, 48.964512 ] } },
{ "type": "Feature", "properties": { "id": 477 }, "geometry": { "type": "Point", "coordinates": [ 6.408745, 49.142253 ] } },
{ "type": "Feature", "properties": { "id": 478 }, "geometry": { "type": "Point", "coordinates": [ 6.134, 48.739865 ] } },
{ "type": "Feature", "properties": { "id": 479 }, "geometry": { "type": "Point", "coordinates": [ 6.358007, 49.388478 ] } },
{ "type": "Feature", "properties": { "id": 480 }, "geometry": { "type": "Point", "coordinates": [ 6.68927, 49.344669 ] } },
{ "type": "Feature", "properties": { "id": 481 }, "geometry": { "type": "Point", "coordinates": [ 7.058045, 49.087071 ] } },
{ "type": "Feature", "properties": { "id": 482 }, "geometry": { "type": "Point", "coordinates": [ 7.135956, 48.567271 ] } },
{ "type": "Feature", "properties": { "id": 483 }, "geometry": { "type": "Point", "coordinates": [ 6.614043, 48.721376 ] } },
{ "type": "Feature", "properties": { "id": 484 }, "geometry": { "type": "Point", "coordinates": [ 5.773914, 48.865457 ] } },
{ "type": "Feature", "properties": { "id": 485 }, "geometry": { "type": "Point", "coordinates": [ 6.418132, 48.612826 ] } },
{ "type": "Feature", "properties": { "id": 486 }, "geometry": { "type": "Point", "coordinates": [ 7.087452, 48.55607 ] } },
{ "type": "Feature", "properties": { "id": 487 }, "geometry": { "type": "Point", "coordinates": [ 6.653807, 48.687424 ] } },
{ "type": "Feature", "properties": { "id": 488 }, "geometry": { "type": "Point", "coordinates": [ 7.143159, 49.336936 ] } },
{ "type": "Feature", "properties": { "id": 489 }, "geometry": { "type": "Point", "coordinates": [ 7.138014, 49.304222 ] } },
{ "type": "Feature", "properties": { "id": 490 }, "geometry": { "type": "Point", "coordinates": [ 5.824077, 49.048123 ] } },
{ "type": "Feature", "properties": { "id": 491 }, "geometry": { "type": "Point", "coordinates": [ 6.675595, 49.11998 ] } },
{ "type": "Feature", "properties": { "id": 492 }, "geometry": { "type": "Point", "coordinates": [ 5.923881, 48.781172 ] } },
{ "type": "Feature", "properties": { "id": 493 }, "geometry": { "type": "Point", "coordinates": [ 6.697955, 49.310509 ] } },
{ "type": "Feature", "properties": { "id": 494 }, "geometry": { "type": "Point", "coordinates": [ 6.587409, 48.983955 ] } },
{ "type": "Feature", "properties": { "id": 495 }, "geometry": { "type": "Point", "coordinates": [ 5.845801, 48.874397 ] } },
{ "type": "Feature", "properties": { "id": 496 }, "geometry": { "type": "Point", "coordinates": [ 7.0059, 49.338018 ] } },
{ "type": "Feature", "properties": { "id": 497 }, "geometry": { "type": "Point", "coordinates": [ 6.985499, 49.282412 ] } },
{ "type": "Feature", "properties": { "id": 498 }, "geometry": { "type": "Point", "coordinates": [ 5.86297, 49.068391 ] } },
{ "type": "Feature", "properties": { "id": 499 }, "geometry": { "type": "Point", "coordinates": [ 7.181399, 49.02788 ] } },
{ "type": "Feature", "properties": { "id": 500 }, "geometry": { "type": "Point", "coordinates": [ 7.12377, 49.153207 ] } },
{ "type": "Feature", "properties": { "id": 501 }, "geometry": { "type": "Point", "coordinates": [ 5.877513, 48.898616 ] } },
{ "type": "Feature", "properties": { "id": 502 }, "geometry": { "type": "Point", "coordinates": [ 6.904124, 49.151892 ] } },
{ "type": "Feature", "properties": { "id": 503 }, "geometry": { "type": "Point", "coordinates": [ 7.08402, 49.387185 ] } },
{ "type": "Feature", "properties": { "id": 504 }, "geometry": { "type": "Point", "coordinates": [ 6.699007, 48.522826 ] } },
{ "type": "Feature", "properties": { "id": 505 }, "geometry": { "type": "Point", "coordinates": [ 5.924999, 48.914272 ] } },
{ "type": "Feature", "properties": { "id": 506 }, "geometry": { "type": "Point", "coordinates": [ 6.304756, 49.286232 ] } },
{ "type": "Feature", "properties": { "id": 507 }, "geometry": { "type": "Point", "coordinates": [ 5.884381, 49.392509 ] } },
{ "type": "Feature", "properties": { "id": 508 }, "geometry": { "type": "Point", "coordinates": [ 7.041469, 49.297179 ] } },
{ "type": "Feature", "properties": { "id": 509 }, "geometry": { "type": "Point", "coordinates": [ 6.76055, 48.667209 ] } },
{ "type": "Feature", "properties": { "id": 510 }, "geometry": { "type": "Point", "coordinates": [ 6.470261, 48.648386 ] } },
{ "type": "Feature", "properties": { "id": 511 }, "geometry": { "type": "Point", "coordinates": [ 5.914582, 48.894468 ] } },
{ "type": "Feature", "properties": { "id": 512 }, "geometry": { "type": "Point", "coordinates": [ 5.862692, 48.951049 ] } },
{ "type": "Feature", "properties": { "id": 513 }, "geometry": { "type": "Point", "coordinates": [ 6.45043, 49.032361 ] } },
{ "type": "Feature", "properties": { "id": 514 }, "geometry": { "type": "Point", "coordinates": [ 6.401529, 48.837704 ] } },
{ "type": "Feature", "properties": { "id": 515 }, "geometry": { "type": "Point", "coordinates": [ 6.362368, 48.680004 ] } },
{ "type": "Feature", "properties": { "id": 516 }, "geometry": { "type": "Point", "coordinates": [ 6.642441, 48.759211 ] } },
{ "type": "Feature", "properties": { "id": 517 }, "geometry": { "type": "Point", "coordinates": [ 5.963704, 48.992606 ] } },
{ "type": "Feature", "properties": { "id": 518 }, "geometry": { "type": "Point", "coordinates": [ 6.050996, 48.730449 ] } },
{ "type": "Feature", "properties": { "id": 519 }, "geometry": { "type": "Point", "coordinates": [ 6.657144, 49.223054 ] } },
{ "type": "Feature", "properties": { "id": 520 }, "geometry": { "type": "Point", "coordinates": [ 5.977231, 48.610745 ] } },
{ "type": "Feature", "properties": { "id": 521 }, "geometry": { "type": "Point", "coordinates": [ 6.76653, 48.69358 ] } },
{ "type": "Feature", "properties": { "id": 522 }, "geometry": { "type": "Point", "coordinates": [ 6.406246, 48.822521 ] } },
{ "type": "Feature", "properties": { "id": 523 }, "geometry": { "type": "Point", "coordinates": [ 6.109512, 48.554229 ] } },
{ "type": "Feature", "properties": { "id": 524 }, "geometry": { "type": "Point", "coordinates": [ 6.922883, 49.106979 ] } },
{ "type": "Feature", "properties": { "id": 525 }, "geometry": { "type": "Point", "coordinates": [ 7.104532, 48.999634 ] } },
{ "type": "Feature", "properties": { "id": 526 }, "geometry": { "type": "Point", "coordinates": [ 6.56106, 49.194204 ] } },
{ "type": "Feature", "properties": { "id": 527 }, "geometry": { "type": "Point", "coordinates": [ 6.483263, 49.360455 ] } },
{ "type": "Feature", "properties": { "id": 528 }, "geometry": { "type": "Point", "coordinates": [ 5.913759, 48.852084 ] } },
{ "type": "Feature", "properties": { "id": 529 }, "geometry": { "type": "Point", "coordinates": [ 5.768955, 49.191746 ] } },
{ "type": "Feature", "properties": { "id": 530 }, "geometry": { "type": "Point", "coordinates": [ 6.56891, 49.043103 ] } },
{ "type": "Feature", "properties": { "id": 531 }, "geometry": { "type": "Point", "coordinates": [ 7.024024, 48.931641 ] } },
{ "type": "Feature", "properties": { "id": 532 }, "geometry": { "type": "Point", "coordinates": [ 7.064352, 48.823712 ] } },
{ "type": "Feature", "properties": { "id": 533 }, "geometry": { "type": "Point", "coordinates": [ 6.995946, 48.882176 ] } },
{ "type": "Feature", "properties": { "id": 534 }, "geometry": { "type": "Point", "coordinates": [ 6.892084, 48.811921 ] } },
{ "type": "Feature", "properties": { "id": 535 }, "geometry": { "type": "Point", "coordinates": [ 7.315231, 49.255898 ] } },
{ "type": "Feature", "properties": { "id": 536 }, "geometry": { "type": "Point", "coordinates": [ 7.013091, 48.851685 ] } },
{ "type": "Feature", "properties": { "id": 537 }, "geometry": { "type": "Point", "coordinates": [ 6.381871, 48.749726 ] } },
{ "type": "Feature", "properties": { "id": 538 }, "geometry": { "type": "Point", "coordinates": [ 7.002107, 48.835376 ] } },
{ "type": "Feature", "properties": { "id": 539 }, "geometry": { "type": "Point", "coordinates": [ 6.201878, 49.346343 ] } },
{ "type": "Feature", "properties": { "id": 540 }, "geometry": { "type": "Point", "coordinates": [ 6.376888, 48.741584 ] } },
{ "type": "Feature", "properties": { "id": 541 }, "geometry": { "type": "Point", "coordinates": [ 6.155089, 49.069474 ] } },
{ "type": "Feature", "properties": { "id": 542 }, "geometry": { "type": "Point", "coordinates": [ 6.813055, 49.006649 ] } },
{ "type": "Feature", "properties": { "id": 543 }, "geometry": { "type": "Point", "coordinates": [ 7.266215, 48.991471 ] } },
{ "type": "Feature", "properties": { "id": 544 }, "geometry": { "type": "Point", "coordinates": [ 6.411811, 49.309074 ] } },
{ "type": "Feature", "properties": { "id": 545 }, "geometry": { "type": "Point", "coordinates": [ 6.147218, 48.639421 ] } },
{ "type": "Feature", "properties": { "id": 546 }, "geometry": { "type": "Point", "coordinates": [ 6.877934, 48.928971 ] } },
{ "type": "Feature", "properties": { "id": 547 }, "geometry": { "type": "Point", "coordinates": [ 6.839771, 49.093671 ] } },
{ "type": "Feature", "properties": { "id": 548 }, "geometry": { "type": "Point", "coordinates": [ 7.126505, 48.781315 ] } },
{ "type": "Feature", "properties": { "id": 549 }, "geometry": { "type": "Point", "coordinates": [ 7.234323, 49.222703 ] } },
{ "type": "Feature", "properties": { "id": 550 }, "geometry": { "type": "Point", "coordinates": [ 6.610246, 48.611316 ] } },
{ "type": "Feature", "properties": { "id": 551 }, "geometry": { "type": "Point", "coordinates": [ 6.82666, 48.918958 ] } },
{ "type": "Feature", "properties": { "id": 552 }, "geometry": { "type": "Point", "coordinates": [ 6.85408, 49.026437 ] } },
{ "type": "Feature", "properties": { "id": 553 }, "geometry": { "type": "Point", "coordinates": [ 6.551189, 49.268514 ] } },
{ "type": "Feature", "properties": { "id": 554 }, "geometry": { "type": "Point", "coordinates": [ 6.694923, 49.096295 ] } },
{ "type": "Feature", "properties": { "id": 555 }, "geometry": { "type": "Point", "coordinates": [ 6.688391, 49.153431 ] } },
{ "type": "Feature", "properties": { "id": 556 }, "geometry": { "type": "Point", "coordinates": [ 6.465782, 48.593269 ] } },
{ "type": "Feature", "properties": { "id": 557 }, "geometry": { "type": "Point", "coordinates": [ 6.000959, 49.058416 ] } },
{ "type": "Feature", "properties": { "id": 558 }, "geometry": { "type": "Point", "coordinates": [ 6.794594, 49.170717 ] } },
{ "type": "Feature", "properties": { "id": 559 }, "geometry": { "type": "Point", "coordinates": [ 5.885604, 49.086849 ] } },
{ "type": "Feature", "properties": { "id": 560 }, "geometry": { "type": "Point", "coordinates": [ 5.803535, 48.7106 ] } },
{ "type": "Feature", "properties": { "id": 561 }, "geometry": { "type": "Point", "coordinates": [ 6.488086, 48.645171 ] } },
{ "type": "Feature", "properties": { "id": 562 }, "geometry": { "type": "Point", "coordinates": [ 6.578379, 49.042832 ] } },
{ "type": "Feature", "properties": { "id": 563 }, "geometry": { "type": "Point", "coordinates": [ 6.013017, 48.65475 ] } },
{ "type": "Feature", "properties": { "id": 564 }, "geometry": { "type": "Point", "coordinates": [ 5.776403, 48.874465 ] } },
{ "type": "Feature", "properties": { "id": 565 }, "geometry": { "type": "Point", "coordinates": [ 7.032588, 49.388953 ] } },
{ "type": "Feature", "properties": { "id": 566 }, "geometry": { "type": "Point", "coordinates": [ 6.205594, 48.517613 ] } },
{ "type": "Feature", "properties": { "id": 567 }, "geometry": { "type": "Point", "coordinates": [ 6.426068, 48.833674 ] } },
{ "type": "Feature", "properties": { "id": 568 }, "geometry": { "type": "Point", "coordinates": [ 6.263756, 49.282072 ] } },
{ "type": "Feature", "properties": { "id": 569 }, "geometry": { "type": "Point", "coordinates": [ 6.551665, 48.817205 ] } },
{ "type": "Feature", "properties": { "id": 570 }, "geometry": { "type": "Point", "coordinates": [ 5.846205, 48.678818 ] } },
{ "type": "Feature", "properties": { "id": 571 }, "geometry": { "type": "Point", "coordinates": [ 5.801229, 49.124911 ] } },
{ "type": "Feature", "properties": { "id": 572 }, "geometry": { "type": "Point", "coordinates": [ 6.266792, 49.353871 ] } },
{ "type": "Feature", "properties": { "id": 573 }, "geometry": { "type": "Point", "coordinates": [ 5.914005, 48.899745 ] } },
{ "type": "Feature", "properties": { "id": 574 }, "geometry": { "type": "Point", "coordinates": [ 7.335239, 48.6718 ] } },
{ "type": "Feature", "properties": { "id": 575 }, "geometry": { "type": "Point", "coordinates": [ 5.77062, 49.003863 ] } },
{ "type": "Feature", "properties": { "id": 576 }, "geometry": { "type": "Point", "coordinates": [ 6.950537, 48.570881 ] } },
{ "type": "Feature", "properties": { "id": 577 }, "geometry": { "type": "Point", "coordinates": [ 6.723647, 48.679824 ] } },
{ "type": "Feature", "properties": { "id": 578 }, "geometry": { "type": "Point", "coordinates": [ 6.676818, 48.946633 ] } },
{ "type": "Feature", "properties": { "id": 579 }, "geometry": { "type": "Point", "coordinates": [ 5.755156, 48.710448 ] } },
{ "type": "Feature", "properties": { "id": 580 }, "geometry": { "type": "Point", "coordinates": [ 6.948033, 48.629489 ] } },
{ "type": "Feature", "properties": { "id": 581 }, "geometry": { "type": "Point", "coordinates": [ 6.810274, 49.233329 ] } },
{ "type": "Feature", "properties": { "id": 582 }, "geometry": { "type": "Point", "coordinates": [ 7.330493, 48.60206 ] } },
{ "type": "Feature", "properties": { "id": 583 }, "geometry": { "type": "Point", "coordinates": [ 6.706751, 48.948009 ] } },
{ "type": "Feature", "properties": { "id": 584 }, "geometry": { "type": "Point", "coordinates": [ 7.329281, 48.795361 ] } },
{ "type": "Feature", "properties": { "id": 585 }, "geometry": { "type": "Point", "coordinates": [ 6.979916, 49.090849 ] } },
{ "type": "Feature", "properties": { "id": 586 }, "geometry": { "type": "Point", "coordinates": [ 5.825851, 49.160849 ] } },
{ "type": "Feature", "properties": { "id": 587 }, "geometry": { "type": "Point", "coordinates": [ 6.361757, 49.397974 ] } },
{ "type": "Feature", "properties": { "id": 588 }, "geometry": { "type": "Point", "coordinates": [ 6.408746, 49.100529 ] } },
{ "type": "Feature", "properties": { "id": 589 }, "geometry": { "type": "Point", "coordinates": [ 5.855471, 48.741238 ] } },
{ "type": "Feature", "properties": { "id": 590 }, "geometry": { "type": "Point", "coordinates": [ 6.147903, 48.896455 ] } },
{ "type": "Feature", "properties": { "id": 591 }, "geometry": { "type": "Point", "coordinates": [ 6.965195, 49.072935 ] } },
{ "type": "Feature", "properties": { "id": 592 }, "geometry": { "type": "Point", "coordinates": [ 5.802792, 49.234699 ] } },
{ "type": "Feature", "properties": { "id": 593 }, "geometry": { "type": "Point", "coordinates": [ 7.3136, 49.378052 ] } },
{ "type": "Feature", "properties": { "id": 594 }, "geometry": { "type": "Point", "coordinates": [ 6.880784, 48.845708 ] } },
{ "type": "Feature", "properties": { "id": 595 }, "geometry": { "type": "Point", "coordinates": [ 5.991358, 48.815291 ] } },
{ "type": "Feature", "properties": { "id": 596 }, "geometry": { "type": "Point", "coordinates": [ 6.404244, 48.623267 ] } },
{ "type": "Feature", "properties": { "id": 597 }, "geometry": { "type": "Point", "coordinates": [ 7.266989, 49.295989 ] } },
{ "type": "Feature", "properties": { "id": 598 }, "geometry": { "type": "Point", "coordinates": [ 6.752895, 48.570447 ] } },
{ "type": "Feature", "properties": { "id": 599 }, "geometry": { "type": "Point", "coordinates": [ 7.336329, 49.33437 ] } },
{ "type": "Feature", "properties": { "id": 600 }, "geometry": { "type": "Point", "coordinates": [ 6.68576, 49.284935 ] } },
{ "type": "Feature", "properties": { "id": 601 }, "geometry": { "type": "Point", "coordinates": [ 6.239564, 48.811611 ] } },
{ "type": "Feature", "properties": { "id": 602 }, "geometry": { "type": "Point", "coordinates": [ 6.61466, 49.220836 ] } },
{ "type": "Feature", "properties": { "id": 603 }, "geometry": { "type": "Point", "coordinates": [ 6.36699, 49.184244 ] } },
{ "type": "Feature", "properties": { "id": 604 }, "geometry": { "type": "Point", "coordinates": [ 7.141579, 49.333425 ] } },
{ "type": "Feature", "properties": { "id": 605 }, "geometry": { "type": "Point", "coordinates": [ 6.291761, 48.805719 ] } },
{ "type": "Feature", "properties": { "id": 606 }, "geometry": { "type": "Point", "coordinates": [ 6.974648, 48.877253 ] } },
{ "type": "Feature", "properties": { "id": 607 }, "geometry": { "type": "Point", "coordinates": [ 6.928361, 48.914382 ] } },
{ "type": "Feature", "properties": { "id": 608 }, "geometry": { "type": "Point", "coordinates": [ 6.498565, 48.94195 ] } },
{ "type": "Feature", "properties": { "id": 609 }, "geometry": { "type": "Point", "coordinates": [ 6.927401, 48.66148 ] } },
{ "type": "Feature", "properties": { "id": 610 }, "geometry": { "type": "Point", "coordinates": [ 6.037251, 48.689639 ] } },
{ "type": "Feature", "properties": { "id": 611 }, "geometry": { "type": "Point", "coordinates": [ 6.23257, 48.711815 ] } },
{ "type": "Feature", "properties": { "id": 612 }, "geometry": { "type": "Point", "coordinates": [ 7.294722, 49.238252 ] } },
{ "type": "Feature", "properties": { "id": 613 }, "geometry": { "type": "Point", "coordinates": [ 6.109242, 48.619144 ] } },
{ "type": "Feature", "properties": { "id": 614 }, "geometry": { "type": "Point", "coordinates": [ 5.8261, 49.344471 ] } },
{ "type": "Feature", "properties": { "id": 615 }, "geometry": { "type": "Point", "coordinates": [ 7.091806, 49.328359 ] } },
{ "type": "Feature", "properties": { "id": 616 }, "geometry": { "type": "Point", "coordinates": [ 6.384008, 48.767163 ] } },
{ "type": "Feature", "properties": { "id": 617 }, "geometry": { "type": "Point", "coordinates": [ 6.743028, 48.967022 ] } },
{ "type": "Feature", "properties": { "id": 618 }, "geometry": { "type": "Point", "coordinates": [ 6.918306, 48.758581 ] } },
{ "type": "Feature", "properties": { "id": 619 }, "geometry": { "type": "Point", "coordinates": [ 6.907073, 48.842235 ] } },
{ "type": "Feature", "properties": { "id": 620 }, "geometry": { "type": "Point", "coordinates": [ 6.589942, 48.620607 ] } },
{ "type": "Feature", "properties": { "id": 621 }, "geometry": { "type": "Point", "coordinates": [ 6.419745, 49.254267 ] } },
{ "type": "Feature", "properties": { "id": 622 }, "geometry": { "type": "Point", "coordinates": [ 6.115148, 48.582164 ] } },
{ "type": "Feature", "properties": { "id": 623 }, "geometry": { "type": "Point", "coordinates": [ 6.473283, 48.516164 ] } },
{ "type": "Feature", "properties": { "id": 624 }, "geometry": { "type": "Point", "coordinates": [ 6.120222, 48.771804 ] } },
{ "type": "Feature", "properties": { "id": 625 }, "geometry": { "type": "Point", "coordinates": [ 6.630711, 49.302305 ] } },
{ "type": "Feature", "properties": { "id": 626 }, "geometry": { "type": "Point", "coordinates": [ 7.064886, 49.112815 ] } },
{ "type": "Feature", "properties": { "id": 627 }, "geometry": { "type": "Point", "coordinates": [ 5.921593, 49.342436 ] } },
{ "type": "Feature", "properties": { "id": 628 }, "geometry": { "type": "Point", "coordinates": [ 6.054555, 49.092746 ] } },
{ "type": "Feature", "properties": { "id": 629 }, "geometry": { "type": "Point", "coordinates": [ 6.469417, 48.827831 ] } },
{ "type": "Feature", "properties": { "id": 630 }, "geometry": { "type": "Point", "coordinates": [ 7.083376, 49.036235 ] } },
{ "type": "Feature", "properties": { "id": 631 }, "geometry": { "type": "Point", "coordinates": [ 7.230198, 49.309709 ] } },
{ "type": "Feature", "properties": { "id": 632 }, "geometry": { "type": "Point", "coordinates": [ 7.000157, 49.347899 ] } },
{ "type": "Feature", "properties": { "id": 633 }, "geometry": { "type": "Point", "coordinates": [ 7.150004, 48.59022 ] } },
{ "type": "Feature", "properties": { "id": 634 }, "geometry": { "type": "Point", "coordinates": [ 7.263798, 48.735324 ] } },
{ "type": "Feature", "properties": { "id": 635 }, "geometry": { "type": "Point", "coordinates": [ 5.987378, 48.970172 ] } },
{ "type": "Feature", "properties": { "id": 636 }, "geometry": { "type": "Point", "coordinates": [ 6.03839, 49.053369 ] } },
{ "type": "Feature", "properties": { "id": 637 }, "geometry": { "type": "Point", "coordinates": [ 7.126484, 49.028147 ] } },
{ "type": "Feature", "properties": { "id": 638 }, "geometry": { "type": "Point", "coordinates": [ 6.182257, 48.904804 ] } },
{ "type": "Feature", "properties": { "id": 639 }, "geometry": { "type": "Point", "coordinates": [ 6.341982, 48.801357 ] } },
{ "type": "Feature", "properties": { "id": 640 }, "geometry": { "type": "Point", "coordinates": [ 6.224144, 48.62325 ] } },
{ "type": "Feature", "properties": { "id": 641 }, "geometry": { "type": "Point", "coordinates": [ 5.762276, 48.971647 ] } },
{ "type": "Feature", "properties": { "id": 642 }, "geometry": { "type": "Point", "coordinates": [ 7.262361, 48.678221 ] } },
{ "type": "Feature", "properties": { "id": 643 }, "geometry": { "type": "Point", "coordinates": [ 7.255195, 48.585074 ] } },
{ "type": "Feature", "properties": { "id": 644 }, "geometry": { "type": "Point", "coordinates": [ 6.167291, 49.258433 ] } },
{ "type": "Feature", "properties": { "id": 645 }, "geometry": { "type": "Point", "coordinates": [ 6.429742, 48.553927 ] } },
{ "type": "Feature", "properties": { "id": 646 }, "geometry": { "type": "Point", "coordinates": [ 6.265193, 48.690401 ] } },
{ "type": "Feature", "properties": { "id": 647 }, "geometry": { "type": "Point", "coordinates": [ 6.210769, 48.609029 ] } },
{ "type": "Feature", "properties": { "id": 648 }, "geometry": { "type": "Point", "coordinates": [ 6.808583, 49.242527 ] } },
{ "type": "Feature", "properties": { "id": 649 }, "geometry": { "type": "Point", "coordinates": [ 6.931168, 48.918231 ] } },
{ "type": "Feature", "properties": { "id": 650 }, "geometry": { "type": "Point", "coordinates": [ 6.424513, 49.159421 ] } },
{ "type": "Feature", "properties": { "id": 651 }, "geometry": { "type": "Point", "coordinates": [ 5.832015, 49.262906 ] } },
{ "type": "Feature", "properties": { "id": 652 }, "geometry": { "type": "Point", "coordinates": [ 6.054721, 48.930817 ] } },
{ "type": "Feature", "properties": { "id": 653 }, "geometry": { "type": "Point", "coordinates": [ 6.402535, 49.39355 ] } },
{ "type": "Feature", "properties": { "id": 654 }, "geometry": { "type": "Point", "coordinates": [ 6.627829, 48.575641 ] } },
{ "type": "Feature", "properties": { "id": 655 }, "geometry": { "type": "Point", "coordinates": [ 5.841405, 49.269676 ] } },
{ "type": "Feature", "properties": { "id": 656 }, "geometry": { "type": "Point", "coordinates": [ 6.797395, 48.502346 ] } },
{ "type": "Feature", "properties": { "id": 657 }, "geometry": { "type": "Point", "coordinates": [ 5.828504, 48.940624 ] } },
{ "type": "Feature", "properties": { "id": 658 }, "geometry": { "type": "Point", "coordinates": [ 7.205837, 48.543706 ] } },
{ "type": "Feature", "properties": { "id": 659 }, "geometry": { "type": "Point", "coordinates": [ 7.229035, 48.922958 ] } },
{ "type": "Feature", "properties": { "id": 660 }, "geometry": { "type": "Point", "coordinates": [ 6.051561, 48.593556 ] } },
{ "type": "Feature", "properties": { "id": 661 }, "geometry": { "type": "Point", "coordinates": [ 7.32927, 49.267911 ] } },
{ "type": "Feature", "properties": { "id": 662 }, "geometry": { "type": "Point", "coordinates": [ 6.921168, 48.528018 ] } },
{ "type": "Feature", "properties": { "id": 663 }, "geometry": { "type": "Point", "coordinates": [ 6.488326, 49.112879 ] } },
{ "type": "Feature", "properties": { "id": 664 }, "geometry": { "type": "Point", "coordinates": [ 7.066013, 48.895095 ] } },
{ "type": "Feature", "properties": { "id": 665 }, "geometry": { "type": "Point", "coordinates": [ 6.144773, 49.048877 ] } },
{ "type": "Feature", "properties": { "id": 666 }, "geometry": { "type": "Point", "coordinates": [ 6.643312, 48.523645 ] } },
{ "type": "Feature", "properties": { "id": 667 }, "geometry": { "type": "Point", "coordinates": [ 6.260253, 49.02595 ] } },
{ "type": "Feature", "properties": { "id": 668 }, "geometry": { "type": "Point", "coordinates": [ 6.268976, 49.198118 ] } },
{ "type": "Feature", "properties": { "id": 669 }, "geometry": { "type": "Point", "coordinates": [ 6.089125, 49.240648 ] } },
{ "type": "Feature", "properties": { "id": 670 }, "geometry": { "type": "Point", "coordinates": [ 6.090948, 48.832598 ] } },
{ "type": "Feature", "properties": { "id": 671 }, "geometry": { "type": "Point", "coordinates": [ 6.302268, 48.8528 ] } },
{ "type": "Feature", "properties": { "id": 672 }, "geometry": { "type": "Point", "coordinates": [ 7.110736, 49.217753 ] } },
{ "type": "Feature", "properties": { "id": 673 }, "geometry": { "type": "Point", "coordinates": [ 5.893395, 49.075123 ] } },
{ "type": "Feature", "properties": { "id": 674 }, "geometry": { "type": "Point", "coordinates": [ 5.896143, 49.103568 ] } },
{ "type": "Feature", "properties": { "id": 675 }, "geometry": { "type": "Point", "coordinates": [ 6.983835, 49.025548 ] } },
{ "type": "Feature", "properties": { "id": 676 }, "geometry": { "type": "Point", "coordinates": [ 6.174087, 48.660549 ] } },
{ "type": "Feature", "properties": { "id": 677 }, "geometry": { "type": "Point", "coordinates": [ 6.235702, 49.123777 ] } },
{ "type": "Feature", "properties": { "id": 678 }, "geometry": { "type": "Point", "coordinates": [ 7.249718, 48.869436 ] } },
{ "type": "Feature", "properties": { "id": 679 }, "geometry": { "type": "Point", "coordinates": [ 6.14932, 49.29685 ] } },
{ "type": "Feature", "properties": { "id": 680 }, "geometry": { "type": "Point", "coordinates": [ 7.335864, 49.160317 ] } },
{ "type": "Feature", "properties": { "id": 681 }, "geometry": { "type": "Point", "coordinates": [ 7.142052, 48.573839 ] } },
{ "type": "Feature", "properties": { "id": 682 }, "geometry": { "type": "Point", "coordinates": [ 6.282171, 48.621179 ] } },
{ "type": "Feature", "properties": { "id": 683 }, "geometry": { "type": "Point", "coordinates": [ 5.788922, 49.33809 ] } },
{ "type": "Feature", "properties": { "id": 684 }, "geometry": { "type": "Point", "coordinates": [ 6.859842, 49.359369 ] } },
{ "type": "Feature", "properties": { "id": 685 }, "geometry": { "type": "Point", "coordinates": [ 6.441982, 49.247892 ] } },
{ "type": "Feature", "properties": { "id": 686 }, "geometry": { "type": "Point", "coordinates": [ 6.723599, 48.572605 ] } },
{ "type": "Feature", "properties": { "id": 687 }, "geometry": { "type": "Point", "coordinates": [ 7.004756, 48.870042 ] } },
{ "type": "Feature", "properties": { "id": 688 }, "geometry": { "type": "Point", "coordinates": [ 6.432016, 49.3156 ] } },
{ "type": "Feature", "properties": { "id": 689 }, "geometry": { "type": "Point", "coordinates": [ 6.819303, 49.063706 ] } },
{ "type": "Feature", "properties": { "id": 690 }, "geometry": { "type": "Point", "coordinates": [ 6.388181, 49.172839 ] } },
{ "type": "Feature", "properties": { "id": 691 }, "geometry": { "type": "Point", "coordinates": [ 6.144827, 48.931666 ] } },
{ "type": "Feature", "properties": { "id": 692 }, "geometry": { "type": "Point", "coordinates": [ 6.949149, 48.561218 ] } },
{ "type": "Feature", "properties": { "id": 693 }, "geometry": { "type": "Point", "coordinates": [ 7.035406, 48.775373 ] } },
{ "type": "Feature", "properties": { "id": 694 }, "geometry": { "type": "Point", "coordinates": [ 6.769583, 49.094911 ] } },
{ "type": "Feature", "properties": { "id": 695 }, "geometry": { "type": "Point", "coordinates": [ 5.965117, 48.506289 ] } },
{ "type": "Feature", "properties": { "id": 696 }, "geometry": { "type": "Point", "coordinates": [ 6.664303, 48.63061 ] } },
{ "type": "Feature", "properties": { "id": 697 }, "geometry": { "type": "Point", "coordinates": [ 5.840682, 49.118664 ] } },
{ "type": "Feature", "properties": { "id": 698 }, "geometry": { "type": "Point", "coordinates": [ 6.962774, 48.626668 ] } },
{ "type": "Feature", "properties": { "id": 699 }, "geometry": { "type": "Point", "coordinates": [ 6.164811, 48.529871 ] } },
{ "type": "Feature", "properties": { "id": 700 }, "geometry": { "type": "Point", "coordinates": [ 6.142464, 49.134502 ] } },
{ "type": "Feature", "properties": { "id": 701 }, "geometry": { "type": "Point", "coordinates": [ 6.70324, 49.233266 ] } },
{ "type": "Feature", "properties": { "id": 702 }, "geometry": { "type": "Point", "coordinates": [ 6.690192, 49.122358 ] } },
{ "type": "Feature", "properties": { "id": 703 }, "geometry": { "type": "Point", "coordinates": [ 7.274528, 49.065301 ] } },
{ "type": "Feature", "properties": { "id": 704 }, "geometry": { "type": "Point", "coordinates": [ 7.175432, 49.119949 ] } },
{ "type": "Feature", "properties": { "id": 705 }, "geometry": { "type": "Point", "coordinates": [ 5.756352, 48.825145 ] } },
{ "type": "Feature", "properties": { "id": 706 }, "geometry": { "type": "Point", "coordinates": [ 6.194084, 49.355335 ] } },
{ "type": "Feature", "properties": { "id": 707 }, "geometry": { "type": "Point", "coordinates": [ 6.951168, 48.606405 ] } },
{ "type": "Feature", "properties": { "id": 708 }, "geometry": { "type": "Point", "coordinates": [ 6.188247, 48.71427 ] } },
{ "type": "Feature", "properties": { "id": 709 }, "geometry": { "type": "Point", "coordinates": [ 6.371537, 48.927334 ] } },
{ "type": "Feature", "properties": { "id": 710 }, "geometry": { "type": "Point", "coordinates": [ 5.902973, 48.704885 ] } },
{ "type": "Feature", "properties": { "id": 711 }, "geometry": { "type": "Point", "coordinates": [ 5.958432, 49.286293 ] } },
{ "type": "Feature", "properties": { "id": 712 }, "geometry": { "type": "Point", "coordinates": [ 7.029211, 49.207049 ] } },
{ "type": "Feature", "properties": { "id": 713 }, "geometry": { "type": "Point", "coordinates": [ 6.926576, 49.251345 ] } },
{ "type": "Feature", "properties": { "id": 714 }, "geometry": { "type": "Point", "coordinates": [ 6.984216, 48.786287 ] } },
{ "type": "Feature", "properties": { "id": 715 }, "geometry": { "type": "Point", "coordinates": [ 6.197539, 48.726083 ] } },
{ "type": "Feature", "properties": { "id": 716 }, "geometry": { "type": "Point", "coordinates": [ 6.980337, 48.928077 ] } },
{ "type": "Feature", "properties": { "id": 717 }, "geometry": { "type": "Point", "coordinates": [ 6.270947, 49.143596 ] } },
{ "type": "Feature", "properties": { "id": 718 }, "geometry": { "type": "Point", "coordinates": [ 6.536786, 49.096608 ] } },
{ "type": "Feature", "properties": { "id": 719 }, "geometry": { "type": "Point", "coordinates": [ 5.910532, 48.807916 ] } },
{ "type": "Feature", "properties": { "id": 720 }, "geometry": { "type": "Point", "coordinates": [ 6.542231, 48.915133 ] } },
{ "type": "Feature", "properties": { "id": 721 }, "geometry": { "type": "Point", "coordinates": [ 6.435547, 49.270584 ] } },
{ "type": "Feature", "properties": { "id": 722 }, "geometry": { "type": "Point", "coordinates": [ 6.819939, 49.337748 ] } },
{ "type": "Feature", "properties": { "id": 723 }, "geometry": { "type": "Point", "coordinates": [ 6.386397, 48.640506 ] } },
{ "type": "Feature", "properties": { "id": 724 }, "geometry": { "type": "Point", "coordinates": [ 5.764243, 49.28505 ] } },
{ "type": "Feature", "properties": { "id": 725 }, "geometry": { "type": "Point", "coordinates": [ 6.162515, 48.852112 ] } },
{ "type": "Feature", "properties": { "id": 726 }, "geometry": { "type": "Point", "coordinates": [ 6.729806, 49.249058 ] } },
{ "type": "Feature", "properties": { "id": 727 }, "geometry": { "type": "Point", "coordinates": [ 6.923167, 49.053904 ] } },
{ "type": "Feature", "properties": { "id": 728 }, "geometry": { "type": "Point", "coordinates": [ 6.866572, 49.014701 ] } },
{ "type": "Feature", "properties": { "id": 729 }, "geometry": { "type": "Point", "coordinates": [ 7.164276, 48.813386 ] } },
{ "type": "Feature", "properties": { "id": 730 }, "geometry": { "type": "Point", "coordinates": [ 7.124076, 48.75852 ] } },
{ "type": "Feature", "properties": { "id": 731 }, "geometry": { "type": "Point", "coordinates": [ 5.969182, 48.638138 ] } },
{ "type": "Feature", "properties": { "id": 732 }, "geometry": { "type": "Point", "coordinates": [ 6.73599, 48.794259 ] } },
{ "type": "Feature", "properties": { "id": 733 }, "geometry": { "type": "Point", "coordinates": [ 5.838806, 49.077976 ] } },
{ "type": "Feature", "properties": { "id": 734 }, "geometry": { "type": "Point", "coordinates": [ 6.561437, 48.783347 ] } },
{ "type": "Feature", "properties": { "id": 735 }, "geometry": { "type": "Point", "coordinates": [ 6.790513, 49.111786 ] } },
{ "type": "Feature", "properties": { "id": 736 }, "geometry": { "type": "Point", "coordinates": [ 7.287736, 49.177134 ] } },
{ "type": "Feature", "properties": { "id": 737 }, "geometry": { "type": "Point", "coordinates": [ 7.299348, 48.539905 ] } },
{ "type": "Feature", "properties": { "id": 738 }, "geometry": { "type": "Point", "coordinates": [ 6.36366, 49.123595 ] } },
{ "type": "Feature", "properties": { "id": 739 }, "geometry": { "type": "Point", "coordinates": [ 5.789508, 48.879647 ] } },
{ "type": "Feature", "properties": { "id": 740 }, "geometry": { "type": "Point", "coordinates": [ 5.844635, 49.336584 ] } },
{ "type": "Feature", "properties": { "id": 741 }, "geometry": { "type": "Point", "coordinates": [ 6.622345, 48.508054 ] } },
{ "type": "Feature", "properties": { "id": 742 }, "geometry": { "type": "Point", "coordinates": [ 7.15293, 48.845459 ] } },
{ "type": "Feature", "properties": { "id": 743 }, "geometry": { "type": "Point", "coordinates": [ 7.124712, 48.84406 ] } },
{ "type": "Feature", "properties": { "id": 744 }, "geometry": { "type": "Point", "coordinates": [ 5.749753, 49.173447 ] } },
{ "type": "Feature", "properties": { "id": 745 }, "geometry": { "type": "Point", "coordinates": [ 5.751115, 48.907354 ] } },
{ "type": "Feature", "properties": { "id": 746 }, "geometry": { "type": "Point", "coordinates": [ 6.112171, 48.911996 ] } },
{ "type": "Feature", "properties": { "id": 747 }, "geometry": { "type": "Point", "coordinates": [ 5.847485, 49.163858 ] } },
{ "type": "Feature", "properties": { "id": 748 }, "geometry": { "type": "Point", "coordinates": [ 6.287477, 49.304774 ] } },
{ "type": "Feature", "properties": { "id": 749 }, "geometry": { "type": "Point", "coordinates": [ 6.853175, 48.893145 ] } },
{ "type": "Feature", "properties": { "id": 750 }, "geometry": { "type": "Point", "coordinates": [ 6.432398, 49.151843 ] } },
{ "type": "Feature", "properties": { "id": 751 }, "geometry": { "type": "Point", "coordinates": [ 6.488752, 48.913552 ] } },
{ "type": "Feature", "properties": { "id": 752 }, "geometry": { "type": "Point", "coordinates": [ 6.105964, 48.714868 ] } },
{ "type": "Feature", "properties": { "id": 753 }, "geometry": { "type": "Point", "coordinates": [ 6.278564, 49.17813 ] } },
{ "type": "Feature", "properties": { "id": 754 }, "geometry": { "type": "Point", "coordinates": [ 6.477496, 49.202824 ] } },
{ "type": "Feature", "properties": { "id": 755 }, "geometry": { "type": "Point", "coordinates": [ 6.967002, 48.849936 ] } },
{ "type": "Feature", "properties": { "id": 756 }, "geometry": { "type": "Point", "coordinates": [ 7.240365, 48.553962 ] } },
{ "type": "Feature", "properties": { "id": 757 }, "geometry": { "type": "Point", "coordinates": [ 6.252187, 49.238668 ] } },
{ "type": "Feature", "properties": { "id": 758 }, "geometry": { "type": "Point", "coordinates": [ 5.915166, 48.639288 ] } },
{ "type": "Feature", "properties": { "id": 759 }, "geometry": { "type": "Point", "coordinates": [ 7.211265, 48.738047 ] } },
{ "type": "Feature", "properties": { "id": 760 }, "geometry": { "type": "Point", "coordinates": [ 7.251923, 49.045781 ] } },
{ "type": "Feature", "properties": { "id": 761 }, "geometry": { "type": "Point", "coordinates": [ 5.859763, 48.728023 ] } },
{ "type": "Feature", "properties": { "id": 762 }, "geometry": { "type": "Point", "coordinates": [ 6.351443, 49.30991 ] } },
{ "type": "Feature", "properties": { "id": 763 }, "geometry": { "type": "Point", "coordinates": [ 7.057934, 48.99006 ] } },
{ "type": "Feature", "properties": { "id": 764 }, "geometry": { "type": "Point", "coordinates": [ 6.075235, 48.534174 ] } },
{ "type": "Feature", "properties": { "id": 765 }, "geometry": { "type": "Point", "coordinates": [ 6.296553, 48.904147 ] } },
{ "type": "Feature", "properties": { "id": 766 }, "geometry": { "type": "Point", "coordinates": [ 6.874999, 48.843225 ] } },
{ "type": "Feature", "properties": { "id": 767 }, "geometry": { "type": "Point", "coordinates": [ 6.372778, 48.99039 ] } },
{ "type": "Feature", "properties": { "id": 768 }, "geometry": { "type": "Point", "coordinates": [ 5.884699, 49.378514 ] } },
{ "type": "Feature", "properties": { "id": 769 }, "geometry": { "type": "Point", "coordinates": [ 5.83673, 48.842439 ] } },
{ "type": "Feature", "properties": { "id": 770 }, "geometry": { "type": "Point", "coordinates": [ 6.985014, 49.040407 ] } },
{ "type": "Feature", "properties": { "id": 771 }, "geometry": { "type": "Point", "coordinates": [ 6.251581, 49.139707 ] } },
{ "type": "Feature", "properties": { "id": 772 }, "geometry": { "type": "Point", "coordinates": [ 7.039, 49.095855 ] } },
{ "type": "Feature", "properties": { "id": 773 }, "geometry": { "type": "Point", "coordinates": [ 7.300984, 49.058765 ] } },
{ "type": "Feature", "properties": { "id": 774 }, "geometry": { "type": "Point", "coordinates": [ 7.034474, 48.954762 ] } },
{ "type": "Feature", "properties": { "id": 775 }, "geometry": { "type": "Point", "coordinates": [ 6.253153, 49.325833 ] } },
{ "type": "Feature", "properties": { "id": 776 }, "geometry": { "type": "Point", "coordinates": [ 6.777557, 49.111963 ] } },
{ "type": "Feature", "properties": { "id": 777 }, "geometry": { "type": "Point", "coordinates": [ 7.14541, 48.855665 ] } },
{ "type": "Feature", "properties": { "id": 778 }, "geometry": { "type": "Point", "coordinates": [ 5.936267, 48.707696 ] } },
{ "type": "Feature", "properties": { "id": 779 }, "geometry": { "type": "Point", "coordinates": [ 5.855348, 49.201417 ] } },
{ "type": "Feature", "properties": { "id": 780 }, "geometry": { "type": "Point", "coordinates": [ 7.045732, 49.060274 ] } },
{ "type": "Feature", "properties": { "id": 781 }, "geometry": { "type": "Point", "coordinates": [ 5.834027, 49.2536 ] } },
{ "type": "Feature", "properties": { "id": 782 }, "geometry": { "type": "Point", "coordinates": [ 6.295301, 48.99273 ] } },
{ "type": "Feature", "properties": { "id": 783 }, "geometry": { "type": "Point", "coordinates": [ 6.952186, 48.748698 ] } },
{ "type": "Feature", "properties": { "id": 784 }, "geometry": { "type": "Point", "coordinates": [ 6.738172, 48.949107 ] } },
{ "type": "Feature", "properties": { "id": 785 }, "geometry": { "type": "Point", "coordinates": [ 6.475025, 48.743988 ] } },
{ "type": "Feature", "properties": { "id": 786 }, "geometry": { "type": "Point", "coordinates": [ 6.037206, 48.757462 ] } },
{ "type": "Feature", "properties": { "id": 787 }, "geometry": { "type": "Point", "coordinates": [ 6.175987, 48.888943 ] } },
{ "type": "Feature", "properties": { "id": 788 }, "geometry": { "type": "Point", "coordinates": [ 6.824695, 48.969554 ] } },
{ "type": "Feature", "properties": { "id": 789 }, "geometry": { "type": "Point", "coordinates": [ 6.581347, 48.622052 ] } },
{ "type": "Feature", "properties": { "id": 790 }, "geometry": { "type": "Point", "coordinates": [ 7.13603, 48.704859 ] } },
{ "type": "Feature", "properties": { "id": 791 }, "geometry": { "type": "Point", "coordinates": [ 6.069552, 48.907327 ] } },
{ "type": "Feature", "properties": { "id": 792 }, "geometry": { "type": "Point", "coordinates": [ 6.156752, 49.14125 ] } },
{ "type": "Feature", "properties": { "id": 793 }, "geometry": { "type": "Point", "coordinates": [ 6.941609, 49.189444 ] } },
{ "type": "Feature", "properties": { "id": 794 }, "geometry": { "type": "Point", "coordinates": [ 6.393075, 49.079697 ] } },
{ "type": "Feature", "properties": { "id": 795 }, "geometry": { "type": "Point", "coordinates": [ 6.255854, 48.693724 ] } },
{ "type": "Feature", "properties": { "id": 796 }, "geometry": { "type": "Point", "coordinates": [ 5.843602, 48.936651 ] } },
{ "type": "Feature", "properties": { "id": 797 }, "geometry": { "type": "Point", "coordinates": [ 5.766798, 49.24716 ] } },
{ "type": "Feature", "properties": { "id": 798 }, "geometry": { "type": "Point", "coordinates": [ 6.825204, 48.901921 ] } },
{ "type": "Feature", "properties": { "id": 799 }, "geometry": { "type": "Point", "coordinates": [ 7.13694, 48.76813 ] } },
{ "type": "Feature", "properties": { "id": 800 }, "geometry": { "type": "Point", "coordinates": [ 6.936091, 49.10158 ] } },
{ "type": "Feature", "properties": { "id": 801 }, "geometry": { "type": "Point", "coordinates": [ 6.36162, 49.093397 ] } },
{ "type": "Feature", "properties": { "id": 802 }, "geometry": { "type": "Point", "coordinates": [ 6.331546, 48.962879 ] } },
{ "type": "Feature", "properties": { "id": 803 }, "geometry": { "type": "Point", "coordinates": [ 6.313621, 48.547769 ] } },
{ "type": "Feature", "properties": { "id": 804 }, "geometry": { "type": "Point", "coordinates": [ 5.772853, 48.573159 ] } },
{ "type": "Feature", "properties": { "id": 805 }, "geometry": { "type": "Point", "coordinates": [ 7.023382, 48.863651 ] } },
{ "type": "Feature", "properties": { "id": 806 }, "geometry": { "type": "Point", "coordinates": [ 6.819888, 49.174414 ] } },
{ "type": "Feature", "properties": { "id": 807 }, "geometry": { "type": "Point", "coordinates": [ 6.20179, 49.197313 ] } },
{ "type": "Feature", "properties": { "id": 808 }, "geometry": { "type": "Point", "coordinates": [ 6.218447, 48.686561 ] } },
{ "type": "Feature", "properties": { "id": 809 }, "geometry": { "type": "Point", "coordinates": [ 7.07474, 49.112506 ] } },
{ "type": "Feature", "properties": { "id": 810 }, "geometry": { "type": "Point", "coordinates": [ 6.355512, 48.711297 ] } },
{ "type": "Feature", "properties": { "id": 811 }, "geometry": { "type": "Point", "coordinates": [ 7.083038, 48.956685 ] } },
{ "type": "Feature", "properties": { "id": 812 }, "geometry": { "type": "Point", "coordinates": [ 6.533985, 49.201679 ] } },
{ "type": "Feature", "properties": { "id": 813 }, "geometry": { "type": "Point", "coordinates": [ 6.835891, 48.586107 ] } },
{ "type": "Feature", "properties": { "id": 814 }, "geometry": { "type": "Point", "coordinates": [ 5.876757, 49.383983 ] } },
{ "type": "Feature", "properties": { "id": 815 }, "geometry": { "type": "Point", "coordinates": [ 5.908862, 49.198447 ] } },
{ "type": "Feature", "properties": { "id": 816 }, "geometry": { "type": "Point", "coordinates": [ 6.673471, 49.204105 ] } },
{ "type": "Feature", "properties": { "id": 817 }, "geometry": { "type": "Point", "coordinates": [ 6.802024, 48.900309 ] } },
{ "type": "Feature", "properties": { "id": 818 }, "geometry": { "type": "Point", "coordinates": [ 6.962923, 49.195219 ] } },
{ "type": "Feature", "properties": { "id": 819 }, "geometry": { "type": "Point", "coordinates": [ 6.210788, 49.024477 ] } },
{ "type": "Feature", "properties": { "id": 820 }, "geometry": { "type": "Point", "coordinates": [ 6.543682, 48.967789 ] } },
{ "type": "Feature", "properties": { "id": 821 }, "geometry": { "type": "Point", "coordinates": [ 7.188966, 49.365528 ] } },
{ "type": "Feature", "properties": { "id": 822 }, "geometry": { "type": "Point", "coordinates": [ 6.730851, 48.659466 ] } },
{ "type": "Feature", "properties": { "id": 823 }, "geometry": { "type": "Point", "coordinates": [ 6.651611, 48.511981 ] } },
{ "type": "Feature", "properties": { "id": 824 }, "geometry": { "type": "Point", "coordinates": [ 7.116357, 49.18022 ] } },
{ "type": "Feature", "properties": { "id": 825 }, "geometry": { "type": "Point", "coordinates": [ 7.138367, 48.734611 ] } },
{ "type": "Feature", "properties": { "id": 826 }, "geometry": { "type": "Point", "coordinates": [ 7.254406, 48.584126 ] } },
{ "type": "Feature", "properties": { "id": 827 }, "geometry": { "type": "Point", "coordinates": [ 7.110175, 49.019256 ] } },
{ "type": "Feature", "properties": { "id": 828 }, "geometry": { "type": "Point", "coordinates": [ 7.115949, 48.631606 ] } },
{ "type": "Feature", "properties": { "id": 829 }, "geometry": { "type": "Point", "coordinates": [ 6.125685, 48.825691 ] } },
{ "type": "Feature", "properties": { "id": 830 }, "geometry": { "type": "Point", "coordinates": [ 6.907369, 48.743449 ] } },
{ "type": "Feature", "properties": { "id": 831 }, "geometry": { "type": "Point", "coordinates": [ 5.904701, 49.245334 ] } },
{ "type": "Feature", "properties": { "id": 832 }, "geometry": { "type": "Point", "coordinates": [ 5.985101, 48.946797 ] } },
{ "type": "Feature", "properties": { "id": 833 }, "geometry": { "type": "Point", "coordinates": [ 6.122217, 49.306593 ] } },
{ "type": "Feature", "properties": { "id": 834 }, "geometry": { "type": "Point", "coordinates": [ 6.372604, 49.085936 ] } },
{ "type": "Feature", "properties": { "id": 835 }, "geometry": { "type": "Point", "coordinates": [ 6.003912, 48.785875 ] } },
{ "type": "Feature", "properties": { "id": 836 }, "geometry": { "type": "Point", "coordinates": [ 7.192468, 49.153375 ] } },
{ "type": "Feature", "properties": { "id": 837 }, "geometry": { "type": "Point", "coordinates": [ 7.303211, 48.690482 ] } },
{ "type": "Feature", "properties": { "id": 838 }, "geometry": { "type": "Point", "coordinates": [ 7.347971, 48.773723 ] } },
{ "type": "Feature", "properties": { "id": 839 }, "geometry": { "type": "Point", "coordinates": [ 6.041382, 48.961569 ] } },
{ "type": "Feature", "properties": { "id": 840 }, "geometry": { "type": "Point", "coordinates": [ 6.760593, 48.618934 ] } },
{ "type": "Feature", "properties": { "id": 841 }, "geometry": { "type": "Point", "coordinates": [ 6.902175, 49.243398 ] } },
{ "type": "Feature", "properties": { "id": 842 }, "geometry": { "type": "Point", "coordinates": [ 6.48266, 48.666263 ] } },
{ "type": "Feature", "properties": { "id": 843 }, "geometry": { "type": "Point", "coordinates": [ 6.891306, 48.868639 ] } },
{ "type": "Feature", "properties": { "id": 844 }, "geometry": { "type": "Point", "coordinates": [ 6.036248, 48.768557 ] } },
{ "type": "Feature", "properties": { "id": 845 }, "geometry": { "type": "Point", "coordinates": [ 6.604225, 49.141506 ] } },
{ "type": "Feature", "properties": { "id": 846 }, "geometry": { "type": "Point", "coordinates": [ 6.278745, 48.992904 ] } },
{ "type": "Feature", "properties": { "id": 847 }, "geometry": { "type": "Point", "coordinates": [ 6.777736, 49.165553 ] } },
{ "type": "Feature", "properties": { "id": 848 }, "geometry": { "type": "Point", "coordinates": [ 7.228794, 48.582004 ] } },
{ "type": "Feature", "properties": { "id": 849 }, "geometry": { "type": "Point", "coordinates": [ 7.132938, 49.113129 ] } },
{ "type": "Feature", "properties": { "id": 850 }, "geometry": { "type": "Point", "coordinates": [ 6.060777, 48.680941 ] } },
{ "type": "Feature", "properties": { "id": 851 }, "geometry": { "type": "Point", "coordinates": [ 6.468699, 48.771577 ] } },
{ "type": "Feature", "properties": { "id": 852 }, "geometry": { "type": "Point", "coordinates": [ 6.646509, 49.054336 ] } },
{ "type": "Feature", "properties": { "id": 853 }, "geometry": { "type": "Point", "coordinates": [ 6.533828, 48.854746 ] } },
{ "type": "Feature", "properties": { "id": 854 }, "geometry": { "type": "Point", "coordinates": [ 6.714705, 48.901293 ] } },
{ "type": "Feature", "properties": { "id": 855 }, "geometry": { "type": "Point", "coordinates": [ 7.203123, 49.103285 ] } },
{ "type": "Feature", "properties": { "id": 856 }, "geometry": { "type": "Point", "coordinates": [ 7.127152, 48.74694 ] } },
{ "type": "Feature", "properties": { "id": 857 }, "geometry": { "type": "Point", "coordinates": [ 7.2912, 48.754193 ] } },
{ "type": "Feature", "properties": { "id": 858 }, "geometry": { "type": "Point", "coordinates": [ 6.748427, 48.991541 ] } },
{ "type": "Feature", "properties": { "id": 859 }, "geometry": { "type": "Point", "coordinates": [ 6.197164, 48.997922 ] } },
{ "type": "Feature", "properties": { "id": 860 }, "geometry": { "type": "Point", "coordinates": [ 6.355973, 48.508238 ] } },
{ "type": "Feature", "properties": { "id": 861 }, "geometry": { "type": "Point", "coordinates": [ 6.891448, 48.526602 ] } },
{ "type": "Feature", "properties": { "id": 862 }, "geometry": { "type": "Point", "coordinates": [ 5.990621, 48.858421 ] } },
{ "type": "Feature", "properties": { "id": 863 }, "geometry": { "type": "Point", "coordinates": [ 6.41011, 49.241232 ] } },
{ "type": "Feature", "properties": { "id": 864 }, "geometry": { "type": "Point", "coordinates": [ 6.460217, 48.722963 ] } },
{ "type": "Feature", "properties": { "id": 865 }, "geometry": { "type": "Point", "coordinates": [ 6.420928, 49.035168 ] } },
{ "type": "Feature", "properties": { "id": 866 }, "geometry": { "type": "Point", "coordinates": [ 5.811149, 49.289142 ] } },
{ "type": "Feature", "properties": { "id": 867 }, "geometry": { "type": "Point", "coordinates": [ 7.127272, 49.024779 ] } },
{ "type": "Feature", "properties": { "id": 868 }, "geometry": { "type": "Point", "coordinates": [ 5.983812, 48.767815 ] } },
{ "type": "Feature", "properties": { "id": 869 }, "geometry": { "type": "Point", "coordinates": [ 6.855263, 48.932876 ] } },
{ "type": "Feature", "properties": { "id": 870 }, "geometry": { "type": "Point", "coordinates": [ 7.208245, 49.075304 ] } },
{ "type": "Feature", "properties": { "id": 871 }, "geometry": { "type": "Point", "coordinates": [ 6.530916, 48.622715 ] } },
{ "type": "Feature", "properties": { "id": 872 }, "geometry": { "type": "Point", "coordinates": [ 6.686136, 48.942837 ] } },
{ "type": "Feature", "properties": { "id": 873 }, "geometry": { "type": "Point", "coordinates": [ 6.988622, 48.681491 ] } },
{ "type": "Feature", "properties": { "id": 874 }, "geometry": { "type": "Point", "coordinates": [ 6.573035, 48.890064 ] } },
{ "type": "Feature", "properties": { "id": 875 }, "geometry": { "type": "Point", "coordinates": [ 6.222928, 49.252862 ] } },
{ "type": "Feature", "properties": { "id": 876 }, "geometry": { "type": "Point", "coordinates": [ 6.35753, 48.925583 ] } },
{ "type": "Feature", "properties": { "id": 877 }, "geometry": { "type": "Point", "coordinates": [ 6.759091, 48.925627 ] } },
{ "type": "Feature", "properties": { "id": 878 }, "geometry": { "type": "Point", "coordinates": [ 6.542703, 49.310007 ] } },
{ "type": "Feature", "properties": { "id": 879 }, "geometry": { "type": "Point", "coordinates": [ 7.147958, 48.766106 ] } },
{ "type": "Feature", "properties": { "id": 880 }, "geometry": { "type": "Point", "coordinates": [ 6.22158, 48.820378 ] } },
{ "type": "Feature", "properties": { "id": 881 }, "geometry": { "type": "Point", "coordinates": [ 6.359693, 49.21093 ] } },
{ "type": "Feature", "properties": { "id": 882 }, "geometry": { "type": "Point", "coordinates": [ 7.211024, 48.829508 ] } },
{ "type": "Feature", "properties": { "id": 883 }, "geometry": { "type": "Point", "coordinates": [ 7.146009, 48.645789 ] } },
{ "type": "Feature", "properties": { "id": 884 }, "geometry": { "type": "Point", "coordinates": [ 6.597168, 48.736146 ] } },
{ "type": "Feature", "properties": { "id": 885 }, "geometry": { "type": "Point", "coordinates": [ 7.192925, 48.769379 ] } },
{ "type": "Feature", "properties": { "id": 886 }, "geometry": { "type": "Point", "coordinates": [ 6.472357, 49.049058 ] } },
{ "type": "Feature", "properties": { "id": 887 }, "geometry": { "type": "Point", "coordinates": [ 5.825803, 48.696792 ] } },
{ "type": "Feature", "properties": { "id": 888 }, "geometry": { "type": "Point", "coordinates": [ 6.795912, 49.100687 ] } },
{ "type": "Feature", "properties": { "id": 889 }, "geometry": { "type": "Point", "coordinates": [ 6.00646, 48.870578 ] } },
{ "type": "Feature", "properties": { "id": 890 }, "geometry": { "type": "Point", "coordinates": [ 6.585161, 48.619038 ] } },
{ "type": "Feature", "properties": { "id": 891 }, "geometry": { "type": "Point", "coordinates": [ 6.116634, 49.242692 ] } },
{ "type": "Feature", "properties": { "id": 892 }, "geometry": { "type": "Point", "coordinates": [ 6.099807, 48.6956 ] } },
{ "type": "Feature", "properties": { "id": 893 }, "geometry": { "type": "Point", "coordinates": [ 6.145975, 49.231793 ] } },
{ "type": "Feature", "properties": { "id": 894 }, "geometry": { "type": "Point", "coordinates": [ 5.754496, 49.381507 ] } },
{ "type": "Feature", "properties": { "id": 895 }, "geometry": { "type": "Point", "coordinates": [ 6.648066, 48.677633 ] } },
{ "type": "Feature", "properties": { "id": 896 }, "geometry": { "type": "Point", "coordinates": [ 6.535013, 49.125923 ] } },
{ "type": "Feature", "properties": { "id": 897 }, "geometry": { "type": "Point", "coordinates": [ 6.922683, 49.113007 ] } },
{ "type": "Feature", "properties": { "id": 898 }, "geometry": { "type": "Point", "coordinates": [ 6.343099, 48.973669 ] } },
{ "type": "Feature", "properties": { "id": 899 }, "geometry": { "type": "Point", "coordinates": [ 6.096639, 48.831596 ] } },
{ "type": "Feature", "properties": { "id": 900 }, "geometry": { "type": "Point", "coordinates": [ 6.848559, 49.138542 ] } },
{ "type": "Feature", "properties": { "id": 901 }, "geometry": { "type": "Point", "coordinates": [ 6.307904, 48.717852 ] } },
{ "type": "Feature", "properties": { "id": 902 }, "geometry": { "type": "Point", "coordinates": [ 6.381194, 49.04567 ] } },
{ "type": "Feature", "properties": { "id": 903 }, "geometry": { "type": "Point", "coordinates": [ 6.67662, 48.839959 ] } },
{ "type": "Feature", "properties": { "id": 904 }, "geometry": { "type": "Point", "coordinates": [ 6.192974, 49.057352 ] } },
{ "type": "Feature", "properties": { "id": 905 }, "geometry": { "type": "Point", "coordinates": [ 6.953164, 49.348767 ] } },
{ "type": "Feature", "properties": { "id": 906 }, "geometry": { "type": "Point", "coordinates": [ 6.935585, 48.951425 ] } },
{ "type": "Feature", "properties": { "id": 907 }, "geometry": { "type": "Point", "coordinates": [ 6.580944, 49.184763 ] } },
{ "type": "Feature", "properties": { "id": 908 }, "geometry": { "type": "Point", "coordinates": [ 7.000602, 49.182143 ] } },
{ "type": "Feature", "properties": { "id": 909 }, "geometry": { "type": "Point", "coordinates": [ 7.191498, 49.052754 ] } },
{ "type": "Feature", "properties": { "id": 910 }, "geometry": { "type": "Point", "coordinates": [ 6.504284, 49.209394 ] } },
{ "type": "Feature", "properties": { "id": 911 }, "geometry": { "type": "Point", "coordinates": [ 6.819572, 49.007135 ] } },
{ "type": "Feature", "properties": { "id": 912 }, "geometry": { "type": "Point", "coordinates": [ 7.277091, 49.342141 ] } },
{ "type": "Feature", "properties": { "id": 913 }, "geometry": { "type": "Point", "coordinates": [ 6.307867, 49.015266 ] } },
{ "type": "Feature", "properties": { "id": 914 }, "geometry": { "type": "Point", "coordinates": [ 6.584104, 48.592627 ] } },
{ "type": "Feature", "properties": { "id": 915 }, "geometry": { "type": "Point", "coordinates": [ 5.90342, 48.823674 ] } },
{ "type": "Feature", "properties": { "id": 916 }, "geometry": { "type": "Point", "coordinates": [ 6.857442, 49.382753 ] } },
{ "type": "Feature", "properties": { "id": 917 }, "geometry": { "type": "Point", "coordinates": [ 6.574038, 48.716492 ] } },
{ "type": "Feature", "properties": { "id": 918 }, "geometry": { "type": "Point", "coordinates": [ 6.176133, 48.88996 ] } },
{ "type": "Feature", "properties": { "id": 919 }, "geometry": { "type": "Point", "coordinates": [ 5.882187, 49.134292 ] } },
{ "type": "Feature", "properties": { "id": 920 }, "geometry": { "type": "Point", "coordinates": [ 6.759537, 49.299152 ] } },
{ "type": "Feature", "properties": { "id": 921 }, "geometry": { "type": "Point", "coordinates": [ 6.779649, 48.982996 ] } },
{ "type": "Feature", "properties": { "id": 922 }, "geometry": { "type": "Point", "coordinates": [ 6.692273, 48.609737 ] } },
{ "type": "Feature", "properties": { "id": 923 }, "geometry": { "type": "Point", "coordinates": [ 6.460446, 49.161268 ] } },
{ "type": "Feature", "properties": { "id": 924 }, "geometry": { "type": "Point", "coordinates": [ 6.073428, 49.352511 ] } },
{ "type": "Feature", "properties": { "id": 925 }, "geometry": { "type": "Point", "coordinates": [ 6.03698, 49.082472 ] } },
{ "type": "Feature", "properties": { "id": 926 }, "geometry": { "type": "Point", "coordinates": [ 7.341351, 49.145312 ] } },
{ "type": "Feature", "properties": { "id": 927 }, "geometry": { "type": "Point", "coordinates": [ 6.686577, 49.377209 ] } },
{ "type": "Feature", "properties": { "id": 928 }, "geometry": { "type": "Point", "coordinates": [ 7.133498, 49.355705 ] } },
{ "type": "Feature", "properties": { "id": 929 }, "geometry": { "type": "Point", "coordinates": [ 7.277408, 49.347488 ] } },
{ "type": "Feature", "properties": { "id": 930 }, "geometry": { "type": "Point", "coordinates": [ 7.10222, 49.332989 ] } },
{ "type": "Feature", "properties": { "id": 931 }, "geometry": { "type": "Point", "coordinates": [ 6.630919, 49.188352 ] } },
{ "type": "Feature", "properties": { "id": 932 }, "geometry": { "type": "Point", "coordinates": [ 7.316654, 49.163149 ] } },
{ "type": "Feature", "properties": { "id": 933 }, "geometry": { "type": "Point", "coordinates": [ 5.983459, 49.164967 ] } },
{ "type": "Feature", "properties": { "id": 934 }, "geometry": { "type": "Point", "coordinates": [ 6.282994, 49.332499 ] } },
{ "type": "Feature", "properties": { "id": 935 }, "geometry": { "type": "Point", "coordinates": [ 6.898422, 48.793793 ] } },
{ "type": "Feature", "properties": { "id": 936 }, "geometry": { "type": "Point", "coordinates": [ 7.301934, 48.543479 ] } },
{ "type": "Feature", "properties": { "id": 937 }, "geometry": { "type": "Point", "coordinates": [ 5.928098, 48.895377 ] } },
{ "type": "Feature", "properties": { "id": 938 }, "geometry": { "type": "Point", "coordinates": [ 7.247223, 48.680448 ] } },
{ "type": "Feature", "properties": { "id": 939 }, "geometry": { "type": "Point", "coordinates": [ 6.715075, 48.886482 ] } },
{ "type": "Feature", "properties": { "id": 940 }, "geometry": { "type": "Point", "coordinates": [ 6.820948, 49.340444 ] } },
{ "type": "Feature", "properties": { "id": 941 }, "geometry": { "type": "Point", "coordinates": [ 6.863022, 49.02241 ] } },
{ "type": "Feature", "properties": { "id": 942 }, "geometry": { "type": "Point", "coordinates": [ 7.117229, 48.977385 ] } },
{ "type": "Feature", "properties": { "id": 943 }, "geometry": { "type": "Point", "coordinates": [ 6.203026, 48.5666 ] } },
{ "type": "Feature", "properties": { "id": 944 }, "geometry": { "type": "Point", "coordinates": [ 5.955045, 48.875603 ] } },
{ "type": "Feature", "properties": { "id": 945 }, "geometry": { "type": "Point", "coordinates": [ 6.471842, 48.69519 ] } },
{ "type": "Feature", "properties": { "id": 946 }, "geometry": { "type": "Point", "coordinates": [ 7.317505, 49.319835 ] } },
{ "type": "Feature", "properties": { "id": 947 }, "geometry": { "type": "Point", "coordinates": [ 7.038119, 49.329736 ] } },
{ "type": "Feature", "properties": { "id": 948 }, "geometry": { "type": "Point", "coordinates": [ 6.760924, 48.587775 ] } },
{ "type": "Feature", "properties": { "id": 949 }, "geometry": { "type": "Point", "coordinates": [ 6.312372, 49.197455 ] } },
{ "type": "Feature", "properties": { "id": 950 }, "geometry": { "type": "Point", "coordinates": [ 6.682394, 49.113173 ] } },
{ "type": "Feature", "properties": { "id": 951 }, "geometry": { "type": "Point", "coordinates": [ 6.139522, 49.207648 ] } },
{ "type": "Feature", "properties": { "id": 952 }, "geometry": { "type": "Point", "coordinates": [ 5.998287, 48.640436 ] } },
{ "type": "Feature", "properties": { "id": 953 }, "geometry": { "type": "Point", "coordinates": [ 6.635545, 48.739877 ] } },
{ "type": "Feature", "properties": { "id": 954 }, "geometry": { "type": "Point", "coordinates": [ 6.461984, 48.807481 ] } },
{ "type": "Feature", "properties": { "id": 955 }, "geometry": { "type": "Point", "coordinates": [ 5.811037, 48.526594 ] } },
{ "type": "Feature", "properties": { "id": 956 }, "geometry": { "type": "Point", "coordinates": [ 6.380461, 48.910571 ] } },
{ "type": "Feature", "properties": { "id": 957 }, "geometry": { "type": "Point", "coordinates": [ 7.034899, 48.524803 ] } },
{ "type": "Feature", "properties": { "id": 958 }, "geometry": { "type": "Point", "coordinates": [ 7.257204, 48.903468 ] } },
{ "type": "Feature", "properties": { "id": 959 }, "geometry": { "type": "Point", "coordinates": [ 6.08425, 48.936687 ] } },
{ "type": "Feature", "properties": { "id": 960 }, "geometry": { "type": "Point", "coordinates": [ 5.758133, 48.534163 ] } },
{ "type": "Feature", "properties": { "id": 961 }, "geometry": { "type": "Point", "coordinates": [ 6.56641, 49.191157 ] } },
{ "type": "Feature", "properties": { "id": 962 }, "geometry": { "type": "Point", "coordinates": [ 6.653101, 49.094345 ] } },
{ "type": "Feature", "properties": { "id": 963 }, "geometry": { "type": "Point", "coordinates": [ 6.028469, 48.75691 ] } },
{ "type": "Feature", "properties": { "id": 964 }, "geometry": { "type": "Point", "coordinates": [ 5.916521, 48.644227 ] } },
{ "type": "Feature", "properties": { "id": 965 }, "geometry": { "type": "Point", "coordinates": [ 7.193432, 48.916402 ] } },
{ "type": "Feature", "properties": { "id": 966 }, "geometry": { "type": "Point", "coordinates": [ 6.067604, 48.701769 ] } },
{ "type": "Feature", "properties": { "id": 967 }, "geometry": { "type": "Point", "coordinates": [ 6.564248, 48.630684 ] } },
{ "type": "Feature", "properties": { "id": 968 }, "geometry": { "type": "Point", "coordinates": [ 5.765156, 48.937242 ] } },
{ "type": "Feature", "properties": { "id": 969 }, "geometry": { "type": "Point", "coordinates": [ 6.039441, 49.198692 ] } },
{ "type": "Feature", "properties": { "id": 970 }, "geometry": { "type": "Point", "coordinates": [ 6.662391, 49.100814 ] } },
{ "type": "Feature", "properties": { "id": 971 }, "geometry": { "type": "Point", "coordinates": [ 7.060576, 48.91771 ] } },
{ "type": "Feature", "properties": { "id": 972 }, "geometry": { "type": "Point", "coordinates": [ 6.709453, 49.270001 ] } },
{ "type": "Feature", "properties": { "id": 973 }, "geometry": { "type": "Point", "coordinates": [ 6.654572, 48.660683 ] } },
{ "type": "Feature", "properties": { "id": 974 }, "geometry": { "type": "Point", "coordinates": [ 7.059852, 48.855163 ] } },
{ "type": "Feature", "properties": { "id": 975 }, "geometry": { "type": "Point", "coordinates": [ 6.381428, 48.597003 ] } },
{ "type": "Feature", "properties": { "id": 976 }, "geometry": { "type": "Point", "coordinates": [ 5.771467, 48.643453 ] } },
{ "type": "Feature", "properties": { "id": 977 }, "geometry": { "type": "Point", "coordinates": [ 7.001689, 49.360555 ] } },
{ "type": "Feature", "properties": { "id": 978 }, "geometry": { "type": "Point", "coordinates": [ 7.065455, 48.74652 ] } },
{ "type": "Feature", "properties": { "id": 979 }, "geometry": { "type": "Point", "coordinates": [ 6.22755, 48.915232 ] } },
{ "type": "Feature", "properties": { "id": 980 }, "geometry": { "type": "Point", "coordinates": [ 6.978437, 48.569508 ] } },
{ "type": "Feature", "properties": { "id": 981 }, "geometry": { "type": "Point", "coordinates": [ 6.292468, 49.148289 ] } },
{ "type": "Feature", "properties": { "id": 982 }, "geometry": { "type": "Point", "coordinates": [ 6.18721, 48.528435 ] } },
{ "type": "Feature", "properties": { "id": 983 }, "geometry": { "type": "Point", "coordinates": [ 6.170465, 48.737971 ] } },
{ "type": "Feature", "properties": { "id": 984 }, "geometry": { "type": "Point", "coordinates": [ 6.316566, 48.547215 ] } },
{ "type": "Feature", "properties": { "id": 985 }, "geometry": { "type": "Point", "coordinates": [ 7.223958, 48.832521 ] } },
{ "type": "Feature", "properties": { "id": 986 }, "geometry": { "type": "Point", "coordinates": [ 6.358934, 48.70017 ] } },
{ "type": "Feature", "properties": { "id": 987 }, "geometry": { "type": "Point", "coordinates": [ 6.426345, 49.062724 ] } },
{ "type": "Feature", "properties": { "id": 988 }, "geometry": { "type": "Point", "coordinates": [ 6.72476, 49.235115 ] } },
{ "type": "Feature", "properties": { "id": 989 }, "geometry": { "type": "Point", "coordinates": [ 6.765339, 48.905591 ] } },
{ "type": "Feature", "properties": { "id": 990 }, "geometry": { "type": "Point", "coordinates": [ 6.648672, 48.728816 ] } },
{ "type": "Feature", "properties": { "id": 991 }, "geometry": { "type": "Point", "coordinates": [ 7.115094, 49.095532 ] } },
{ "type": "Feature", "properties": { "id": 992 }, "geometry": { "type": "Point", "coordinates": [ 7.04354, 49.201303 ] } },
{ "type": "Feature", "properties": { "id": 993 }, "geometry": { "type": "Point", "coordinates": [ 7.199722, 48.600763 ] } },
{ "type": "Feature", "properties": { "id": 994 }, "geometry": { "type": "Point", "coordinates": [ 6.93565, 49.356632 ] } },
{ "type": "Feature", "properties": { "id": 995 }, "geometry": { "type": "Point", "coordinates": [ 6.686513, 48.630848 ] } },
{ "type": "Feature", "properties": { "id": 996 }, "geometry": { "type": "Point", "coordinates": [ 6.147796, 49.07641 ] } },
{ "type": "Feature", "properties": { "id": 997 }, "geometry": { "type": "Point", "coordinates": [ 6.344643, 49.399828 ] } },
{ "type": "Feature", "properties": { "id": 998 }, "geometry": { "type": "Point", "coordinates": [ 6.786956, 49.314573 ] } },
{ "type": "Feature", "properties": { "id": 999 }, "geometry": { "type": "Point", "coordinates": [ 6.048634, 49.373009 ] } },
{ "type": "Feature", "properties": { "id": 1000 }, "geometry": { "type": "Point", "coordinates": [ 6.951849, 48.816938 ] } },
{ "type": "Feature", "properties": { "id": 1001 }, "geometry": { "type": "Point", "coordinates": [ 6.510836, 48.914264 ] } },
{ "type": "Feature", "properties": { "id": 1002 }, "geometry": { "type": "Point", "coordinates": [ 6.576156, 48.944168 ] } },
{ "type": "Feature", "properties": { "id": 1003 }, "geometry": { "type": "Point", "coordinates": [ 7.080843, 48.785148 ] } },
{ "type": "Feature", "properties": { "id": 1004 }, "geometry": { "type": "Point", "coordinates": [ 6.524627, 48.512028 ] } },
{ "type": "Feature", "properties": { "id": 1005 }, "geometry": { "type": "Point", "coordinates": [ 6.814074, 49.159945 ] } },
{ "type": "Feature", "properties": { "id": 1006 }, "geometry": { "type": "Point", "coordinates": [ 5.801982, 49.355596 ] } },
{ "type": "Feature", "properties": { "id": 1007 }, "geometry": { "type": "Point", "coordinates": [ 6.903344, 49.001072 ] } },
{ "type": "Feature", "properties": { "id": 1008 }, "geometry": { "type": "Point", "coordinates": [ 7.192705, 48.962291 ] } },
{ "type": "Feature", "properties": { "id": 1009 }, "geometry": { "type": "Point", "coordinates": [ 6.437306, 49.267701 ] } },
{ "type": "Feature", "properties": { "id": 1010 }, "geometry": { "type": "Point", "coordinates": [ 6.674617, 48.736057 ] } },
{ "type": "Feature", "properties": { "id": 1011 }, "geometry": { "type": "Point", "coordinates": [ 5.960791, 49.214675 ] } },
{ "type": "Feature", "properties": { "id": 1012 }, "geometry": { "type": "Point", "coordinates": [ 6.99388, 49.185421 ] } },
{ "type": "Feature", "properties": { "id": 1013 }, "geometry": { "type": "Point", "coordinates": [ 6.213161, 49.196531 ] } },
{ "type": "Feature", "properties": { "id": 1014 }, "geometry": { "type": "Point", "coordinates": [ 6.211503, 49.185656 ] } },
{ "type": "Feature", "properties": { "id": 1015 }, "geometry": { "type": "Point", "coordinates": [ 6.327395, 49.225563 ] } },
{ "type": "Feature", "properties": { "id": 1016 }, "geometry": { "type": "Point", "coordinates": [ 7.045602, 49.133524 ] } },
{ "type": "Feature", "properties": { "id": 1017 }, "geometry": { "type": "Point", "coordinates": [ 6.725289, 48.817598 ] } },
{ "type": "Feature", "properties": { "id": 1018 }, "geometry": { "type": "Point", "coordinates": [ 5.905483, 48.79169 ] } },
{ "type": "Feature", "properties": { "id": 1019 }, "geometry": { "type": "Point", "coordinates": [ 6.311377, 48.862825 ] } },
{ "type": "Feature", "properties": { "id": 1020 }, "geometry": { "type": "Point", "coordinates": [ 5.883945, 48.864071 ] } },
{ "type": "Feature", "properties": { "id": 1021 }, "geometry": { "type": "Point", "coordinates": [ 6.080834, 48.903318 ] } },
{ "type": "Feature", "properties": { "id": 1022 }, "geometry": { "type": "Point", "coordinates": [ 6.644639, 49.129541 ] } },
{ "type": "Feature", "properties": { "id": 1023 }, "geometry": { "type": "Point", "coordinates": [ 6.274567, 49.26838 ] } },
{ "type": "Feature", "properties": { "id": 1024 }, "geometry": { "type": "Point", "coordinates": [ 6.864323, 49.062753 ] } },
{ "type": "Feature", "properties": { "id": 1025 }, "geometry": { "type": "Point", "coordinates": [ 5.989026, 49.23018 ] } },
{ "type": "Feature", "properties": { "id": 1026 }, "geometry": { "type": "Point", "coordinates": [ 6.138598, 48.807653 ] } },
{ "type": "Feature", "properties": { "id": 1027 }, "geometry": { "type": "Point", "coordinates": [ 6.751696, 49.220629 ] } },
{ "type": "Feature", "properties": { "id": 1028 }, "geometry": { "type": "Point", "coordinates": [ 6.061113, 48.521397 ] } },
{ "type": "Feature", "properties": { "id": 1029 }, "geometry": { "type": "Point", "coordinates": [ 6.258837, 48.51695 ] } },
{ "type": "Feature", "properties": { "id": 1030 }, "geometry": { "type": "Point", "coordinates": [ 6.64429, 48.715216 ] } },
{ "type": "Feature", "properties": { "id": 1031 }, "geometry": { "type": "Point", "coordinates": [ 6.918529, 48.983943 ] } },
{ "type": "Feature", "properties": { "id": 1032 }, "geometry": { "type": "Point", "coordinates": [ 5.890774, 48.750192 ] } },
{ "type": "Feature", "properties": { "id": 1033 }, "geometry": { "type": "Point", "coordinates": [ 7.120623, 49.299131 ] } },
{ "type": "Feature", "properties": { "id": 1034 }, "geometry": { "type": "Point", "coordinates": [ 6.429102, 48.661908 ] } },
{ "type": "Feature", "properties": { "id": 1035 }, "geometry": { "type": "Point", "coordinates": [ 6.476497, 48.906998 ] } },
{ "type": "Feature", "properties": { "id": 1036 }, "geometry": { "type": "Point", "coordinates": [ 6.464983, 48.655859 ] } },
{ "type": "Feature", "properties": { "id": 1037 }, "geometry": { "type": "Point", "coordinates": [ 6.451768, 48.697814 ] } },
{ "type": "Feature", "properties": { "id": 1038 }, "geometry": { "type": "Point", "coordinates": [ 6.203035, 48.760375 ] } },
{ "type": "Feature", "properties": { "id": 1039 }, "geometry": { "type": "Point", "coordinates": [ 6.088389, 49.368805 ] } },
{ "type": "Feature", "properties": { "id": 1040 }, "geometry": { "type": "Point", "coordinates": [ 7.247542, 48.85498 ] } },
{ "type": "Feature", "properties": { "id": 1041 }, "geometry": { "type": "Point", "coordinates": [ 6.309864, 48.541466 ] } },
{ "type": "Feature", "properties": { "id": 1042 }, "geometry": { "type": "Point", "coordinates": [ 6.141228, 49.349921 ] } },
{ "type": "Feature", "properties": { "id": 1043 }, "geometry": { "type": "Point", "coordinates": [ 6.245658, 48.951318 ] } },
{ "type": "Feature", "properties": { "id": 1044 }, "geometry": { "type": "Point", "coordinates": [ 7.000062, 48.733251 ] } },
{ "type": "Feature", "properties": { "id": 1045 }, "geometry": { "type": "Point", "coordinates": [ 6.123406, 49.131062 ] } },
{ "type": "Feature", "properties": { "id": 1046 }, "geometry": { "type": "Point", "coordinates": [ 6.155906, 48.872354 ] } },
{ "type": "Feature", "properties": { "id": 1047 }, "geometry": { "type": "Point", "coordinates": [ 7.208018, 48.712643 ] } },
{ "type": "Feature", "properties": { "id": 1048 }, "geometry": { "type": "Point", "coordinates": [ 6.558126, 48.632375 ] } },
{ "type": "Feature", "properties": { "id": 1049 }, "geometry": { "type": "Point", "coordinates": [ 6.451689, 49.369411 ] } },
{ "type": "Feature", "properties": { "id": 1050 }, "geometry": { "type": "Point", "coordinates": [ 6.059807, 48.849162 ] } },
{ "type": "Feature", "properties": { "id": 1051 }, "geometry": { "type": "Point", "coordinates": [ 6.28978, 48.562276 ] } },
{ "type": "Feature", "properties": { "id": 1052 }, "geometry": { "type": "Point", "coordinates": [ 6.517416, 49.061652 ] } },
{ "type": "Feature", "properties": { "id": 1053 }, "geometry": { "type": "Point", "coordinates": [ 5.873449, 48.664138 ] } },
{ "type": "Feature", "properties": { "id": 1054 }, "geometry": { "type": "Point", "coordinates": [ 6.761232, 49.320128 ] } },
{ "type": "Feature", "properties": { "id": 1055 }, "geometry": { "type": "Point", "coordinates": [ 6.921757, 48.56878 ] } },
{ "type": "Feature", "properties": { "id": 1056 }, "geometry": { "type": "Point", "coordinates": [ 5.801274, 49.048213 ] } },
{ "type": "Feature", "properties": { "id": 1057 }, "geometry": { "type": "Point", "coordinates": [ 6.090871, 49.189031 ] } },
{ "type": "Feature", "properties": { "id": 1058 }, "geometry": { "type": "Point", "coordinates": [ 6.242584, 49.316197 ] } },
{ "type": "Feature", "properties": { "id": 1059 }, "geometry": { "type": "Point", "coordinates": [ 6.118387, 49.138502 ] } },
{ "type": "Feature", "properties": { "id": 1060 }, "geometry": { "type": "Point", "coordinates": [ 6.489546, 48.589333 ] } },
{ "type": "Feature", "properties": { "id": 1061 }, "geometry": { "type": "Point", "coordinates": [ 6.255085, 48.812484 ] } },
{ "type": "Feature", "properties": { "id": 1062 }, "geometry": { "type": "Point", "coordinates": [ 7.127629, 48.736928 ] } },
{ "type": "Feature", "properties": { "id": 1063 }, "geometry": { "type": "Point", "coordinates": [ 5.937352, 48.666449 ] } },
{ "type": "Feature", "properties": { "id": 1064 }, "geometry": { "type": "Point", "coordinates": [ 6.652435, 49.217844 ] } },
{ "type": "Feature", "properties": { "id": 1065 }, "geometry": { "type": "Point", "coordinates": [ 6.271026, 49.222667 ] } },
{ "type": "Feature", "properties": { "id": 1066 }, "geometry": { "type": "Point", "coordinates": [ 6.968328, 48.920539 ] } },
{ "type": "Feature", "properties": { "id": 1067 }, "geometry": { "type": "Point", "coordinates": [ 5.894082, 48.894183 ] } },
{ "type": "Feature", "properties": { "id": 1068 }, "geometry": { "type": "Point", "coordinates": [ 6.24551, 49.180738 ] } },
{ "type": "Feature", "properties": { "id": 1069 }, "geometry": { "type": "Point", "coordinates": [ 7.28473, 48.670499 ] } },
{ "type": "Feature", "properties": { "id": 1070 }, "geometry": { "type": "Point", "coordinates": [ 6.635591, 49.259304 ] } },
{ "type": "Feature", "properties": { "id": 1071 }, "geometry": { "type": "Point", "coordinates": [ 7.114867, 48.665248 ] } },
{ "type": "Feature", "properties": { "id": 1072 }, "geometry": { "type": "Point", "coordinates": [ 5.813734, 48.977193 ] } },
{ "type": "Feature", "properties": { "id": 1073 }, "geometry": { "type": "Point", "coordinates": [ 7.215032, 49.03068 ] } },
{ "type": "Feature", "properties": { "id": 1074 }, "geometry": { "type": "Point", "coordinates": [ 6.513963, 48.962198 ] } },
{ "type": "Feature", "properties": { "id": 1075 }, "geometry": { "type": "Point", "coordinates": [ 7.237066, 49.066845 ] } },
{ "type": "Feature", "properties": { "id": 1076 }, "geometry": { "type": "Point", "coordinates": [ 6.78818, 48.652746 ] } },
{ "type": "Feature", "properties": { "id": 1077 }, "geometry": { "type": "Point", "coordinates": [ 7.101082, 49.252233 ] } },
{ "type": "Feature", "properties": { "id": 1078 }, "geometry": { "type": "Point", "coordinates": [ 6.607407, 48.785902 ] } },
{ "type": "Feature", "properties": { "id": 1079 }, "geometry": { "type": "Point", "coordinates": [ 6.970203, 48.727095 ] } },
{ "type": "Feature", "properties": { "id": 1080 }, "geometry": { "type": "Point", "coordinates": [ 5.818871, 49.002134 ] } },
{ "type": "Feature", "properties": { "id": 1081 }, "geometry": { "type": "Point", "coordinates": [ 5.775894, 48.862358 ] } },
{ "type": "Feature", "properties": { "id": 1082 }, "geometry": { "type": "Point", "coordinates": [ 7.279771, 48.547528 ] } },
{ "type": "Feature", "properties": { "id": 1083 }, "geometry": { "type": "Point", "coordinates": [ 6.033009, 48.97251 ] } },
{ "type": "Feature", "properties": { "id": 1084 }, "geometry": { "type": "Point", "coordinates": [ 7.264524, 49.25333 ] } },
{ "type": "Feature", "properties": { "id": 1085 }, "geometry": { "type": "Point", "coordinates": [ 6.979133, 48.982425 ] } },
{ "type": "Feature", "properties": { "id": 1086 }, "geometry": { "type": "Point", "coordinates": [ 6.568151, 48.716734 ] } },
{ "type": "Feature", "properties": { "id": 1087 }, "geometry": { "type": "Point", "coordinates": [ 7.076862, 49.156907 ] } },
{ "type": "Feature", "properties": { "id": 1088 }, "geometry": { "type": "Point", "coordinates": [ 7.1993, 49.07877 ] } },
{ "type": "Feature", "properties": { "id": 1089 }, "geometry": { "type": "Point", "coordinates": [ 7.114932, 49.369798 ] } },
{ "type": "Feature", "properties": { "id": 1090 }, "geometry": { "type": "Point", "coordinates": [ 5.948887, 48.664462 ] } },
{ "type": "Feature", "properties": { "id": 1091 }, "geometry": { "type": "Point", "coordinates": [ 6.406538, 48.537749 ] } },
{ "type": "Feature", "properties": { "id": 1092 }, "geometry": { "type": "Point", "coordinates": [ 6.496073, 49.014704 ] } },
{ "type": "Feature", "properties": { "id": 1093 }, "geometry": { "type": "Point", "coordinates": [ 6.796796, 49.29244 ] } },
{ "type": "Feature", "properties": { "id": 1094 }, "geometry": { "type": "Point", "coordinates": [ 5.879466, 48.544776 ] } },
{ "type": "Feature", "properties": { "id": 1095 }, "geometry": { "type": "Point", "coordinates": [ 5.965307, 49.020195 ] } },
{ "type": "Feature", "properties": { "id": 1096 }, "geometry": { "type": "Point", "coordinates": [ 5.77465, 48.589756 ] } },
{ "type": "Feature", "properties": { "id": 1097 }, "geometry": { "type": "Point", "coordinates": [ 6.992833, 49.383841 ] } },
{ "type": "Feature", "properties": { "id": 1098 }, "geometry": { "type": "Point", "coordinates": [ 6.279191, 48.897053 ] } },
{ "type": "Feature", "properties": { "id": 1099 }, "geometry": { "type": "Point", "coordinates": [ 5.994203, 48.592164 ] } },
{ "type": "Feature", "properties": { "id": 1100 }, "geometry": { "type": "Point", "coordinates": [ 7.059155, 48.735521 ] } },
{ "type": "Feature", "properties": { "id": 1101 }, "geometry": { "type": "Point", "coordinates": [ 6.731309, 48.737415 ] } },
{ "type": "Feature", "properties": { "id": 1102 }, "geometry": { "type": "Point", "coordinates": [ 6.562014, 49.203197 ] } },
{ "type": "Feature", "properties": { "id": 1103 }, "geometry": { "type": "Point", "coordinates": [ 7.237888, 49.131326 ] } },
{ "type": "Feature", "properties": { "id": 1104 }, "geometry": { "type": "Point", "coordinates": [ 6.407266, 49.303116 ] } },
{ "type": "Feature", "properties": { "id": 1105 }, "geometry": { "type": "Point", "coordinates": [ 6.409509, 49.08198 ] } },
{ "type": "Feature", "properties": { "id": 1106 }, "geometry": { "type": "Point", "coordinates": [ 6.740001, 48.786979 ] } },
{ "type": "Feature", "properties": { "id": 1107 }, "geometry": { "type": "Point", "coordinates": [ 7.134535, 49.176939 ] } },
{ "type": "Feature", "properties": { "id": 1108 }, "geometry": { "type": "Point", "coordinates": [ 6.376276, 48.925826 ] } },
{ "type": "Feature", "properties": { "id": 1109 }, "geometry": { "type": "Point", "coordinates": [ 7.135338, 48.735784 ] } },
{ "type": "Feature", "properties": { "id": 1110 }, "geometry": { "type": "Point", "coordinates": [ 7.222425, 49.112226 ] } },
{ "type": "Feature", "properties": { "id": 1111 }, "geometry": { "type": "Point", "coordinates": [ 7.267663, 49.170411 ] } },
{ "type": "Feature", "properties": { "id": 1112 }, "geometry": { "type": "Point", "coordinates": [ 6.52844, 48.634713 ] } },
{ "type": "Feature", "properties": { "id": 1113 }, "geometry": { "type": "Point", "coordinates": [ 6.277238, 48.863912 ] } },
{ "type": "Feature", "properties": { "id": 1114 }, "geometry": { "type": "Point", "coordinates": [ 6.015645, 48.778928 ] } },
{ "type": "Feature", "properties": { "id": 1115 }, "geometry": { "type": "Point", "coordinates": [ 6.822871, 49.155815 ] } },
{ "type": "Feature", "properties": { "id": 1116 }, "geometry": { "type": "Point", "coordinates": [ 5.843805, 49.044022 ] } },
{ "type": "Feature", "properties": { "id": 1117 }, "geometry": { "type": "Point", "coordinates": [ 5.87484, 48.928055 ] } },
{ "type": "Feature", "properties": { "id": 1118 }, "geometry": { "type": "Point", "coordinates": [ 6.460697, 49.21288 ] } },
{ "type": "Feature", "properties": { "id": 1119 }, "geometry": { "type": "Point", "coordinates": [ 6.390672, 49.223617 ] } },
{ "type": "Feature", "properties": { "id": 1120 }, "geometry": { "type": "Point", "coordinates": [ 7.267907, 49.194711 ] } },
{ "type": "Feature", "properties": { "id": 1121 }, "geometry": { "type": "Point", "coordinates": [ 6.421997, 48.567803 ] } },
{ "type": "Feature", "properties": { "id": 1122 }, "geometry": { "type": "Point", "coordinates": [ 6.510087, 48.651926 ] } },
{ "type": "Feature", "properties": { "id": 1123 }, "geometry": { "type": "Point", "coordinates": [ 6.875676, 48.934807 ] } },
{ "type": "Feature", "properties": { "id": 1124 }, "geometry": { "type": "Point", "coordinates": [ 5.916424, 48.989248 ] } },
{ "type": "Feature", "properties": { "id": 1125 }, "geometry": { "type": "Point", "coordinates": [ 6.494385, 49.197224 ] } },
{ "type": "Feature", "properties": { "id": 1126 }, "geometry": { "type": "Point", "coordinates": [ 6.214675, 48.668422 ] } },
{ "type": "Feature", "properties": { "id": 1127 }, "geometry": { "type": "Point", "coordinates": [ 6.323679, 48.847162 ] } },
{ "type": "Feature", "properties": { "id": 1128 }, "geometry": { "type": "Point", "coordinates": [ 7.090165, 49.207675 ] } },
{ "type": "Feature", "properties": { "id": 1129 }, "geometry": { "type": "Point", "coordinates": [ 6.049745, 49.399075 ] } },
{ "type": "Feature", "properties": { "id": 1130 }, "geometry": { "type": "Point", "coordinates": [ 6.749707, 49.024207 ] } },
{ "type": "Feature", "properties": { "id": 1131 }, "geometry": { "type": "Point", "coordinates": [ 6.367803, 49.391923 ] } },
{ "type": "Feature", "properties": { "id": 1132 }, "geometry": { "type": "Point", "coordinates": [ 7.06829, 49.179469 ] } },
{ "type": "Feature", "properties": { "id": 1133 }, "geometry": { "type": "Point", "coordinates": [ 6.189091, 48.939666 ] } },
{ "type": "Feature", "properties": { "id": 1134 }, "geometry": { "type": "Point", "coordinates": [ 5.786471, 49.21153 ] } },
{ "type": "Feature", "properties": { "id": 1135 }, "geometry": { "type": "Point", "coordinates": [ 6.847647, 48.69936 ] } },
{ "type": "Feature", "properties": { "id": 1136 }, "geometry": { "type": "Point", "coordinates": [ 6.032543, 48.736555 ] } },
{ "type": "Feature", "properties": { "id": 1137 }, "geometry": { "type": "Point", "coordinates": [ 6.587623, 49.011138 ] } },
{ "type": "Feature", "properties": { "id": 1138 }, "geometry": { "type": "Point", "coordinates": [ 6.408718, 48.962837 ] } },
{ "type": "Feature", "properties": { "id": 1139 }, "geometry": { "type": "Point", "coordinates": [ 6.607128, 49.309278 ] } },
{ "type": "Feature", "properties": { "id": 1140 }, "geometry": { "type": "Point", "coordinates": [ 7.105916, 49.057416 ] } },
{ "type": "Feature", "properties": { "id": 1141 }, "geometry": { "type": "Point", "coordinates": [ 6.556438, 48.938621 ] } },
{ "type": "Feature", "properties": { "id": 1142 }, "geometry": { "type": "Point", "coordinates": [ 5.891779, 49.004918 ] } },
{ "type": "Feature", "properties": { "id": 1143 }, "geometry": { "type": "Point", "coordinates": [ 6.917536, 49.246355 ] } },
{ "type": "Feature", "properties": { "id": 1144 }, "geometry": { "type": "Point", "coordinates": [ 7.032615, 48.854547 ] } },
{ "type": "Feature", "properties": { "id": 1145 }, "geometry": { "type": "Point", "coordinates": [ 6.783271, 49.387891 ] } },
{ "type": "Feature", "properties": { "id": 1146 }, "geometry": { "type": "Point", "coordinates": [ 5.94871, 48.728991 ] } },
{ "type": "Feature", "properties": { "id": 1147 }, "geometry": { "type": "Point", "coordinates": [ 6.937368, 49.106273 ] } },
{ "type": "Feature", "properties": { "id": 1148 }, "geometry": { "type": "Point", "coordinates": [ 5.797632, 48.738207 ] } },
{ "type": "Feature", "properties": { "id": 1149 }, "geometry": { "type": "Point", "coordinates": [ 7.096654, 49.203642 ] } },
{ "type": "Feature", "properties": { "id": 1150 }, "geometry": { "type": "Point", "coordinates": [ 6.917837, 49.36485 ] } },
{ "type": "Feature", "properties": { "id": 1151 }, "geometry": { "type": "Point", "coordinates": [ 6.609026, 49.314431 ] } },
{ "type": "Feature", "properties": { "id": 1152 }, "geometry": { "type": "Point", "coordinates": [ 5.996227, 48.65093 ] } },
{ "type": "Feature", "properties": { "id": 1153 }, "geometry": { "type": "Point", "coordinates": [ 7.122943, 49.368825 ] } },
{ "type": "Feature", "properties": { "id": 1154 }, "geometry": { "type": "Point", "coordinates": [ 7.336481, 48.889027 ] } },
{ "type": "Feature", "properties": { "id": 1155 }, "geometry": { "type": "Point", "coordinates": [ 6.21101, 48.899703 ] } },
{ "type": "Feature", "properties": { "id": 1156 }, "geometry": { "type": "Point", "coordinates": [ 5.995485, 49.125484 ] } },
{ "type": "Feature", "properties": { "id": 1157 }, "geometry": { "type": "Point", "coordinates": [ 6.935515, 49.355591 ] } },
{ "type": "Feature", "properties": { "id": 1158 }, "geometry": { "type": "Point", "coordinates": [ 6.725523, 48.85587 ] } },
{ "type": "Feature", "properties": { "id": 1159 }, "geometry": { "type": "Point", "coordinates": [ 6.8067, 49.314563 ] } },
{ "type": "Feature", "properties": { "id": 1160 }, "geometry": { "type": "Point", "coordinates": [ 7.136078, 48.829722 ] } },
{ "type": "Feature", "properties": { "id": 1161 }, "geometry": { "type": "Point", "coordinates": [ 7.247065, 48.65329 ] } },
{ "type": "Feature", "properties": { "id": 1162 }, "geometry": { "type": "Point", "coordinates": [ 6.116888, 49.259087 ] } },
{ "type": "Feature", "properties": { "id": 1163 }, "geometry": { "type": "Point", "coordinates": [ 6.647046, 48.638283 ] } },
{ "type": "Feature", "properties": { "id": 1164 }, "geometry": { "type": "Point", "coordinates": [ 6.500197, 48.936379 ] } },
{ "type": "Feature", "properties": { "id": 1165 }, "geometry": { "type": "Point", "coordinates": [ 6.937679, 48.99561 ] } },
{ "type": "Feature", "properties": { "id": 1166 }, "geometry": { "type": "Point", "coordinates": [ 7.263809, 48.987676 ] } },
{ "type": "Feature", "properties": { "id": 1167 }, "geometry": { "type": "Point", "coordinates": [ 5.82254, 49.038126 ] } },
{ "type": "Feature", "properties": { "id": 1168 }, "geometry": { "type": "Point", "coordinates": [ 6.191677, 49.025738 ] } },
{ "type": "Feature", "properties": { "id": 1169 }, "geometry": { "type": "Point", "coordinates": [ 5.836757, 49.25967 ] } },
{ "type": "Feature", "properties": { "id": 1170 }, "geometry": { "type": "Point", "coordinates": [ 6.966922, 48.734893 ] } },
{ "type": "Feature", "properties": { "id": 1171 }, "geometry": { "type": "Point", "coordinates": [ 7.30006, 48.99952 ] } },
{ "type": "Feature", "properties": { "id": 1172 }, "geometry": { "type": "Point", "coordinates": [ 5.97505, 48.762789 ] } },
{ "type": "Feature", "properties": { "id": 1173 }, "geometry": { "type": "Point", "coordinates": [ 6.964552, 48.51909 ] } },
{ "type": "Feature", "properties": { "id": 1174 }, "geometry": { "type": "Point", "coordinates": [ 6.948978, 49.27556 ] } },
{ "type": "Feature", "properties": { "id": 1175 }, "geometry": { "type": "Point", "coordinates": [ 6.87504, 48.670892 ] } },
{ "type": "Feature", "properties": { "id": 1176 }, "geometry": { "type": "Point", "coordinates": [ 7.126762, 49.155925 ] } },
{ "type": "Feature", "properties": { "id": 1177 }, "geometry": { "type": "Point", "coordinates": [ 6.279744, 48.588419 ] } },
{ "type": "Feature", "properties": { "id": 1178 }, "geometry": { "type": "Point", "coordinates": [ 7.077498, 48.959772 ] } },
{ "type": "Feature", "properties": { "id": 1179 }, "geometry": { "type": "Point", "coordinates": [ 7.244866, 48.506263 ] } },
{ "type": "Feature", "properties": { "id": 1180 }, "geometry": { "type": "Point", "coordinates": [ 7.091791, 48.753581 ] } },
{ "type": "Feature", "properties": { "id": 1181 }, "geometry": { "type": "Point", "coordinates": [ 6.762954, 48.552197 ] } },
{ "type": "Feature", "properties": { "id": 1182 }, "geometry": { "type": "Point", "coordinates": [ 6.919447, 49.080263 ] } },
{ "type": "Feature", "properties": { "id": 1183 }, "geometry": { "type": "Point", "coordinates": [ 6.669827, 49.372374 ] } },
{ "type": "Feature", "properties": { "id": 1184 }, "geometry": { "type": "Point", "coordinates": [ 6.479296, 49.235678 ] } },
{ "type": "Feature", "properties": { "id": 1185 }, "geometry": { "type": "Point", "coordinates": [ 7.03884, 48.917218 ] } },
{ "type": "Feature", "properties": { "id": 1186 }, "geometry": { "type": "Point", "coordinates": [ 5.99357, 48.829461 ] } },
{ "type": "Feature", "properties": { "id": 1187 }, "geometry": { "type": "Point", "coordinates": [ 6.721947, 49.164753 ] } },
{ "type": "Feature", "properties": { "id": 1188 }, "geometry": { "type": "Point", "coordinates": [ 6.643135, 48.985952 ] } },
{ "type": "Feature", "properties": { "id": 1189 }, "geometry": { "type": "Point", "coordinates": [ 6.219857, 48.911333 ] } },
{ "type": "Feature", "properties": { "id": 1190 }, "geometry": { "type": "Point", "coordinates": [ 5.8244, 48.813954 ] } },
{ "type": "Feature", "properties": { "id": 1191 }, "geometry": { "type": "Point", "coordinates": [ 6.422371, 49.098472 ] } },
{ "type": "Feature", "properties": { "id": 1192 }, "geometry": { "type": "Point", "coordinates": [ 6.978399, 48.703076 ] } },
{ "type": "Feature", "properties": { "id": 1193 }, "geometry": { "type": "Point", "coordinates": [ 6.726058, 49.184302 ] } },
{ "type": "Feature", "properties": { "id": 1194 }, "geometry": { "type": "Point", "coordinates": [ 6.456632, 48.737482 ] } },
{ "type": "Feature", "properties": { "id": 1195 }, "geometry": { "type": "Point", "coordinates": [ 5.820135, 49.111432 ] } },
{ "type": "Feature", "properties": { "id": 1196 }, "geometry": { "type": "Point", "coordinates": [ 6.075123, 49.201663 ] } },
{ "type": "Feature", "properties": { "id": 1197 }, "geometry": { "type": "Point", "coordinates": [ 7.116227, 49.059015 ] } },
{ "type": "Feature", "properties": { "id": 1198 }, "geometry": { "type": "Point", "coordinates": [ 5.786348, 49.276795 ] } },
{ "type": "Feature", "properties": { "id": 1199 }, "geometry": { "type": "Point", "coordinates": [ 6.370044, 49.201262 ] } },
{ "type": "Feature", "properties": { "id": 1200 }, "geometry": { "type": "Point", "coordinates": [ 7.018064, 49.052433 ] } },
{ "type": "Feature", "properties": { "id": 1201 }, "geometry": { "type": "Point", "coordinates": [ 7.304295, 48.868014 ] } },
{ "type": "Feature", "properties": { "id": 1202 }, "geometry": { "type": "Point", "coordinates": [ 6.693598, 48.691801 ] } },
{ "type": "Feature", "properties": { "id": 1203 }, "geometry": { "type": "Point", "coordinates": [ 6.55212, 48.984415 ] } },
{ "type": "Feature", "properties": { "id": 1204 }, "geometry": { "type": "Point", "coordinates": [ 6.544932, 48.836229 ] } },
{ "type": "Feature", "properties": { "id": 1205 }, "geometry": { "type": "Point", "coordinates": [ 6.482256, 48.519198 ] } },
{ "type": "Feature", "properties": { "id": 1206 }, "geometry": { "type": "Point", "coordinates": [ 6.151663, 49.068994 ] } },
{ "type": "Feature", "properties": { "id": 1207 }, "geometry": { "type": "Point", "coordinates": [ 5.781787, 48.91633 ] } },
{ "type": "Feature", "properties": { "id": 1208 }, "geometry": { "type": "Point", "coordinates": [ 5.905651, 48.939513 ] } },
{ "type": "Feature", "properties": { "id": 1209 }, "geometry": { "type": "Point", "coordinates": [ 6.143933, 48.758764 ] } },
{ "type": "Feature", "properties": { "id": 1210 }, "geometry": { "type": "Point", "coordinates": [ 7.020545, 49.006436 ] } },
{ "type": "Feature", "properties": { "id": 1211 }, "geometry": { "type": "Point", "coordinates": [ 7.078918, 48.69218 ] } },
{ "type": "Feature", "properties": { "id": 1212 }, "geometry": { "type": "Point", "coordinates": [ 6.232332, 48.865146 ] } },
{ "type": "Feature", "properties": { "id": 1213 }, "geometry": { "type": "Point", "coordinates": [ 6.356934, 49.034412 ] } },
{ "type": "Feature", "properties": { "id": 1214 }, "geometry": { "type": "Point", "coordinates": [ 7.0477, 48.908043 ] } },
{ "type": "Feature", "properties": { "id": 1215 }, "geometry": { "type": "Point", "coordinates": [ 6.633832, 49.357948 ] } },
{ "type": "Feature", "properties": { "id": 1216 }, "geometry": { "type": "Point", "coordinates": [ 7.067047, 48.595786 ] } },
{ "type": "Feature", "properties": { "id": 1217 }, "geometry": { "type": "Point", "coordinates": [ 6.283229, 49.16695 ] } },
{ "type": "Feature", "properties": { "id": 1218 }, "geometry": { "type": "Point", "coordinates": [ 5.843704, 48.718538 ] } },
{ "type": "Feature", "properties": { "id": 1219 }, "geometry": { "type": "Point", "coordinates": [ 6.871652, 49.08003 ] } },
{ "type": "Feature", "properties": { "id": 1220 }, "geometry": { "type": "Point", "coordinates": [ 6.969176, 48.744539 ] } },
{ "type": "Feature", "properties": { "id": 1221 }, "geometry": { "type": "Point", "coordinates": [ 6.022942, 48.961368 ] } },
{ "type": "Feature", "properties": { "id": 1222 }, "geometry": { "type": "Point", "coordinates": [ 6.356894, 49.324591 ] } },
{ "type": "Feature", "properties": { "id": 1223 }, "geometry": { "type": "Point", "coordinates": [ 6.773072, 49.291058 ] } },
{ "type": "Feature", "properties": { "id": 1224 }, "geometry": { "type": "Point", "coordinates": [ 6.242764, 48.804904 ] } },
{ "type": "Feature", "properties": { "id": 1225 }, "geometry": { "type": "Point", "coordinates": [ 6.731819, 49.027562 ] } },
{ "type": "Feature", "properties": { "id": 1226 }, "geometry": { "type": "Point", "coordinates": [ 7.306847, 49.110758 ] } },
{ "type": "Feature", "properties": { "id": 1227 }, "geometry": { "type": "Point", "coordinates": [ 6.700496, 49.044219 ] } },
{ "type": "Feature", "properties": { "id": 1228 }, "geometry": { "type": "Point", "coordinates": [ 6.125024, 49.152836 ] } },
{ "type": "Feature", "properties": { "id": 1229 }, "geometry": { "type": "Point", "coordinates": [ 6.32229, 48.592892 ] } },
{ "type": "Feature", "properties": { "id": 1230 }, "geometry": { "type": "Point", "coordinates": [ 6.526509, 48.547124 ] } },
{ "type": "Feature", "properties": { "id": 1231 }, "geometry": { "type": "Point", "coordinates": [ 6.31621, 48.844061 ] } },
{ "type": "Feature", "properties": { "id": 1232 }, "geometry": { "type": "Point", "coordinates": [ 6.613534, 49.077688 ] } },
{ "type": "Feature", "properties": { "id": 1233 }, "geometry": { "type": "Point", "coordinates": [ 7.08837, 49.054726 ] } },
{ "type": "Feature", "properties": { "id": 1234 }, "geometry": { "type": "Point", "coordinates": [ 7.211325, 48.723813 ] } },
{ "type": "Feature", "properties": { "id": 1235 }, "geometry": { "type": "Point", "coordinates": [ 7.197819, 48.800875 ] } },
{ "type": "Feature", "properties": { "id": 1236 }, "geometry": { "type": "Point", "coordinates": [ 6.109833, 48.783306 ] } },
{ "type": "Feature", "properties": { "id": 1237 }, "geometry": { "type": "Point", "coordinates": [ 6.714672, 49.158885 ] } },
{ "type": "Feature", "properties": { "id": 1238 }, "geometry": { "type": "Point", "coordinates": [ 5.833541, 48.603699 ] } },
{ "type": "Feature", "properties": { "id": 1239 }, "geometry": { "type": "Point", "coordinates": [ 6.250344, 48.896998 ] } },
{ "type": "Feature", "properties": { "id": 1240 }, "geometry": { "type": "Point", "coordinates": [ 5.78962, 48.985526 ] } },
{ "type": "Feature", "properties": { "id": 1241 }, "geometry": { "type": "Point", "coordinates": [ 6.868181, 48.757242 ] } },
{ "type": "Feature", "properties": { "id": 1242 }, "geometry": { "type": "Point", "coordinates": [ 7.026785, 48.530033 ] } },
{ "type": "Feature", "properties": { "id": 1243 }, "geometry": { "type": "Point", "coordinates": [ 7.051038, 49.057586 ] } },
{ "type": "Feature", "properties": { "id": 1244 }, "geometry": { "type": "Point", "coordinates": [ 6.146751, 49.015895 ] } },
{ "type": "Feature", "properties": { "id": 1245 }, "geometry": { "type": "Point", "coordinates": [ 6.158287, 49.360035 ] } },
{ "type": "Feature", "properties": { "id": 1246 }, "geometry": { "type": "Point", "coordinates": [ 6.429566, 49.348941 ] } },
{ "type": "Feature", "properties": { "id": 1247 }, "geometry": { "type": "Point", "coordinates": [ 5.76711, 48.567514 ] } },
{ "type": "Feature", "properties": { "id": 1248 }, "geometry": { "type": "Point", "coordinates": [ 6.963725, 48.579013 ] } },
{ "type": "Feature", "properties": { "id": 1249 }, "geometry": { "type": "Point", "coordinates": [ 7.254801, 49.094639 ] } },
{ "type": "Feature", "properties": { "id": 1250 }, "geometry": { "type": "Point", "coordinates": [ 7.253005, 49.032241 ] } },
{ "type": "Feature", "properties": { "id": 1251 }, "geometry": { "type": "Point", "coordinates": [ 6.033313, 48.542413 ] } },
{ "type": "Feature", "properties": { "id": 1252 }, "geometry": { "type": "Point", "coordinates": [ 7.333218, 49.279454 ] } },
{ "type": "Feature", "properties": { "id": 1253 }, "geometry": { "type": "Point", "coordinates": [ 6.117769, 49.354594 ] } },
{ "type": "Feature", "properties": { "id": 1254 }, "geometry": { "type": "Point", "coordinates": [ 6.233785, 48.727769 ] } },
{ "type": "Feature", "properties": { "id": 1255 }, "geometry": { "type": "Point", "coordinates": [ 6.299898, 48.925343 ] } },
{ "type": "Feature", "properties": { "id": 1256 }, "geometry": { "type": "Point", "coordinates": [ 7.301096, 48.712765 ] } },
{ "type": "Feature", "properties": { "id": 1257 }, "geometry": { "type": "Point", "coordinates": [ 6.138871, 49.314876 ] } },
{ "type": "Feature", "properties": { "id": 1258 }, "geometry": { "type": "Point", "coordinates": [ 7.031653, 48.511004 ] } },
{ "type": "Feature", "properties": { "id": 1259 }, "geometry": { "type": "Point", "coordinates": [ 6.519292, 48.715512 ] } },
{ "type": "Feature", "properties": { "id": 1260 }, "geometry": { "type": "Point", "coordinates": [ 6.406078, 49.245984 ] } },
{ "type": "Feature", "properties": { "id": 1261 }, "geometry": { "type": "Point", "coordinates": [ 5.781479, 49.054014 ] } },
{ "type": "Feature", "properties": { "id": 1262 }, "geometry": { "type": "Point", "coordinates": [ 6.256302, 48.621308 ] } },
{ "type": "Feature", "properties": { "id": 1263 }, "geometry": { "type": "Point", "coordinates": [ 6.460661, 48.990246 ] } },
{ "type": "Feature", "properties": { "id": 1264 }, "geometry": { "type": "Point", "coordinates": [ 6.547, 48.679079 ] } },
{ "type": "Feature", "properties": { "id": 1265 }, "geometry": { "type": "Point", "coordinates": [ 6.058078, 48.880562 ] } },
{ "type": "Feature", "properties": { "id": 1266 }, "geometry": { "type": "Point", "coordinates": [ 7.24949, 48.992257 ] } },
{ "type": "Feature", "properties": { "id": 1267 }, "geometry": { "type": "Point", "coordinates": [ 7.316432, 48.647454 ] } },
{ "type": "Feature", "properties": { "id": 1268 }, "geometry": { "type": "Point", "coordinates": [ 5.913765, 48.808113 ] } },
{ "type": "Feature", "properties": { "id": 1269 }, "geometry": { "type": "Point", "coordinates": [ 6.297099, 48.962316 ] } },
{ "type": "Feature", "properties": { "id": 1270 }, "geometry": { "type": "Point", "coordinates": [ 6.980756, 49.134179 ] } },
{ "type": "Feature", "properties": { "id": 1271 }, "geometry": { "type": "Point", "coordinates": [ 6.817164, 49.21402 ] } },
{ "type": "Feature", "properties": { "id": 1272 }, "geometry": { "type": "Point", "coordinates": [ 6.20896, 49.305842 ] } },
{ "type": "Feature", "properties": { "id": 1273 }, "geometry": { "type": "Point", "coordinates": [ 5.974823, 49.331466 ] } },
{ "type": "Feature", "properties": { "id": 1274 }, "geometry": { "type": "Point", "coordinates": [ 6.228495, 48.845037 ] } },
{ "type": "Feature", "properties": { "id": 1275 }, "geometry": { "type": "Point", "coordinates": [ 6.503175, 48.598107 ] } },
{ "type": "Feature", "properties": { "id": 1276 }, "geometry": { "type": "Point", "coordinates": [ 6.628075, 48.811601 ] } },
{ "type": "Feature", "properties": { "id": 1277 }, "geometry": { "type": "Point", "coordinates": [ 7.145685, 49.389482 ] } },
{ "type": "Feature", "properties": { "id": 1278 }, "geometry": { "type": "Point", "coordinates": [ 6.321029, 49.001261 ] } },
{ "type": "Feature", "properties": { "id": 1279 }, "geometry": { "type": "Point", "coordinates": [ 7.325077, 48.805282 ] } },
{ "type": "Feature", "properties": { "id": 1280 }, "geometry": { "type": "Point", "coordinates": [ 6.5262, 49.056843 ] } },
{ "type": "Feature", "properties": { "id": 1281 }, "geometry": { "type": "Point", "coordinates": [ 6.09569, 48.949582 ] } },
{ "type": "Feature", "properties": { "id": 1282 }, "geometry": { "type": "Point", "coordinates": [ 6.856747, 49.350381 ] } },
{ "type": "Feature", "properties": { "id": 1283 }, "geometry": { "type": "Point", "coordinates": [ 6.521152, 48.799063 ] } },
{ "type": "Feature", "properties": { "id": 1284 }, "geometry": { "type": "Point", "coordinates": [ 5.902479, 49.265985 ] } },
{ "type": "Feature", "properties": { "id": 1285 }, "geometry": { "type": "Point", "coordinates": [ 6.780525, 48.629098 ] } },
{ "type": "Feature", "properties": { "id": 1286 }, "geometry": { "type": "Point", "coordinates": [ 7.074806, 48.674183 ] } },
{ "type": "Feature", "properties": { "id": 1287 }, "geometry": { "type": "Point", "coordinates": [ 7.30886, 48.792016 ] } },
{ "type": "Feature", "properties": { "id": 1288 }, "geometry": { "type": "Point", "coordinates": [ 6.898655, 48.871841 ] } },
{ "type": "Feature", "properties": { "id": 1289 }, "geometry": { "type": "Point", "coordinates": [ 6.920951, 48.581368 ] } },
{ "type": "Feature", "properties": { "id": 1290 }, "geometry": { "type": "Point", "coordinates": [ 5.90777, 49.301171 ] } },
{ "type": "Feature", "properties": { "id": 1291 }, "geometry": { "type": "Point", "coordinates": [ 6.705828, 48.678346 ] } },
{ "type": "Feature", "properties": { "id": 1292 }, "geometry": { "type": "Point", "coordinates": [ 7.292807, 48.634238 ] } },
{ "type": "Feature", "properties": { "id": 1293 }, "geometry": { "type": "Point", "coordinates": [ 6.105653, 49.242092 ] } },
{ "type": "Feature", "properties": { "id": 1294 }, "geometry": { "type": "Point", "coordinates": [ 6.350782, 49.23345 ] } },
{ "type": "Feature", "properties": { "id": 1295 }, "geometry": { "type": "Point", "coordinates": [ 6.622924, 48.929714 ] } },
{ "type": "Feature", "properties": { "id": 1296 }, "geometry": { "type": "Point", "coordinates": [ 6.622994, 48.939049 ] } },
{ "type": "Feature", "properties": { "id": 1297 }, "geometry": { "type": "Point", "coordinates": [ 7.185496, 48.959878 ] } },
{ "type": "Feature", "properties": { "id": 1298 }, "geometry": { "type": "Point", "coordinates": [ 7.230518, 49.279192 ] } },
{ "type": "Feature", "properties": { "id": 1299 }, "geometry": { "type": "Point", "coordinates": [ 6.757328, 49.266107 ] } },
{ "type": "Feature", "properties": { "id": 1300 }, "geometry": { "type": "Point", "coordinates": [ 5.838347, 48.957992 ] } },
{ "type": "Feature", "properties": { "id": 1301 }, "geometry": { "type": "Point", "coordinates": [ 6.288084, 49.119051 ] } },
{ "type": "Feature", "properties": { "id": 1302 }, "geometry": { "type": "Point", "coordinates": [ 6.739059, 49.342036 ] } },
{ "type": "Feature", "properties": { "id": 1303 }, "geometry": { "type": "Point", "coordinates": [ 5.796511, 49.1053 ] } },
{ "type": "Feature", "properties": { "id": 1304 }, "geometry": { "type": "Point", "coordinates": [ 6.534505, 49.170748 ] } },
{ "type": "Feature", "properties": { "id": 1305 }, "geometry": { "type": "Point", "coordinates": [ 7.019689, 48.932131 ] } },
{ "type": "Feature", "properties": { "id": 1306 }, "geometry": { "type": "Point", "coordinates": [ 7.326509, 48.609565 ] } },
{ "type": "Feature", "properties": { "id": 1307 }, "geometry": { "type": "Point", "coordinates": [ 6.249371, 49.293614 ] } },
{ "type": "Feature", "properties": { "id": 1308 }, "geometry": { "type": "Point", "coordinates": [ 6.741324, 49.081633 ] } },
{ "type": "Feature", "properties": { "id": 1309 }, "geometry": { "type": "Point", "coordinates": [ 6.249742, 49.133676 ] } },
{ "type": "Feature", "properties": { "id": 1310 }, "geometry": { "type": "Point", "coordinates": [ 6.981815, 48.954538 ] } },
{ "type": "Feature", "properties": { "id": 1311 }, "geometry": { "type": "Point", "coordinates": [ 7.224303, 48.549784 ] } },
{ "type": "Feature", "properties": { "id": 1312 }, "geometry": { "type": "Point", "coordinates": [ 6.839938, 48.562102 ] } },
{ "type": "Feature", "properties": { "id": 1313 }, "geometry": { "type": "Point", "coordinates": [ 6.944154, 48.927795 ] } },
{ "type": "Feature", "properties": { "id": 1314 }, "geometry": { "type": "Point", "coordinates": [ 6.726785, 48.708897 ] } },
{ "type": "Feature", "properties": { "id": 1315 }, "geometry": { "type": "Point", "coordinates": [ 6.705849, 48.766821 ] } },
{ "type": "Feature", "properties": { "id": 1316 }, "geometry": { "type": "Point", "coordinates": [ 6.821322, 48.872224 ] } },
{ "type": "Feature", "properties": { "id": 1317 }, "geometry": { "type": "Point", "coordinates": [ 7.230029, 49.269009 ] } },
{ "type": "Feature", "properties": { "id": 1318 }, "geometry": { "type": "Point", "coordinates": [ 6.636195, 49.173998 ] } },
{ "type": "Feature", "properties": { "id": 1319 }, "geometry": { "type": "Point", "coordinates": [ 7.1138, 48.511897 ] } },
{ "type": "Feature", "properties": { "id": 1320 }, "geometry": { "type": "Point", "coordinates": [ 6.249938, 48.828527 ] } },
{ "type": "Feature", "properties": { "id": 1321 }, "geometry": { "type": "Point", "coordinates": [ 6.189425, 48.86535 ] } },
{ "type": "Feature", "properties": { "id": 1322 }, "geometry": { "type": "Point", "coordinates": [ 6.169571, 49.33101 ] } },
{ "type": "Feature", "properties": { "id": 1323 }, "geometry": { "type": "Point", "coordinates": [ 6.113122, 49.087782 ] } },
{ "type": "Feature", "properties": { "id": 1324 }, "geometry": { "type": "Point", "coordinates": [ 7.196702, 48.637578 ] } },
{ "type": "Feature", "properties": { "id": 1325 }, "geometry": { "type": "Point", "coordinates": [ 6.810712, 48.91202 ] } },
{ "type": "Feature", "properties": { "id": 1326 }, "geometry": { "type": "Point", "coordinates": [ 6.887388, 48.871284 ] } },
{ "type": "Feature", "properties": { "id": 1327 }, "geometry": { "type": "Point", "coordinates": [ 6.889231, 49.294905 ] } },
{ "type": "Feature", "properties": { "id": 1328 }, "geometry": { "type": "Point", "coordinates": [ 6.708514, 48.568521 ] } },
{ "type": "Feature", "properties": { "id": 1329 }, "geometry": { "type": "Point", "coordinates": [ 5.816606, 48.508309 ] } },
{ "type": "Feature", "properties": { "id": 1330 }, "geometry": { "type": "Point", "coordinates": [ 6.013072, 48.549065 ] } },
{ "type": "Feature", "properties": { "id": 1331 }, "geometry": { "type": "Point", "coordinates": [ 7.181602, 49.288651 ] } },
{ "type": "Feature", "properties": { "id": 1332 }, "geometry": { "type": "Point", "coordinates": [ 6.061072, 48.963259 ] } },
{ "type": "Feature", "properties": { "id": 1333 }, "geometry": { "type": "Point", "coordinates": [ 5.8981, 48.554861 ] } },
{ "type": "Feature", "properties": { "id": 1334 }, "geometry": { "type": "Point", "coordinates": [ 6.663002, 48.620952 ] } },
{ "type": "Feature", "properties": { "id": 1335 }, "geometry": { "type": "Point", "coordinates": [ 6.464523, 48.846344 ] } },
{ "type": "Feature", "properties": { "id": 1336 }, "geometry": { "type": "Point", "coordinates": [ 5.797474, 48.966557 ] } },
{ "type": "Feature", "properties": { "id": 1337 }, "geometry": { "type": "Point", "coordinates": [ 6.295727, 48.697683 ] } },
{ "type": "Feature", "properties": { "id": 1338 }, "geometry": { "type": "Point", "coordinates": [ 6.404387, 48.661387 ] } },
{ "type": "Feature", "properties": { "id": 1339 }, "geometry": { "type": "Point", "coordinates": [ 6.976195, 49.176406 ] } },
{ "type": "Feature", "properties": { "id": 1340 }, "geometry": { "type": "Point", "coordinates": [ 6.372185, 48.515747 ] } },
{ "type": "Feature", "properties": { "id": 1341 }, "geometry": { "type": "Point", "coordinates": [ 5.947708, 49.225463 ] } },
{ "type": "Feature", "properties": { "id": 1342 }, "geometry": { "type": "Point", "coordinates": [ 7.278084, 48.727863 ] } },
{ "type": "Feature", "properties": { "id": 1343 }, "geometry": { "type": "Point", "coordinates": [ 6.71848, 49.187208 ] } },
{ "type": "Feature", "properties": { "id": 1344 }, "geometry": { "type": "Point", "coordinates": [ 6.94791, 48.606495 ] } },
{ "type": "Feature", "properties": { "id": 1345 }, "geometry": { "type": "Point", "coordinates": [ 6.403568, 49.047038 ] } },
{ "type": "Feature", "properties": { "id": 1346 }, "geometry": { "type": "Point", "coordinates": [ 6.993489, 49.242661 ] } },
{ "type": "Feature", "properties": { "id": 1347 }, "geometry": { "type": "Point", "coordinates": [ 6.569854, 48.67369 ] } },
{ "type": "Feature", "properties": { "id": 1348 }, "geometry": { "type": "Point", "coordinates": [ 6.112175, 48.564816 ] } },
{ "type": "Feature", "properties": { "id": 1349 }, "geometry": { "type": "Point", "coordinates": [ 6.666429, 49.054904 ] } },
{ "type": "Feature", "properties": { "id": 1350 }, "geometry": { "type": "Point", "coordinates": [ 5.876839, 48.555814 ] } },
{ "type": "Feature", "properties": { "id": 1351 }, "geometry": { "type": "Point", "coordinates": [ 7.187999, 48.800353 ] } },
{ "type": "Feature", "properties": { "id": 1352 }, "geometry": { "type": "Point", "coordinates": [ 6.329905, 48.59149 ] } },
{ "type": "Feature", "properties": { "id": 1353 }, "geometry": { "type": "Point", "coordinates": [ 5.934629, 49.301671 ] } },
{ "type": "Feature", "properties": { "id": 1354 }, "geometry": { "type": "Point", "coordinates": [ 6.092595, 49.206434 ] } },
{ "type": "Feature", "properties": { "id": 1355 }, "geometry": { "type": "Point", "coordinates": [ 6.456138, 49.041189 ] } },
{ "type": "Feature", "properties": { "id": 1356 }, "geometry": { "type": "Point", "coordinates": [ 7.321614, 48.525143 ] } },
{ "type": "Feature", "properties": { "id": 1357 }, "geometry": { "type": "Point", "coordinates": [ 6.417375, 48.785292 ] } },
{ "type": "Feature", "properties": { "id": 1358 }, "geometry": { "type": "Point", "coordinates": [ 6.135119, 48.823803 ] } },
{ "type": "Feature", "properties": { "id": 1359 }, "geometry": { "type": "Point", "coordinates": [ 6.511694, 48.576167 ] } },
{ "type": "Feature", "properties": { "id": 1360 }, "geometry": { "type": "Point", "coordinates": [ 6.927827, 48.946372 ] } },
{ "type": "Feature", "properties": { "id": 1361 }, "geometry": { "type": "Point", "coordinates": [ 6.491547, 48.709042 ] } },
{ "type": "Feature", "properties": { "id": 1362 }, "geometry": { "type": "Point", "coordinates": [ 5.831716, 49.234828 ] } },
{ "type": "Feature", "properties": { "id": 1363 }, "geometry": { "type": "Point", "coordinates": [ 7.001098, 49.337661 ] } },
{ "type": "Feature", "properties": { "id": 1364 }, "geometry": { "type": "Point", "coordinates": [ 6.507587, 48.644681 ] } },
{ "type": "Feature", "properties": { "id": 1365 }, "geometry": { "type": "Point", "coordinates": [ 6.35896, 49.288569 ] } },
{ "type": "Feature", "properties": { "id": 1366 }, "geometry": { "type": "Point", "coordinates": [ 7.232622, 48.572755 ] } },
{ "type": "Feature", "properties": { "id": 1367 }, "geometry": { "type": "Point", "coordinates": [ 5.865023, 48.883007 ] } },
{ "type": "Feature", "properties": { "id": 1368 }, "geometry": { "type": "Point", "coordinates": [ 7.165303, 49.386079 ] } },
{ "type": "Feature", "properties": { "id": 1369 }, "geometry": { "type": "Point", "coordinates": [ 6.30777, 48.853645 ] } },
{ "type": "Feature", "properties": { "id": 1370 }, "geometry": { "type": "Point", "coordinates": [ 6.321415, 49.222246 ] } },
{ "type": "Feature", "properties": { "id": 1371 }, "geometry": { "type": "Point", "coordinates": [ 7.046303, 48.792281 ] } },
{ "type": "Feature", "properties": { "id": 1372 }, "geometry": { "type": "Point", "coordinates": [ 6.858343, 49.043144 ] } },
{ "type": "Feature", "properties": { "id": 1373 }, "geometry": { "type": "Point", "coordinates": [ 6.415027, 49.196045 ] } },
{ "type": "Feature", "properties": { "id": 1374 }, "geometry": { "type": "Point", "coordinates": [ 7.325139, 48.80083 ] } },
{ "type": "Feature", "properties": { "id": 1375 }, "geometry": { "type": "Point", "coordinates": [ 6.61594, 48.687561 ] } },
{ "type": "Feature", "properties": { "id": 1376 }, "geometry": { "type": "Point", "coordinates": [ 6.434457, 49.125944 ] } },
{ "type": "Feature", "properties": { "id": 1377 }, "geometry": { "type": "Point", "coordinates": [ 6.618084, 48.917048 ] } },
{ "type": "Feature", "properties": { "id": 1378 }, "geometry": { "type": "Point", "coordinates": [ 6.43738, 49.268691 ] } },
{ "type": "Feature", "properties": { "id": 1379 }, "geometry": { "type": "Point", "coordinates": [ 6.926823, 48.652611 ] } },
{ "type": "Feature", "properties": { "id": 1380 }, "geometry": { "type": "Point", "coordinates": [ 6.448794, 48.885776 ] } },
{ "type": "Feature", "properties": { "id": 1381 }, "geometry": { "type": "Point", "coordinates": [ 6.597165, 48.540711 ] } },
{ "type": "Feature", "properties": { "id": 1382 }, "geometry": { "type": "Point", "coordinates": [ 7.121753, 48.6047 ] } },
{ "type": "Feature", "properties": { "id": 1383 }, "geometry": { "type": "Point", "coordinates": [ 5.756717, 48.920684 ] } },
{ "type": "Feature", "properties": { "id": 1384 }, "geometry": { "type": "Point", "coordinates": [ 6.667595, 48.529132 ] } },
{ "type": "Feature", "properties": { "id": 1385 }, "geometry": { "type": "Point", "coordinates": [ 7.233978, 48.942316 ] } },
{ "type": "Feature", "properties": { "id": 1386 }, "geometry": { "type": "Point", "coordinates": [ 5.863546, 49.254231 ] } },
{ "type": "Feature", "properties": { "id": 1387 }, "geometry": { "type": "Point", "coordinates": [ 5.954588, 48.867934 ] } },
{ "type": "Feature", "properties": { "id": 1388 }, "geometry": { "type": "Point", "coordinates": [ 5.922248, 48.788751 ] } },
{ "type": "Feature", "properties": { "id": 1389 }, "geometry": { "type": "Point", "coordinates": [ 5.981816, 48.772038 ] } },
{ "type": "Feature", "properties": { "id": 1390 }, "geometry": { "type": "Point", "coordinates": [ 5.885228, 48.752517 ] } },
{ "type": "Feature", "properties": { "id": 1391 }, "geometry": { "type": "Point", "coordinates": [ 6.257757, 48.750216 ] } },
{ "type": "Feature", "properties": { "id": 1392 }, "geometry": { "type": "Point", "coordinates": [ 6.000482, 49.269552 ] } },
{ "type": "Feature", "properties": { "id": 1393 }, "geometry": { "type": "Point", "coordinates": [ 5.772749, 48.827466 ] } },
{ "type": "Feature", "properties": { "id": 1394 }, "geometry": { "type": "Point", "coordinates": [ 6.220955, 49.362934 ] } },
{ "type": "Feature", "properties": { "id": 1395 }, "geometry": { "type": "Point", "coordinates": [ 6.687639, 48.726854 ] } },
{ "type": "Feature", "properties": { "id": 1396 }, "geometry": { "type": "Point", "coordinates": [ 6.907411, 49.074275 ] } },
{ "type": "Feature", "properties": { "id": 1397 }, "geometry": { "type": "Point", "coordinates": [ 6.451133, 48.52912 ] } },
{ "type": "Feature", "properties": { "id": 1398 }, "geometry": { "type": "Point", "coordinates": [ 6.230039, 49.193996 ] } },
{ "type": "Feature", "properties": { "id": 1399 }, "geometry": { "type": "Point", "coordinates": [ 6.043126, 48.834263 ] } },
{ "type": "Feature", "properties": { "id": 1400 }, "geometry": { "type": "Point", "coordinates": [ 6.78334, 48.874594 ] } },
{ "type": "Feature", "properties": { "id": 1401 }, "geometry": { "type": "Point", "coordinates": [ 6.900931, 49.286926 ] } },
{ "type": "Feature", "properties": { "id": 1402 }, "geometry": { "type": "Point", "coordinates": [ 6.235186, 49.180719 ] } },
{ "type": "Feature", "properties": { "id": 1403 }, "geometry": { "type": "Point", "coordinates": [ 7.273596, 49.207948 ] } },
{ "type": "Feature", "properties": { "id": 1404 }, "geometry": { "type": "Point", "coordinates": [ 6.850014, 49.179806 ] } },
{ "type": "Feature", "properties": { "id": 1405 }, "geometry": { "type": "Point", "coordinates": [ 6.894015, 48.557441 ] } },
{ "type": "Feature", "properties": { "id": 1406 }, "geometry": { "type": "Point", "coordinates": [ 5.922287, 48.92909 ] } },
{ "type": "Feature", "properties": { "id": 1407 }, "geometry": { "type": "Point", "coordinates": [ 6.373836, 49.345679 ] } },
{ "type": "Feature", "properties": { "id": 1408 }, "geometry": { "type": "Point", "coordinates": [ 7.339988, 48.754572 ] } },
{ "type": "Feature", "properties": { "id": 1409 }, "geometry": { "type": "Point", "coordinates": [ 6.723071, 48.799139 ] } },
{ "type": "Feature", "properties": { "id": 1410 }, "geometry": { "type": "Point", "coordinates": [ 6.463774, 49.357403 ] } },
{ "type": "Feature", "properties": { "id": 1411 }, "geometry": { "type": "Point", "coordinates": [ 6.453486, 48.971301 ] } },
{ "type": "Feature", "properties": { "id": 1412 }, "geometry": { "type": "Point", "coordinates": [ 6.944472, 48.707033 ] } },
{ "type": "Feature", "properties": { "id": 1413 }, "geometry": { "type": "Point", "coordinates": [ 6.512808, 48.803991 ] } },
{ "type": "Feature", "properties": { "id": 1414 }, "geometry": { "type": "Point", "coordinates": [ 6.702575, 49.319676 ] } },
{ "type": "Feature", "properties": { "id": 1415 }, "geometry": { "type": "Point", "coordinates": [ 7.168769, 48.834703 ] } },
{ "type": "Feature", "properties": { "id": 1416 }, "geometry": { "type": "Point", "coordinates": [ 7.286915, 48.526049 ] } },
{ "type": "Feature", "properties": { "id": 1417 }, "geometry": { "type": "Point", "coordinates": [ 7.154398, 48.891288 ] } },
{ "type": "Feature", "properties": { "id": 1418 }, "geometry": { "type": "Point", "coordinates": [ 7.168947, 49.351494 ] } },
{ "type": "Feature", "properties": { "id": 1419 }, "geometry": { "type": "Point", "coordinates": [ 5.927753, 49.235132 ] } },
{ "type": "Feature", "properties": { "id": 1420 }, "geometry": { "type": "Point", "coordinates": [ 7.292592, 48.838769 ] } },
{ "type": "Feature", "properties": { "id": 1421 }, "geometry": { "type": "Point", "coordinates": [ 7.22372, 48.624793 ] } },
{ "type": "Feature", "properties": { "id": 1422 }, "geometry": { "type": "Point", "coordinates": [ 7.305797, 48.756785 ] } },
{ "type": "Feature", "properties": { "id": 1423 }, "geometry": { "type": "Point", "coordinates": [ 6.847644, 48.593585 ] } },
{ "type": "Feature", "properties": { "id": 1424 }, "geometry": { "type": "Point", "coordinates": [ 7.278341, 48.744133 ] } },
{ "type": "Feature", "properties": { "id": 1425 }, "geometry": { "type": "Point", "coordinates": [ 6.661737, 48.793336 ] } },
{ "type": "Feature", "properties": { "id": 1426 }, "geometry": { "type": "Point", "coordinates": [ 7.119038, 48.973444 ] } },
{ "type": "Feature", "properties": { "id": 1427 }, "geometry": { "type": "Point", "coordinates": [ 6.115185, 48.579126 ] } },
{ "type": "Feature", "properties": { "id": 1428 }, "geometry": { "type": "Point", "coordinates": [ 7.25395, 49.132872 ] } },
{ "type": "Feature", "properties": { "id": 1429 }, "geometry": { "type": "Point", "coordinates": [ 5.819951, 48.743753 ] } },
{ "type": "Feature", "properties": { "id": 1430 }, "geometry": { "type": "Point", "coordinates": [ 6.265857, 49.232507 ] } },
{ "type": "Feature", "properties": { "id": 1431 }, "geometry": { "type": "Point", "coordinates": [ 7.22493, 49.247284 ] } },
{ "type": "Feature", "properties": { "id": 1432 }, "geometry": { "type": "Point", "coordinates": [ 5.958992, 49.156359 ] } },
{ "type": "Feature", "properties": { "id": 1433 }, "geometry": { "type": "Point", "coordinates": [ 6.655169, 49.136173 ] } },
{ "type": "Feature", "properties": { "id": 1434 }, "geometry": { "type": "Point", "coordinates": [ 6.299774, 48.901429 ] } },
{ "type": "Feature", "properties": { "id": 1435 }, "geometry": { "type": "Point", "coordinates": [ 6.957582, 49.118772 ] } },
{ "type": "Feature", "properties": { "id": 1436 }, "geometry": { "type": "Point", "coordinates": [ 6.474105, 49.169333 ] } },
{ "type": "Feature", "properties": { "id": 1437 }, "geometry": { "type": "Point", "coordinates": [ 5.842407, 48.510543 ] } },
{ "type": "Feature", "properties": { "id": 1438 }, "geometry": { "type": "Point", "coordinates": [ 6.101409, 48.611024 ] } },
{ "type": "Feature", "properties": { "id": 1439 }, "geometry": { "type": "Point", "coordinates": [ 6.261766, 48.707318 ] } },
{ "type": "Feature", "properties": { "id": 1440 }, "geometry": { "type": "Point", "coordinates": [ 6.973885, 48.694583 ] } },
{ "type": "Feature", "properties": { "id": 1441 }, "geometry": { "type": "Point", "coordinates": [ 6.464568, 48.689855 ] } },
{ "type": "Feature", "properties": { "id": 1442 }, "geometry": { "type": "Point", "coordinates": [ 7.019308, 48.543259 ] } },
{ "type": "Feature", "properties": { "id": 1443 }, "geometry": { "type": "Point", "coordinates": [ 6.11813, 48.955067 ] } },
{ "type": "Feature", "properties": { "id": 1444 }, "geometry": { "type": "Point", "coordinates": [ 6.202586, 48.778959 ] } },
{ "type": "Feature", "properties": { "id": 1445 }, "geometry": { "type": "Point", "coordinates": [ 7.124965, 48.569437 ] } },
{ "type": "Feature", "properties": { "id": 1446 }, "geometry": { "type": "Point", "coordinates": [ 7.168212, 48.640818 ] } },
{ "type": "Feature", "properties": { "id": 1447 }, "geometry": { "type": "Point", "coordinates": [ 6.364, 49.169906 ] } },
{ "type": "Feature", "properties": { "id": 1448 }, "geometry": { "type": "Point", "coordinates": [ 7.258835, 48.856615 ] } },
{ "type": "Feature", "properties": { "id": 1449 }, "geometry": { "type": "Point", "coordinates": [ 7.317383, 48.925667 ] } },
{ "type": "Feature", "properties": { "id": 1450 }, "geometry": { "type": "Point", "coordinates": [ 7.28012, 49.379503 ] } },
{ "type": "Feature", "properties": { "id": 1451 }, "geometry": { "type": "Point", "coordinates": [ 7.304966, 48.945001 ] } },
{ "type": "Feature", "properties": { "id": 1452 }, "geometry": { "type": "Point", "coordinates": [ 6.155791, 49.234686 ] } },
{ "type": "Feature", "properties": { "id": 1453 }, "geometry": { "type": "Point", "coordinates": [ 5.889517, 49.181218 ] } },
{ "type": "Feature", "properties": { "id": 1454 }, "geometry": { "type": "Point", "coordinates": [ 6.929713, 49.34232 ] } },
{ "type": "Feature", "properties": { "id": 1455 }, "geometry": { "type": "Point", "coordinates": [ 6.153363, 48.630506 ] } },
{ "type": "Feature", "properties": { "id": 1456 }, "geometry": { "type": "Point", "coordinates": [ 6.6822, 48.986164 ] } },
{ "type": "Feature", "properties": { "id": 1457 }, "geometry": { "type": "Point", "coordinates": [ 7.082752, 48.52559 ] } },
{ "type": "Feature", "properties": { "id": 1458 }, "geometry": { "type": "Point", "coordinates": [ 7.256615, 48.705845 ] } },
{ "type": "Feature", "properties": { "id": 1459 }, "geometry": { "type": "Point", "coordinates": [ 6.824741, 48.747007 ] } },
{ "type": "Feature", "properties": { "id": 1460 }, "geometry": { "type": "Point", "coordinates": [ 6.729216, 48.958045 ] } },
{ "type": "Feature", "properties": { "id": 1461 }, "geometry": { "type": "Point", "coordinates": [ 6.710288, 49.065315 ] } },
{ "type": "Feature", "properties": { "id": 1462 }, "geometry": { "type": "Point", "coordinates": [ 6.410347, 49.079867 ] } },
{ "type": "Feature", "properties": { "id": 1463 }, "geometry": { "type": "Point", "coordinates": [ 7.174209, 48.527796 ] } },
{ "type": "Feature", "properties": { "id": 1464 }, "geometry": { "type": "Point", "coordinates": [ 6.626202, 49.327406 ] } },
{ "type": "Feature", "properties": { "id": 1465 }, "geometry": { "type": "Point", "coordinates": [ 7.063081, 48.674318 ] } },
{ "type": "Feature", "properties": { "id": 1466 }, "geometry": { "type": "Point", "coordinates": [ 7.329861, 48.888336 ] } },
{ "type": "Feature", "properties": { "id": 1467 }, "geometry": { "type": "Point", "coordinates": [ 5.894672, 49.192671 ] } },
{ "type": "Feature", "properties": { "id": 1468 }, "geometry": { "type": "Point", "coordinates": [ 7.344669, 48.868821 ] } },
{ "type": "Feature", "properties": { "id": 1469 }, "geometry": { "type": "Point", "coordinates": [ 6.911484, 48.835352 ] } },
{ "type": "Feature", "properties": { "id": 1470 }, "geometry": { "type": "Point", "coordinates": [ 6.355881, 48.505246 ] } },
{ "type": "Feature", "properties": { "id": 1471 }, "geometry": { "type": "Point", "coordinates": [ 5.877071, 49.186275 ] } },
{ "type": "Feature", "properties": { "id": 1472 }, "geometry": { "type": "Point", "coordinates": [ 5.993245, 48.746093 ] } },
{ "type": "Feature", "properties": { "id": 1473 }, "geometry": { "type": "Point", "coordinates": [ 7.140173, 48.995587 ] } },
{ "type": "Feature", "properties": { "id": 1474 }, "geometry": { "type": "Point", "coordinates": [ 6.234551, 48.948885 ] } },
{ "type": "Feature", "properties": { "id": 1475 }, "geometry": { "type": "Point", "coordinates": [ 5.921571, 48.725548 ] } },
{ "type": "Feature", "properties": { "id": 1476 }, "geometry": { "type": "Point", "coordinates": [ 6.317126, 48.600734 ] } },
{ "type": "Feature", "properties": { "id": 1477 }, "geometry": { "type": "Point", "coordinates": [ 6.317929, 48.679607 ] } },
{ "type": "Feature", "properties": { "id": 1478 }, "geometry": { "type": "Point", "coordinates": [ 6.062811, 49.315537 ] } },
{ "type": "Feature", "properties": { "id": 1479 }, "geometry": { "type": "Point", "coordinates": [ 5.855921, 49.272432 ] } },
{ "type": "Feature", "properties": { "id": 1480 }, "geometry": { "type": "Point", "coordinates": [ 5.819316, 49.286355 ] } },
{ "type": "Feature", "properties": { "id": 1481 }, "geometry": { "type": "Point", "coordinates": [ 6.971597, 49.028657 ] } },
{ "type": "Feature", "properties": { "id": 1482 }, "geometry": { "type": "Point", "coordinates": [ 7.314925, 49.16441 ] } },
{ "type": "Feature", "properties": { "id": 1483 }, "geometry": { "type": "Point", "coordinates": [ 7.129316, 48.83367 ] } },
{ "type": "Feature", "properties": { "id": 1484 }, "geometry": { "type": "Point", "coordinates": [ 5.974832, 49.016621 ] } },
{ "type": "Feature", "properties": { "id": 1485 }, "geometry": { "type": "Point", "coordinates": [ 7.334565, 48.829346 ] } },
{ "type": "Feature", "properties": { "id": 1486 }, "geometry": { "type": "Point", "coordinates": [ 7.006448, 49.391954 ] } },
{ "type": "Feature", "properties": { "id": 1487 }, "geometry": { "type": "Point", "coordinates": [ 6.368814, 49.197334 ] } },
{ "type": "Feature", "properties": { "id": 1488 }, "geometry": { "type": "Point", "coordinates": [ 6.712664, 48.655596 ] } },
{ "type": "Feature", "properties": { "id": 1489 }, "geometry": { "type": "Point", "coordinates": [ 6.200008, 48.612021 ] } },
{ "type": "Feature", "properties": { "id": 1490 }, "geometry": { "type": "Point", "coordinates": [ 6.446702, 48.788871 ] } },
{ "type": "Feature", "properties": { "id": 1491 }, "geometry": { "type": "Point", "coordinates": [ 6.708714, 48.890203 ] } },
{ "type": "Feature", "properties": { "id": 1492 }, "geometry": { "type": "Point", "coordinates": [ 6.727448, 49.317719 ] } },
{ "type": "Feature", "properties": { "id": 1493 }, "geometry": { "type": "Point", "coordinates": [ 6.133307, 48.992687 ] } },
{ "type": "Feature", "properties": { "id": 1494 }, "geometry": { "type": "Point", "coordinates": [ 6.863407, 48.56914 ] } },
{ "type": "Feature", "properties": { "id": 1495 }, "geometry": { "type": "Point", "coordinates": [ 6.790987, 49.115763 ] } },
{ "type": "Feature", "properties": { "id": 1496 }, "geometry": { "type": "Point", "coordinates": [ 6.730573, 49.121313 ] } },
{ "type": "Feature", "properties": { "id": 1497 }, "geometry": { "type": "Point", "coordinates": [ 7.125348, 49.192333 ] } },
{ "type": "Feature", "properties": { "id": 1498 }, "geometry": { "type": "Point", "coordinates": [ 6.001427, 49.353089 ] } },
{ "type": "Feature", "properties": { "id": 1499 }, "geometry": { "type": "Point", "coordinates": [ 5.964317, 48.841225 ] } },
{ "type": "Feature", "properties": { "id": 1500 }, "geometry": { "type": "Point", "coordinates": [ 6.652071, 48.598896 ] } },
{ "type": "Feature", "properties": { "id": 1501 }, "geometry": { "type": "Point", "coordinates": [ 6.642385, 49.308683 ] } },
{ "type": "Feature", "properties": { "id": 1502 }, "geometry": { "type": "Point", "coordinates": [ 7.191567, 49.392777 ] } },
{ "type": "Feature", "properties": { "id": 1503 }, "geometry": { "type": "Point", "coordinates": [ 6.097836, 49.284119 ] } },
{ "type": "Feature", "properties": { "id": 1504 }, "geometry": { "type": "Point", "coordinates": [ 6.505031, 48.598955 ] } },
{ "type": "Feature", "properties": { "id": 1505 }, "geometry": { "type": "Point", "coordinates": [ 5.981318, 48.864395 ] } },
{ "type": "Feature", "properties": { "id": 1506 }, "geometry": { "type": "Point", "coordinates": [ 7.08099, 49.125374 ] } },
{ "type": "Feature", "properties": { "id": 1507 }, "geometry": { "type": "Point", "coordinates": [ 6.697857, 48.518688 ] } },
{ "type": "Feature", "properties": { "id": 1508 }, "geometry": { "type": "Point", "coordinates": [ 6.810207, 48.77429 ] } },
{ "type": "Feature", "properties": { "id": 1509 }, "geometry": { "type": "Point", "coordinates": [ 6.351858, 49.121194 ] } },
{ "type": "Feature", "properties": { "id": 1510 }, "geometry": { "type": "Point", "coordinates": [ 6.775328, 49.371294 ] } },
{ "type": "Feature", "properties": { "id": 1511 }, "geometry": { "type": "Point", "coordinates": [ 5.848657, 49.309792 ] } },
{ "type": "Feature", "properties": { "id": 1512 }, "geometry": { "type": "Point", "coordinates": [ 6.291341, 49.198424 ] } },
{ "type": "Feature", "properties": { "id": 1513 }, "geometry": { "type": "Point", "coordinates": [ 6.578198, 48.859893 ] } },
{ "type": "Feature", "properties": { "id": 1514 }, "geometry": { "type": "Point", "coordinates": [ 6.897634, 49.309513 ] } },
{ "type": "Feature", "properties": { "id": 1515 }, "geometry": { "type": "Point", "coordinates": [ 6.135307, 49.326479 ] } },
{ "type": "Feature", "properties": { "id": 1516 }, "geometry": { "type": "Point", "coordinates": [ 7.155957, 49.022529 ] } },
{ "type": "Feature", "properties": { "id": 1517 }, "geometry": { "type": "Point", "coordinates": [ 6.325811, 48.780646 ] } },
{ "type": "Feature", "properties": { "id": 1518 }, "geometry": { "type": "Point", "coordinates": [ 5.83449, 49.32907 ] } },
{ "type": "Feature", "properties": { "id": 1519 }, "geometry": { "type": "Point", "coordinates": [ 6.544103, 48.738999 ] } },
{ "type": "Feature", "properties": { "id": 1520 }, "geometry": { "type": "Point", "coordinates": [ 6.144987, 48.855328 ] } },
{ "type": "Feature", "properties": { "id": 1521 }, "geometry": { "type": "Point", "coordinates": [ 5.949103, 48.882094 ] } },
{ "type": "Feature", "properties": { "id": 1522 }, "geometry": { "type": "Point", "coordinates": [ 6.984458, 49.300041 ] } },
{ "type": "Feature", "properties": { "id": 1523 }, "geometry": { "type": "Point", "coordinates": [ 6.44139, 49.32696 ] } },
{ "type": "Feature", "properties": { "id": 1524 }, "geometry": { "type": "Point", "coordinates": [ 6.58843, 48.687988 ] } },
{ "type": "Feature", "properties": { "id": 1525 }, "geometry": { "type": "Point", "coordinates": [ 7.178186, 48.776481 ] } },
{ "type": "Feature", "properties": { "id": 1526 }, "geometry": { "type": "Point", "coordinates": [ 6.804839, 48.519872 ] } },
{ "type": "Feature", "properties": { "id": 1527 }, "geometry": { "type": "Point", "coordinates": [ 6.417962, 49.074007 ] } },
{ "type": "Feature", "properties": { "id": 1528 }, "geometry": { "type": "Point", "coordinates": [ 7.040496, 49.27772 ] } },
{ "type": "Feature", "properties": { "id": 1529 }, "geometry": { "type": "Point", "coordinates": [ 6.727885, 48.58528 ] } },
{ "type": "Feature", "properties": { "id": 1530 }, "geometry": { "type": "Point", "coordinates": [ 5.798919, 48.565012 ] } },
{ "type": "Feature", "properties": { "id": 1531 }, "geometry": { "type": "Point", "coordinates": [ 5.9559, 49.142323 ] } },
{ "type": "Feature", "properties": { "id": 1532 }, "geometry": { "type": "Point", "coordinates": [ 6.033986, 48.910174 ] } },
{ "type": "Feature", "properties": { "id": 1533 }, "geometry": { "type": "Point", "coordinates": [ 7.103372, 48.87772 ] } },
{ "type": "Feature", "properties": { "id": 1534 }, "geometry": { "type": "Point", "coordinates": [ 7.204462, 48.539338 ] } },
{ "type": "Feature", "properties": { "id": 1535 }, "geometry": { "type": "Point", "coordinates": [ 7.206575, 49.333791 ] } },
{ "type": "Feature", "properties": { "id": 1536 }, "geometry": { "type": "Point", "coordinates": [ 7.334568, 49.03886 ] } },
{ "type": "Feature", "properties": { "id": 1537 }, "geometry": { "type": "Point", "coordinates": [ 6.110991, 48.936401 ] } },
{ "type": "Feature", "properties": { "id": 1538 }, "geometry": { "type": "Point", "coordinates": [ 5.760697, 49.1675 ] } },
{ "type": "Feature", "properties": { "id": 1539 }, "geometry": { "type": "Point", "coordinates": [ 6.745033, 48.854633 ] } },
{ "type": "Feature", "properties": { "id": 1540 }, "geometry": { "type": "Point", "coordinates": [ 6.033936, 48.614251 ] } },
{ "type": "Feature", "properties": { "id": 1541 }, "geometry": { "type": "Point", "coordinates": [ 5.926805, 49.32294 ] } },
{ "type": "Feature", "properties": { "id": 1542 }, "geometry": { "type": "Point", "coordinates": [ 6.247739, 48.764481 ] } },
{ "type": "Feature", "properties": { "id": 1543 }, "geometry": { "type": "Point", "coordinates": [ 6.849089, 48.590562 ] } },
{ "type": "Feature", "properties": { "id": 1544 }, "geometry": { "type": "Point", "coordinates": [ 6.554429, 48.807579 ] } },
{ "type": "Feature", "properties": { "id": 1545 }, "geometry": { "type": "Point", "coordinates": [ 6.083826, 49.238704 ] } },
{ "type": "Feature", "properties": { "id": 1546 }, "geometry": { "type": "Point", "coordinates": [ 6.036884, 49.180979 ] } },
{ "type": "Feature", "properties": { "id": 1547 }, "geometry": { "type": "Point", "coordinates": [ 5.755806, 48.581905 ] } },
{ "type": "Feature", "properties": { "id": 1548 }, "geometry": { "type": "Point", "coordinates": [ 5.92084, 48.99832 ] } },
{ "type": "Feature", "properties": { "id": 1549 }, "geometry": { "type": "Point", "coordinates": [ 6.784283, 48.894564 ] } },
{ "type": "Feature", "properties": { "id": 1550 }, "geometry": { "type": "Point", "coordinates": [ 7.073885, 48.540018 ] } },
{ "type": "Feature", "properties": { "id": 1551 }, "geometry": { "type": "Point", "coordinates": [ 6.660736, 48.66941 ] } },
{ "type": "Feature", "properties": { "id": 1552 }, "geometry": { "type": "Point", "coordinates": [ 6.207861, 48.812256 ] } },
{ "type": "Feature", "properties": { "id": 1553 }, "geometry": { "type": "Point", "coordinates": [ 6.961611, 48.729098 ] } },
{ "type": "Feature", "properties": { "id": 1554 }, "geometry": { "type": "Point", "coordinates": [ 5.800603, 48.865377 ] } },
{ "type": "Feature", "properties": { "id": 1555 }, "geometry": { "type": "Point", "coordinates": [ 6.492643, 49.239124 ] } },
{ "type": "Feature", "properties": { "id": 1556 }, "geometry": { "type": "Point", "coordinates": [ 6.509652, 48.859135 ] } },
{ "type": "Feature", "properties": { "id": 1557 }, "geometry": { "type": "Point", "coordinates": [ 7.228974, 48.657067 ] } },
{ "type": "Feature", "properties": { "id": 1558 }, "geometry": { "type": "Point", "coordinates": [ 6.471761, 48.773491 ] } },
{ "type": "Feature", "properties": { "id": 1559 }, "geometry": { "type": "Point", "coordinates": [ 5.873746, 48.511198 ] } },
{ "type": "Feature", "properties": { "id": 1560 }, "geometry": { "type": "Point", "coordinates": [ 6.750545, 48.829574 ] } },
{ "type": "Feature", "properties": { "id": 1561 }, "geometry": { "type": "Point", "coordinates": [ 6.613735, 48.837066 ] } },
{ "type": "Feature", "properties": { "id": 1562 }, "geometry": { "type": "Point", "coordinates": [ 6.008704, 49.261884 ] } },
{ "type": "Feature", "properties": { "id": 1563 }, "geometry": { "type": "Point", "coordinates": [ 5.861827, 49.255853 ] } },
{ "type": "Feature", "properties": { "id": 1564 }, "geometry": { "type": "Point", "coordinates": [ 7.341594, 49.110159 ] } },
{ "type": "Feature", "properties": { "id": 1565 }, "geometry": { "type": "Point", "coordinates": [ 6.547135, 49.166815 ] } },
{ "type": "Feature", "properties": { "id": 1566 }, "geometry": { "type": "Point", "coordinates": [ 6.109733, 48.920439 ] } },
{ "type": "Feature", "properties": { "id": 1567 }, "geometry": { "type": "Point", "coordinates": [ 7.002259, 49.107661 ] } },
{ "type": "Feature", "properties": { "id": 1568 }, "geometry": { "type": "Point", "coordinates": [ 6.413851, 48.772266 ] } },
{ "type": "Feature", "properties": { "id": 1569 }, "geometry": { "type": "Point", "coordinates": [ 7.119319, 48.617822 ] } },
{ "type": "Feature", "properties": { "id": 1570 }, "geometry": { "type": "Point", "coordinates": [ 5.946515, 48.72464 ] } },
{ "type": "Feature", "properties": { "id": 1571 }, "geometry": { "type": "Point", "coordinates": [ 6.670905, 48.61925 ] } },
{ "type": "Feature", "properties": { "id": 1572 }, "geometry": { "type": "Point", "coordinates": [ 6.218289, 48.867592 ] } },
{ "type": "Feature", "properties": { "id": 1573 }, "geometry": { "type": "Point", "coordinates": [ 6.934527, 48.518595 ] } },
{ "type": "Feature", "properties": { "id": 1574 }, "geometry": { "type": "Point", "coordinates": [ 7.225165, 49.178257 ] } },
{ "type": "Feature", "properties": { "id": 1575 }, "geometry": { "type": "Point", "coordinates": [ 6.469725, 49.329719 ] } },
{ "type": "Feature", "properties": { "id": 1576 }, "geometry": { "type": "Point", "coordinates": [ 5.770397, 48.883375 ] } },
{ "type": "Feature", "properties": { "id": 1577 }, "geometry": { "type": "Point", "coordinates": [ 7.063911, 48.98564 ] } },
{ "type": "Feature", "properties": { "id": 1578 }, "geometry": { "type": "Point", "coordinates": [ 6.421172, 48.877622 ] } },
{ "type": "Feature", "properties": { "id": 1579 }, "geometry": { "type": "Point", "coordinates": [ 6.573381, 48.975911 ] } },
{ "type": "Feature", "properties": { "id": 1580 }, "geometry": { "type": "Point", "coordinates": [ 5.791074, 48.780281 ] } },
{ "type": "Feature", "properties": { "id": 1581 }, "geometry": { "type": "Point", "coordinates": [ 6.136585, 48.534332 ] } },
{ "type": "Feature", "properties": { "id": 1582 }, "geometry": { "type": "Point", "coordinates": [ 7.045895, 49.251033 ] } },
{ "type": "Feature", "properties": { "id": 1583 }, "geometry": { "type": "Point", "coordinates": [ 6.705555, 49.139396 ] } },
{ "type": "Feature", "properties": { "id": 1584 }, "geometry": { "type": "Point", "coordinates": [ 6.77332, 49.37778 ] } },
{ "type": "Feature", "properties": { "id": 1585 }, "geometry": { "type": "Point", "coordinates": [ 6.083447, 48.825133 ] } },
{ "type": "Feature", "properties": { "id": 1586 }, "geometry": { "type": "Point", "coordinates": [ 5.963303, 49.16828 ] } },
{ "type": "Feature", "properties": { "id": 1587 }, "geometry": { "type": "Point", "coordinates": [ 6.221922, 49.33227 ] } },
{ "type": "Feature", "properties": { "id": 1588 }, "geometry": { "type": "Point", "coordinates": [ 6.88613, 48.657632 ] } },
{ "type": "Feature", "properties": { "id": 1589 }, "geometry": { "type": "Point", "coordinates": [ 6.659795, 49.365003 ] } },
{ "type": "Feature", "properties": { "id": 1590 }, "geometry": { "type": "Point", "coordinates": [ 6.794272, 49.327946 ] } },
{ "type": "Feature", "properties": { "id": 1591 }, "geometry": { "type": "Point", "coordinates": [ 6.058499, 49.383534 ] } },
{ "type": "Feature", "properties": { "id": 1592 }, "geometry": { "type": "Point", "coordinates": [ 6.500881, 48.933678 ] } },
{ "type": "Feature", "properties": { "id": 1593 }, "geometry": { "type": "Point", "coordinates": [ 6.001566, 48.792516 ] } },
{ "type": "Feature", "properties": { "id": 1594 }, "geometry": { "type": "Point", "coordinates": [ 6.183839, 48.618335 ] } },
{ "type": "Feature", "properties": { "id": 1595 }, "geometry": { "type": "Point", "coordinates": [ 5.815161, 49.255397 ] } },
{ "type": "Feature", "properties": { "id": 1596 }, "geometry": { "type": "Point", "coordinates": [ 5.889283, 48.826312 ] } },
{ "type": "Feature", "properties": { "id": 1597 }, "geometry": { "type": "Point", "coordinates": [ 6.339522, 48.860186 ] } },
{ "type": "Feature", "properties": { "id": 1598 }, "geometry": { "type": "Point", "coordinates": [ 6.312532, 48.709174 ] } },
{ "type": "Feature", "properties": { "id": 1599 }, "geometry": { "type": "Point", "coordinates": [ 6.750598, 49.260715 ] } },
{ "type": "Feature", "properties": { "id": 1600 }, "geometry": { "type": "Point", "coordinates": [ 6.378876, 49.138427 ] } },
{ "type": "Feature", "properties": { "id": 1601 }, "geometry": { "type": "Point", "coordinates": [ 7.149833, 49.144416 ] } },
{ "type": "Feature", "properties": { "id": 1602 }, "geometry": { "type": "Point", "coordinates": [ 6.557595, 49.393127 ] } },
{ "type": "Feature", "properties": { "id": 1603 }, "geometry": { "type": "Point", "coordinates": [ 6.587277, 48.519978 ] } },
{ "type": "Feature", "properties": { "id": 1604 }, "geometry": { "type": "Point", "coordinates": [ 6.008485, 49.289951 ] } },
{ "type": "Feature", "properties": { "id": 1605 }, "geometry": { "type": "Point", "coordinates": [ 6.262823, 49.202079 ] } },
{ "type": "Feature", "properties": { "id": 1606 }, "geometry": { "type": "Point", "coordinates": [ 5.779902, 48.890493 ] } },
{ "type": "Feature", "properties": { "id": 1607 }, "geometry": { "type": "Point", "coordinates": [ 6.889543, 48.783469 ] } },
{ "type": "Feature", "properties": { "id": 1608 }, "geometry": { "type": "Point", "coordinates": [ 7.199194, 49.147251 ] } },
{ "type": "Feature", "properties": { "id": 1609 }, "geometry": { "type": "Point", "coordinates": [ 6.142055, 49.218695 ] } },
{ "type": "Feature", "properties": { "id": 1610 }, "geometry": { "type": "Point", "coordinates": [ 6.987185, 49.320623 ] } },
{ "type": "Feature", "properties": { "id": 1611 }, "geometry": { "type": "Point", "coordinates": [ 6.332054, 49.086468 ] } },
{ "type": "Feature", "properties": { "id": 1612 }, "geometry": { "type": "Point", "coordinates": [ 6.207862, 48.563406 ] } },
{ "type": "Feature", "properties": { "id": 1613 }, "geometry": { "type": "Point", "coordinates": [ 7.008122, 48.979648 ] } },
{ "type": "Feature", "properties": { "id": 1614 }, "geometry": { "type": "Point", "coordinates": [ 6.708305, 49.014775 ] } },
{ "type": "Feature", "properties": { "id": 1615 }, "geometry": { "type": "Point", "coordinates": [ 5.888503, 48.728816 ] } },
{ "type": "Feature", "properties": { "id": 1616 }, "geometry": { "type": "Point", "coordinates": [ 7.237453, 49.249806 ] } },
{ "type": "Feature", "properties": { "id": 1617 }, "geometry": { "type": "Point", "coordinates": [ 7.102137, 48.926648 ] } },
{ "type": "Feature", "properties": { "id": 1618 }, "geometry": { "type": "Point", "coordinates": [ 6.814633, 48.765999 ] } },
{ "type": "Feature", "properties": { "id": 1619 }, "geometry": { "type": "Point", "coordinates": [ 5.837482, 49.345514 ] } },
{ "type": "Feature", "properties": { "id": 1620 }, "geometry": { "type": "Point", "coordinates": [ 5.878639, 49.376979 ] } },
{ "type": "Feature", "properties": { "id": 1621 }, "geometry": { "type": "Point", "coordinates": [ 6.010741, 48.546748 ] } },
{ "type": "Feature", "properties": { "id": 1622 }, "geometry": { "type": "Point", "coordinates": [ 7.166681, 49.401072 ] } },
{ "type": "Feature", "properties": { "id": 1623 }, "geometry": { "type": "Point", "coordinates": [ 6.059394, 48.814203 ] } },
{ "type": "Feature", "properties": { "id": 1624 }, "geometry": { "type": "Point", "coordinates": [ 6.445085, 48.901582 ] } },
{ "type": "Feature", "properties": { "id": 1625 }, "geometry": { "type": "Point", "coordinates": [ 6.679473, 49.035925 ] } },
{ "type": "Feature", "properties": { "id": 1626 }, "geometry": { "type": "Point", "coordinates": [ 5.840681, 48.895352 ] } },
{ "type": "Feature", "properties": { "id": 1627 }, "geometry": { "type": "Point", "coordinates": [ 6.57004, 48.901866 ] } },
{ "type": "Feature", "properties": { "id": 1628 }, "geometry": { "type": "Point", "coordinates": [ 6.041527, 49.172287 ] } },
{ "type": "Feature", "properties": { "id": 1629 }, "geometry": { "type": "Point", "coordinates": [ 6.702121, 48.595465 ] } },
{ "type": "Feature", "properties": { "id": 1630 }, "geometry": { "type": "Point", "coordinates": [ 7.036133, 48.757538 ] } },
{ "type": "Feature", "properties": { "id": 1631 }, "geometry": { "type": "Point", "coordinates": [ 6.711599, 48.789046 ] } },
{ "type": "Feature", "properties": { "id": 1632 }, "geometry": { "type": "Point", "coordinates": [ 6.782951, 49.027659 ] } },
{ "type": "Feature", "properties": { "id": 1633 }, "geometry": { "type": "Point", "coordinates": [ 7.025878, 48.624322 ] } },
{ "type": "Feature", "properties": { "id": 1634 }, "geometry": { "type": "Point", "coordinates": [ 7.274904, 49.313375 ] } },
{ "type": "Feature", "properties": { "id": 1635 }, "geometry": { "type": "Point", "coordinates": [ 6.200654, 48.781014 ] } },
{ "type": "Feature", "properties": { "id": 1636 }, "geometry": { "type": "Point", "coordinates": [ 6.86012, 48.612996 ] } },
{ "type": "Feature", "properties": { "id": 1637 }, "geometry": { "type": "Point", "coordinates": [ 6.757274, 48.529676 ] } },
{ "type": "Feature", "properties": { "id": 1638 }, "geometry": { "type": "Point", "coordinates": [ 6.513974, 49.29214 ] } },
{ "type": "Feature", "properties": { "id": 1639 }, "geometry": { "type": "Point", "coordinates": [ 6.653021, 49.38319 ] } },
{ "type": "Feature", "properties": { "id": 1640 }, "geometry": { "type": "Point", "coordinates": [ 6.801878, 48.911638 ] } },
{ "type": "Feature", "properties": { "id": 1641 }, "geometry": { "type": "Point", "coordinates": [ 6.478794, 48.789474 ] } },
{ "type": "Feature", "properties": { "id": 1642 }, "geometry": { "type": "Point", "coordinates": [ 5.90512, 49.178595 ] } },
{ "type": "Feature", "properties": { "id": 1643 }, "geometry": { "type": "Point", "coordinates": [ 7.033262, 48.944617 ] } },
{ "type": "Feature", "properties": { "id": 1644 }, "geometry": { "type": "Point", "coordinates": [ 6.727442, 49.379261 ] } },
{ "type": "Feature", "properties": { "id": 1645 }, "geometry": { "type": "Point", "coordinates": [ 6.184906, 48.786564 ] } },
{ "type": "Feature", "properties": { "id": 1646 }, "geometry": { "type": "Point", "coordinates": [ 6.559369, 49.272477 ] } },
{ "type": "Feature", "properties": { "id": 1647 }, "geometry": { "type": "Point", "coordinates": [ 5.971023, 49.255475 ] } },
{ "type": "Feature", "properties": { "id": 1648 }, "geometry": { "type": "Point", "coordinates": [ 6.971301, 48.842382 ] } },
{ "type": "Feature", "properties": { "id": 1649 }, "geometry": { "type": "Point", "coordinates": [ 6.356658, 48.665605 ] } },
{ "type": "Feature", "properties": { "id": 1650 }, "geometry": { "type": "Point", "coordinates": [ 7.120142, 49.217032 ] } },
{ "type": "Feature", "properties": { "id": 1651 }, "geometry": { "type": "Point", "coordinates": [ 5.969542, 48.702708 ] } },
{ "type": "Feature", "properties": { "id": 1652 }, "geometry": { "type": "Point", "coordinates": [ 5.956888, 49.333823 ] } },
{ "type": "Feature", "properties": { "id": 1653 }, "geometry": { "type": "Point", "coordinates": [ 6.592842, 48.589272 ] } },
{ "type": "Feature", "properties": { "id": 1654 }, "geometry": { "type": "Point", "coordinates": [ 7.157681, 48.816245 ] } },
{ "type": "Feature", "properties": { "id": 1655 }, "geometry": { "type": "Point", "coordinates": [ 5.911861, 48.684634 ] } },
{ "type": "Feature", "properties": { "id": 1656 }, "geometry": { "type": "Point", "coordinates": [ 6.48117, 48.889817 ] } },
{ "type": "Feature", "properties": { "id": 1657 }, "geometry": { "type": "Point", "coordinates": [ 7.216606, 48.696324 ] } },
{ "type": "Feature", "properties": { "id": 1658 }, "geometry": { "type": "Point", "coordinates": [ 6.685536, 49.152903 ] } },
{ "type": "Feature", "properties": { "id": 1659 }, "geometry": { "type": "Point", "coordinates": [ 6.71819, 49.247429 ] } },
{ "type": "Feature", "properties": { "id": 1660 }, "geometry": { "type": "Point", "coordinates": [ 6.631967, 49.203074 ] } },
{ "type": "Feature", "properties": { "id": 1661 }, "geometry": { "type": "Point", "coordinates": [ 5.852495, 49.356724 ] } },
{ "type": "Feature", "properties": { "id": 1662 }, "geometry": { "type": "Point", "coordinates": [ 6.33219, 48.778399 ] } },
{ "type": "Feature", "properties": { "id": 1663 }, "geometry": { "type": "Point", "coordinates": [ 6.324817, 48.505087 ] } },
{ "type": "Feature", "properties": { "id": 1664 }, "geometry": { "type": "Point", "coordinates": [ 5.781776, 48.661041 ] } },
{ "type": "Feature", "properties": { "id": 1665 }, "geometry": { "type": "Point", "coordinates": [ 7.172957, 49.081622 ] } },
{ "type": "Feature", "properties": { "id": 1666 }, "geometry": { "type": "Point", "coordinates": [ 7.306407, 48.731221 ] } },
{ "type": "Feature", "properties": { "id": 1667 }, "geometry": { "type": "Point", "coordinates": [ 6.984604, 49.230232 ] } },
{ "type": "Feature", "properties": { "id": 1668 }, "geometry": { "type": "Point", "coordinates": [ 6.931208, 48.999689 ] } },
{ "type": "Feature", "properties": { "id": 1669 }, "geometry": { "type": "Point", "coordinates": [ 5.965777, 48.657433 ] } },
{ "type": "Feature", "properties": { "id": 1670 }, "geometry": { "type": "Point", "coordinates": [ 6.026413, 48.834355 ] } },
{ "type": "Feature", "properties": { "id": 1671 }, "geometry": { "type": "Point", "coordinates": [ 6.453358, 48.798868 ] } },
{ "type": "Feature", "properties": { "id": 1672 }, "geometry": { "type": "Point", "coordinates": [ 7.077741, 49.36122 ] } },
{ "type": "Feature", "properties": { "id": 1673 }, "geometry": { "type": "Point", "coordinates": [ 6.310613, 48.696396 ] } },
{ "type": "Feature", "properties": { "id": 1674 }, "geometry": { "type": "Point", "coordinates": [ 5.831364, 48.837336 ] } },
{ "type": "Feature", "properties": { "id": 1675 }, "geometry": { "type": "Point", "coordinates": [ 6.010919, 49.079139 ] } },
{ "type": "Feature", "properties": { "id": 1676 }, "geometry": { "type": "Point", "coordinates": [ 6.561093, 48.724706 ] } },
{ "type": "Feature", "properties": { "id": 1677 }, "geometry": { "type": "Point", "coordinates": [ 6.655064, 49.230369 ] } },
{ "type": "Feature", "properties": { "id": 1678 }, "geometry": { "type": "Point", "coordinates": [ 6.041817, 48.926372 ] } },
{ "type": "Feature", "properties": { "id": 1679 }, "geometry": { "type": "Point", "coordinates": [ 6.176265, 48.541991 ] } },
{ "type": "Feature", "properties": { "id": 1680 }, "geometry": { "type": "Point", "coordinates": [ 5.77555, 48.548579 ] } },
{ "type": "Feature", "properties": { "id": 1681 }, "geometry": { "type": "Point", "coordinates": [ 6.334082, 48.845051 ] } },
{ "type": "Feature", "properties": { "id": 1682 }, "geometry": { "type": "Point", "coordinates": [ 5.974393, 48.938031 ] } },
{ "type": "Feature", "properties": { "id": 1683 }, "geometry": { "type": "Point", "coordinates": [ 7.218825, 48.847043 ] } },
{ "type": "Feature", "properties": { "id": 1684 }, "geometry": { "type": "Point", "coordinates": [ 5.818686, 49.309233 ] } },
{ "type": "Feature", "properties": { "id": 1685 }, "geometry": { "type": "Point", "coordinates": [ 7.137285, 49.186575 ] } },
{ "type": "Feature", "properties": { "id": 1686 }, "geometry": { "type": "Point", "coordinates": [ 6.965486, 48.772768 ] } },
{ "type": "Feature", "properties": { "id": 1687 }, "geometry": { "type": "Point", "coordinates": [ 6.14, 48.825283 ] } },
{ "type": "Feature", "properties": { "id": 1688 }, "geometry": { "type": "Point", "coordinates": [ 6.919494, 48.961869 ] } },
{ "type": "Feature", "properties": { "id": 1689 }, "geometry": { "type": "Point", "coordinates": [ 6.327137, 48.730185 ] } },
{ "type": "Feature", "properties": { "id": 1690 }, "geometry": { "type": "Point", "coordinates": [ 5.964288, 49.157367 ] } },
{ "type": "Feature", "properties": { "id": 1691 }, "geometry": { "type": "Point", "coordinates": [ 6.575324, 48.918272 ] } },
{ "type": "Feature", "properties": { "id": 1692 }, "geometry": { "type": "Point", "coordinates": [ 6.489525, 48.629788 ] } },
{ "type": "Feature", "properties": { "id": 1693 }, "geometry": { "type": "Point", "coordinates": [ 6.338902, 48.57432 ] } },
{ "type": "Feature", "properties": { "id": 1694 }, "geometry": { "type": "Point", "coordinates": [ 6.169403, 49.321647 ] } },
{ "type": "Feature", "properties": { "id": 1695 }, "geometry": { "type": "Point", "coordinates": [ 7.055719, 49.08642 ] } },
{ "type": "Feature", "properties": { "id": 1696 }, "geometry": { "type": "Point", "coordinates": [ 6.555313, 49.155453 ] } },
{ "type": "Feature", "properties": { "id": 1697 }, "geometry": { "type": "Point", "coordinates": [ 7.083235, 49.280113 ] } },
{ "type": "Feature", "properties": { "id": 1698 }, "geometry": { "type": "Point", "coordinates": [ 6.335524, 48.892887 ] } },
{ "type": "Feature", "properties": { "id": 1699 }, "geometry": { "type": "Point", "coordinates": [ 6.424024, 49.052263 ] } },
{ "type": "Feature", "properties": { "id": 1700 }, "geometry": { "type": "Point", "coordinates": [ 6.697866, 49.067253 ] } },
{ "type": "Feature", "properties": { "id": 1701 }, "geometry": { "type": "Point", "coordinates": [ 6.126088, 48.517056 ] } },
{ "type": "Feature", "properties": { "id": 1702 }, "geometry": { "type": "Point", "coordinates": [ 6.971136, 48.528815 ] } },
{ "type": "Feature", "properties": { "id": 1703 }, "geometry": { "type": "Point", "coordinates": [ 6.393324, 48.703176 ] } },
{ "type": "Feature", "properties": { "id": 1704 }, "geometry": { "type": "Point", "coordinates": [ 6.336129, 49.272101 ] } },
{ "type": "Feature", "properties": { "id": 1705 }, "geometry": { "type": "Point", "coordinates": [ 6.165522, 48.544707 ] } },
{ "type": "Feature", "properties": { "id": 1706 }, "geometry": { "type": "Point", "coordinates": [ 5.864829, 48.554187 ] } },
{ "type": "Feature", "properties": { "id": 1707 }, "geometry": { "type": "Point", "coordinates": [ 5.788367, 49.184804 ] } },
{ "type": "Feature", "properties": { "id": 1708 }, "geometry": { "type": "Point", "coordinates": [ 7.286786, 49.341651 ] } },
{ "type": "Feature", "properties": { "id": 1709 }, "geometry": { "type": "Point", "coordinates": [ 6.624671, 49.212273 ] } },
{ "type": "Feature", "properties": { "id": 1710 }, "geometry": { "type": "Point", "coordinates": [ 6.050041, 49.002892 ] } },
{ "type": "Feature", "properties": { "id": 1711 }, "geometry": { "type": "Point", "coordinates": [ 6.527089, 48.53792 ] } },
{ "type": "Feature", "properties": { "id": 1712 }, "geometry": { "type": "Point", "coordinates": [ 7.080944, 49.008991 ] } },
{ "type": "Feature", "properties": { "id": 1713 }, "geometry": { "type": "Point", "coordinates": [ 6.901106, 49.043844 ] } },
{ "type": "Feature", "properties": { "id": 1714 }, "geometry": { "type": "Point", "coordinates": [ 5.940917, 48.729897 ] } },
{ "type": "Feature", "properties": { "id": 1715 }, "geometry": { "type": "Point", "coordinates": [ 6.526803, 48.668655 ] } },
{ "type": "Feature", "properties": { "id": 1716 }, "geometry": { "type": "Point", "coordinates": [ 6.651662, 48.541434 ] } },
{ "type": "Feature", "properties": { "id": 1717 }, "geometry": { "type": "Point", "coordinates": [ 7.289511, 49.003017 ] } },
{ "type": "Feature", "properties": { "id": 1718 }, "geometry": { "type": "Point", "coordinates": [ 6.4142, 48.814605 ] } },
{ "type": "Feature", "properties": { "id": 1719 }, "geometry": { "type": "Point", "coordinates": [ 5.821179, 49.273876 ] } },
{ "type": "Feature", "properties": { "id": 1720 }, "geometry": { "type": "Point", "coordinates": [ 6.603422, 48.721121 ] } },
{ "type": "Feature", "properties": { "id": 1721 }, "geometry": { "type": "Point", "coordinates": [ 6.826748, 49.065622 ] } },
{ "type": "Feature", "properties": { "id": 1722 }, "geometry": { "type": "Point", "coordinates": [ 5.855168, 49.028015 ] } },
{ "type": "Feature", "properties": { "id": 1723 }, "geometry": { "type": "Point", "coordinates": [ 7.259842, 48.760797 ] } },
{ "type": "Feature", "properties": { "id": 1724 }, "geometry": { "type": "Point", "coordinates": [ 6.117669, 48.78745 ] } },
{ "type": "Feature", "properties": { "id": 1725 }, "geometry": { "type": "Point", "coordinates": [ 6.62665, 49.201587 ] } },
{ "type": "Feature", "properties": { "id": 1726 }, "geometry": { "type": "Point", "coordinates": [ 7.340505, 49.288238 ] } },
{ "type": "Feature", "properties": { "id": 1727 }, "geometry": { "type": "Point", "coordinates": [ 7.052723, 49.069076 ] } },
{ "type": "Feature", "properties": { "id": 1728 }, "geometry": { "type": "Point", "coordinates": [ 6.292438, 49.243917 ] } },
{ "type": "Feature", "properties": { "id": 1729 }, "geometry": { "type": "Point", "coordinates": [ 6.260804, 48.988406 ] } },
{ "type": "Feature", "properties": { "id": 1730 }, "geometry": { "type": "Point", "coordinates": [ 7.210757, 49.293441 ] } },
{ "type": "Feature", "properties": { "id": 1731 }, "geometry": { "type": "Point", "coordinates": [ 6.032521, 48.933534 ] } },
{ "type": "Feature", "properties": { "id": 1732 }, "geometry": { "type": "Point", "coordinates": [ 5.917447, 48.588287 ] } },
{ "type": "Feature", "properties": { "id": 1733 }, "geometry": { "type": "Point", "coordinates": [ 5.759796, 49.109788 ] } },
{ "type": "Feature", "properties": { "id": 1734 }, "geometry": { "type": "Point", "coordinates": [ 6.236992, 48.703718 ] } },
{ "type": "Feature", "properties": { "id": 1735 }, "geometry": { "type": "Point", "coordinates": [ 6.072787, 49.268275 ] } },
{ "type": "Feature", "properties": { "id": 1736 }, "geometry": { "type": "Point", "coordinates": [ 7.335347, 49.30201 ] } },
{ "type": "Feature", "properties": { "id": 1737 }, "geometry": { "type": "Point", "coordinates": [ 6.320556, 49.314088 ] } },
{ "type": "Feature", "properties": { "id": 1738 }, "geometry": { "type": "Point", "coordinates": [ 7.197716, 49.069149 ] } },
{ "type": "Feature", "properties": { "id": 1739 }, "geometry": { "type": "Point", "coordinates": [ 7.315368, 48.671601 ] } },
{ "type": "Feature", "properties": { "id": 1740 }, "geometry": { "type": "Point", "coordinates": [ 6.379874, 49.37728 ] } },
{ "type": "Feature", "properties": { "id": 1741 }, "geometry": { "type": "Point", "coordinates": [ 6.097387, 48.511085 ] } },
{ "type": "Feature", "properties": { "id": 1742 }, "geometry": { "type": "Point", "coordinates": [ 5.928598, 48.627421 ] } },
{ "type": "Feature", "properties": { "id": 1743 }, "geometry": { "type": "Point", "coordinates": [ 6.83758, 48.55113 ] } },
{ "type": "Feature", "properties": { "id": 1744 }, "geometry": { "type": "Point", "coordinates": [ 6.958467, 48.730729 ] } },
{ "type": "Feature", "properties": { "id": 1745 }, "geometry": { "type": "Point", "coordinates": [ 6.627838, 49.122809 ] } },
{ "type": "Feature", "properties": { "id": 1746 }, "geometry": { "type": "Point", "coordinates": [ 6.176337, 49.182266 ] } },
{ "type": "Feature", "properties": { "id": 1747 }, "geometry": { "type": "Point", "coordinates": [ 6.932923, 48.995479 ] } },
{ "type": "Feature", "properties": { "id": 1748 }, "geometry": { "type": "Point", "coordinates": [ 6.536584, 49.164862 ] } },
{ "type": "Feature", "properties": { "id": 1749 }, "geometry": { "type": "Point", "coordinates": [ 5.873909, 49.274521 ] } },
{ "type": "Feature", "properties": { "id": 1750 }, "geometry": { "type": "Point", "coordinates": [ 6.224322, 49.245594 ] } },
{ "type": "Feature", "properties": { "id": 1751 }, "geometry": { "type": "Point", "coordinates": [ 6.335795, 49.026292 ] } },
{ "type": "Feature", "properties": { "id": 1752 }, "geometry": { "type": "Point", "coordinates": [ 6.416451, 49.374371 ] } },
{ "type": "Feature", "properties": { "id": 1753 }, "geometry": { "type": "Point", "coordinates": [ 7.06295, 48.691808 ] } },
{ "type": "Feature", "properties": { "id": 1754 }, "geometry": { "type": "Point", "coordinates": [ 7.191687, 48.607373 ] } },
{ "type": "Feature", "properties": { "id": 1755 }, "geometry": { "type": "Point", "coordinates": [ 6.57384, 49.34167 ] } },
{ "type": "Feature", "properties": { "id": 1756 }, "geometry": { "type": "Point", "coordinates": [ 7.228085, 48.583046 ] } },
{ "type": "Feature", "properties": { "id": 1757 }, "geometry": { "type": "Point", "coordinates": [ 6.414459, 49.370744 ] } },
{ "type": "Feature", "properties": { "id": 1758 }, "geometry": { "type": "Point", "coordinates": [ 7.163851, 48.903853 ] } },
{ "type": "Feature", "properties": { "id": 1759 }, "geometry": { "type": "Point", "coordinates": [ 6.947678, 49.12515 ] } },
{ "type": "Feature", "properties": { "id": 1760 }, "geometry": { "type": "Point", "coordinates": [ 6.73933, 48.926476 ] } },
{ "type": "Feature", "properties": { "id": 1761 }, "geometry": { "type": "Point", "coordinates": [ 7.287028, 49.390578 ] } },
{ "type": "Feature", "properties": { "id": 1762 }, "geometry": { "type": "Point", "coordinates": [ 7.184952, 48.526693 ] } },
{ "type": "Feature", "properties": { "id": 1763 }, "geometry": { "type": "Point", "coordinates": [ 6.246646, 48.724696 ] } },
{ "type": "Feature", "properties": { "id": 1764 }, "geometry": { "type": "Point", "coordinates": [ 6.049413, 48.845374 ] } },
{ "type": "Feature", "properties": { "id": 1765 }, "geometry": { "type": "Point", "coordinates": [ 7.32976, 49.382152 ] } },
{ "type": "Feature", "properties": { "id": 1766 }, "geometry": { "type": "Point", "coordinates": [ 6.68143, 49.161947 ] } },
{ "type": "Feature", "properties": { "id": 1767 }, "geometry": { "type": "Point", "coordinates": [ 6.47933, 49.004021 ] } },
{ "type": "Feature", "properties": { "id": 1768 }, "geometry": { "type": "Point", "coordinates": [ 6.012625, 49.195768 ] } },
{ "type": "Feature", "properties": { "id": 1769 }, "geometry": { "type": "Point", "coordinates": [ 7.237952, 49.295458 ] } },
{ "type": "Feature", "properties": { "id": 1770 }, "geometry": { "type": "Point", "coordinates": [ 6.206013, 49.11982 ] } },
{ "type": "Feature", "properties": { "id": 1771 }, "geometry": { "type": "Point", "coordinates": [ 7.301157, 49.031242 ] } },
{ "type": "Feature", "properties": { "id": 1772 }, "geometry": { "type": "Point", "coordinates": [ 6.60131, 48.83021 ] } },
{ "type": "Feature", "properties": { "id": 1773 }, "geometry": { "type": "Point", "coordinates": [ 6.530122, 48.830978 ] } },
{ "type": "Feature", "properties": { "id": 1774 }, "geometry": { "type": "Point", "coordinates": [ 6.219887, 48.63453 ] } },
{ "type": "Feature", "properties": { "id": 1775 }, "geometry": { "type": "Point", "coordinates": [ 6.259539, 48.565957 ] } },
{ "type": "Feature", "properties": { "id": 1776 }, "geometry": { "type": "Point", "coordinates": [ 7.236797, 48.676752 ] } },
{ "type": "Feature", "properties": { "id": 1777 }, "geometry": { "type": "Point", "coordinates": [ 6.667056, 49.131474 ] } },
{ "type": "Feature", "properties": { "id": 1778 }, "geometry": { "type": "Point", "coordinates": [ 6.195444, 48.82328 ] } },
{ "type": "Feature", "properties": { "id": 1779 }, "geometry": { "type": "Point", "coordinates": [ 7.264865, 48.797649 ] } },
{ "type": "Feature", "properties": { "id": 1780 }, "geometry": { "type": "Point", "coordinates": [ 5.767612, 49.054931 ] } },
{ "type": "Feature", "properties": { "id": 1781 }, "geometry": { "type": "Point", "coordinates": [ 6.5637, 48.555636 ] } },
{ "type": "Feature", "properties": { "id": 1782 }, "geometry": { "type": "Point", "coordinates": [ 5.907892, 49.067455 ] } },
{ "type": "Feature", "properties": { "id": 1783 }, "geometry": { "type": "Point", "coordinates": [ 6.323683, 49.346925 ] } },
{ "type": "Feature", "properties": { "id": 1784 }, "geometry": { "type": "Point", "coordinates": [ 7.312804, 48.647433 ] } },
{ "type": "Feature", "properties": { "id": 1785 }, "geometry": { "type": "Point", "coordinates": [ 6.263223, 49.31494 ] } },
{ "type": "Feature", "properties": { "id": 1786 }, "geometry": { "type": "Point", "coordinates": [ 6.526385, 48.65142 ] } },
{ "type": "Feature", "properties": { "id": 1787 }, "geometry": { "type": "Point", "coordinates": [ 7.180413, 49.209602 ] } },
{ "type": "Feature", "properties": { "id": 1788 }, "geometry": { "type": "Point", "coordinates": [ 5.962567, 49.174007 ] } },
{ "type": "Feature", "properties": { "id": 1789 }, "geometry": { "type": "Point", "coordinates": [ 6.5166, 48.520747 ] } },
{ "type": "Feature", "properties": { "id": 1790 }, "geometry": { "type": "Point", "coordinates": [ 6.036091, 48.656574 ] } },
{ "type": "Feature", "properties": { "id": 1791 }, "geometry": { "type": "Point", "coordinates": [ 6.996841, 49.164719 ] } },
{ "type": "Feature", "properties": { "id": 1792 }, "geometry": { "type": "Point", "coordinates": [ 7.074633, 48.558506 ] } },
{ "type": "Feature", "properties": { "id": 1793 }, "geometry": { "type": "Point", "coordinates": [ 6.353493, 48.690393 ] } },
{ "type": "Feature", "properties": { "id": 1794 }, "geometry": { "type": "Point", "coordinates": [ 7.202087, 49.152023 ] } },
{ "type": "Feature", "properties": { "id": 1795 }, "geometry": { "type": "Point", "coordinates": [ 6.875526, 49.090252 ] } },
{ "type": "Feature", "properties": { "id": 1796 }, "geometry": { "type": "Point", "coordinates": [ 5.947571, 48.695376 ] } },
{ "type": "Feature", "properties": { "id": 1797 }, "geometry": { "type": "Point", "coordinates": [ 5.973507, 49.084022 ] } },
{ "type": "Feature", "properties": { "id": 1798 }, "geometry": { "type": "Point", "coordinates": [ 6.60321, 49.166741 ] } },
{ "type": "Feature", "properties": { "id": 1799 }, "geometry": { "type": "Point", "coordinates": [ 6.102866, 48.815003 ] } },
{ "type": "Feature", "properties": { "id": 1800 }, "geometry": { "type": "Point", "coordinates": [ 6.2136, 48.62722 ] } },
{ "type": "Feature", "properties": { "id": 1801 }, "geometry": { "type": "Point", "coordinates": [ 6.229656, 48.680804 ] } },
{ "type": "Feature", "properties": { "id": 1802 }, "geometry": { "type": "Point", "coordinates": [ 5.844624, 49.330022 ] } },
{ "type": "Feature", "properties": { "id": 1803 }, "geometry": { "type": "Point", "coordinates": [ 6.526764, 49.124115 ] } },
{ "type": "Feature", "properties": { "id": 1804 }, "geometry": { "type": "Point", "coordinates": [ 6.413323, 48.894717 ] } },
{ "type": "Feature", "properties": { "id": 1805 }, "geometry": { "type": "Point", "coordinates": [ 6.469007, 49.359306 ] } },
{ "type": "Feature", "properties": { "id": 1806 }, "geometry": { "type": "Point", "coordinates": [ 6.880223, 48.82992 ] } },
{ "type": "Feature", "properties": { "id": 1807 }, "geometry": { "type": "Point", "coordinates": [ 6.136965, 48.796364 ] } },
{ "type": "Feature", "properties": { "id": 1808 }, "geometry": { "type": "Point", "coordinates": [ 6.763197, 48.701889 ] } },
{ "type": "Feature", "properties": { "id": 1809 }, "geometry": { "type": "Point", "coordinates": [ 6.822367, 48.590881 ] } },
{ "type": "Feature", "properties": { "id": 1810 }, "geometry": { "type": "Point", "coordinates": [ 6.430435, 48.981282 ] } },
{ "type": "Feature", "properties": { "id": 1811 }, "geometry": { "type": "Point", "coordinates": [ 7.102643, 48.886971 ] } },
{ "type": "Feature", "properties": { "id": 1812 }, "geometry": { "type": "Point", "coordinates": [ 6.346374, 49.221387 ] } },
{ "type": "Feature", "properties": { "id": 1813 }, "geometry": { "type": "Point", "coordinates": [ 5.775084, 48.561766 ] } },
{ "type": "Feature", "properties": { "id": 1814 }, "geometry": { "type": "Point", "coordinates": [ 6.185984, 48.932081 ] } },
{ "type": "Feature", "properties": { "id": 1815 }, "geometry": { "type": "Point", "coordinates": [ 6.378997, 48.562704 ] } },
{ "type": "Feature", "properties": { "id": 1816 }, "geometry": { "type": "Point", "coordinates": [ 5.898928, 49.171031 ] } },
{ "type": "Feature", "properties": { "id": 1817 }, "geometry": { "type": "Point", "coordinates": [ 5.875613, 49.047161 ] } },
{ "type": "Feature", "properties": { "id": 1818 }, "geometry": { "type": "Point", "coordinates": [ 7.015243, 48.621909 ] } },
{ "type": "Feature", "properties": { "id": 1819 }, "geometry": { "type": "Point", "coordinates": [ 6.889211, 48.786919 ] } },
{ "type": "Feature", "properties": { "id": 1820 }, "geometry": { "type": "Point", "coordinates": [ 7.338232, 49.390007 ] } },
{ "type": "Feature", "properties": { "id": 1821 }, "geometry": { "type": "Point", "coordinates": [ 6.986488, 48.799464 ] } },
{ "type": "Feature", "properties": { "id": 1822 }, "geometry": { "type": "Point", "coordinates": [ 6.618643, 48.944007 ] } },
{ "type": "Feature", "properties": { "id": 1823 }, "geometry": { "type": "Point", "coordinates": [ 6.879207, 48.736879 ] } },
{ "type": "Feature", "properties": { "id": 1824 }, "geometry": { "type": "Point", "coordinates": [ 6.812984, 49.073623 ] } },
{ "type": "Feature", "properties": { "id": 1825 }, "geometry": { "type": "Point", "coordinates": [ 6.301362, 48.669767 ] } },
{ "type": "Feature", "properties": { "id": 1826 }, "geometry": { "type": "Point", "coordinates": [ 6.694376, 48.771619 ] } },
{ "type": "Feature", "properties": { "id": 1827 }, "geometry": { "type": "Point", "coordinates": [ 6.864597, 48.940691 ] } },
{ "type": "Feature", "properties": { "id": 1828 }, "geometry": { "type": "Point", "coordinates": [ 7.32724, 49.227503 ] } },
{ "type": "Feature", "properties": { "id": 1829 }, "geometry": { "type": "Point", "coordinates": [ 6.859979, 49.10122 ] } },
{ "type": "Feature", "properties": { "id": 1830 }, "geometry": { "type": "Point", "coordinates": [ 7.206015, 48.998983 ] } },
{ "type": "Feature", "properties": { "id": 1831 }, "geometry": { "type": "Point", "coordinates": [ 6.71446, 49.228235 ] } },
{ "type": "Feature", "properties": { "id": 1832 }, "geometry": { "type": "Point", "coordinates": [ 6.451017, 48.731982 ] } },
{ "type": "Feature", "properties": { "id": 1833 }, "geometry": { "type": "Point", "coordinates": [ 6.410585, 49.017591 ] } },
{ "type": "Feature", "properties": { "id": 1834 }, "geometry": { "type": "Point", "coordinates": [ 6.084675, 49.201838 ] } },
{ "type": "Feature", "properties": { "id": 1835 }, "geometry": { "type": "Point", "coordinates": [ 5.815865, 49.399362 ] } },
{ "type": "Feature", "properties": { "id": 1836 }, "geometry": { "type": "Point", "coordinates": [ 6.288062, 49.324133 ] } },
{ "type": "Feature", "properties": { "id": 1837 }, "geometry": { "type": "Point", "coordinates": [ 5.780715, 49.322006 ] } },
{ "type": "Feature", "properties": { "id": 1838 }, "geometry": { "type": "Point", "coordinates": [ 7.169428, 49.252415 ] } },
{ "type": "Feature", "properties": { "id": 1839 }, "geometry": { "type": "Point", "coordinates": [ 6.667879, 49.381504 ] } },
{ "type": "Feature", "properties": { "id": 1840 }, "geometry": { "type": "Point", "coordinates": [ 6.448852, 49.024027 ] } },
{ "type": "Feature", "properties": { "id": 1841 }, "geometry": { "type": "Point", "coordinates": [ 6.981295, 49.121806 ] } },
{ "type": "Feature", "properties": { "id": 1842 }, "geometry": { "type": "Point", "coordinates": [ 7.228298, 48.502309 ] } },
{ "type": "Feature", "properties": { "id": 1843 }, "geometry": { "type": "Point", "coordinates": [ 6.542326, 49.186904 ] } },
{ "type": "Feature", "properties": { "id": 1844 }, "geometry": { "type": "Point", "coordinates": [ 6.485022, 48.550279 ] } },
{ "type": "Feature", "properties": { "id": 1845 }, "geometry": { "type": "Point", "coordinates": [ 7.342171, 49.141167 ] } },
{ "type": "Feature", "properties": { "id": 1846 }, "geometry": { "type": "Point", "coordinates": [ 6.716691, 48.695401 ] } },
{ "type": "Feature", "properties": { "id": 1847 }, "geometry": { "type": "Point", "coordinates": [ 5.767416, 49.396489 ] } },
{ "type": "Feature", "properties": { "id": 1848 }, "geometry": { "type": "Point", "coordinates": [ 7.085075, 48.715752 ] } },
{ "type": "Feature", "properties": { "id": 1849 }, "geometry": { "type": "Point", "coordinates": [ 7.057747, 48.846451 ] } },
{ "type": "Feature", "properties": { "id": 1850 }, "geometry": { "type": "Point", "coordinates": [ 6.652953, 48.99792 ] } },
{ "type": "Feature", "properties": { "id": 1851 }, "geometry": { "type": "Point", "coordinates": [ 7.251648, 49.072721 ] } },
{ "type": "Feature", "properties": { "id": 1852 }, "geometry": { "type": "Point", "coordinates": [ 6.143831, 49.356394 ] } },
{ "type": "Feature", "properties": { "id": 1853 }, "geometry": { "type": "Point", "coordinates": [ 5.872532, 49.033695 ] } },
{ "type": "Feature", "properties": { "id": 1854 }, "geometry": { "type": "Point", "coordinates": [ 6.3041, 48.527872 ] } },
{ "type": "Feature", "properties": { "id": 1855 }, "geometry": { "type": "Point", "coordinates": [ 7.149637, 49.276456 ] } },
{ "type": "Feature", "properties": { "id": 1856 }, "geometry": { "type": "Point", "coordinates": [ 6.738894, 49.069623 ] } },
{ "type": "Feature", "properties": { "id": 1857 }, "geometry": { "type": "Point", "coordinates": [ 7.007399, 49.033278 ] } },
{ "type": "Feature", "properties": { "id": 1858 }, "geometry": { "type": "Point", "coordinates": [ 5.789721, 48.809199 ] } },
{ "type": "Feature", "properties": { "id": 1859 }, "geometry": { "type": "Point", "coordinates": [ 6.974874, 49.168124 ] } },
{ "type": "Feature", "properties": { "id": 1860 }, "geometry": { "type": "Point", "coordinates": [ 6.664932, 48.649681 ] } },
{ "type": "Feature", "properties": { "id": 1861 }, "geometry": { "type": "Point", "coordinates": [ 7.259095, 48.691828 ] } },
{ "type": "Feature", "properties": { "id": 1862 }, "geometry": { "type": "Point", "coordinates": [ 6.055465, 49.165082 ] } },
{ "type": "Feature", "properties": { "id": 1863 }, "geometry": { "type": "Point", "coordinates": [ 7.2237, 48.523743 ] } },
{ "type": "Feature", "properties": { "id": 1864 }, "geometry": { "type": "Point", "coordinates": [ 6.951074, 49.128737 ] } },
{ "type": "Feature", "properties": { "id": 1865 }, "geometry": { "type": "Point", "coordinates": [ 6.61542, 49.088808 ] } },
{ "type": "Feature", "properties": { "id": 1866 }, "geometry": { "type": "Point", "coordinates": [ 6.363949, 48.839705 ] } },
{ "type": "Feature", "properties": { "id": 1867 }, "geometry": { "type": "Point", "coordinates": [ 5.918592, 48.828416 ] } },
{ "type": "Feature", "properties": { "id": 1868 }, "geometry": { "type": "Point", "coordinates": [ 6.676532, 49.072952 ] } },
{ "type": "Feature", "properties": { "id": 1869 }, "geometry": { "type": "Point", "coordinates": [ 6.060185, 49.108247 ] } },
{ "type": "Feature", "properties": { "id": 1870 }, "geometry": { "type": "Point", "coordinates": [ 6.153796, 49.350031 ] } },
{ "type": "Feature", "properties": { "id": 1871 }, "geometry": { "type": "Point", "coordinates": [ 7.055145, 49.145888 ] } },
{ "type": "Feature", "properties": { "id": 1872 }, "geometry": { "type": "Point", "coordinates": [ 5.85123, 48.889272 ] } },
{ "type": "Feature", "properties": { "id": 1873 }, "geometry": { "type": "Point", "coordinates": [ 7.051748, 49.207316 ] } },
{ "type": "Feature", "properties": { "id": 1874 }, "geometry": { "type": "Point", "coordinates": [ 5.822759, 49.282665 ] } },
{ "type": "Feature", "properties": { "id": 1875 }, "geometry": { "type": "Point", "coordinates": [ 6.072469, 49.382071 ] } },
{ "type": "Feature", "properties": { "id": 1876 }, "geometry": { "type": "Point", "coordinates": [ 7.237924, 48.732208 ] } },
{ "type": "Feature", "properties": { "id": 1877 }, "geometry": { "type": "Point", "coordinates": [ 6.810918, 49.266463 ] } },
{ "type": "Feature", "properties": { "id": 1878 }, "geometry": { "type": "Point", "coordinates": [ 6.045776, 49.113452 ] } },
{ "type": "Feature", "properties": { "id": 1879 }, "geometry": { "type": "Point", "coordinates": [ 5.975333, 49.375521 ] } },
{ "type": "Feature", "properties": { "id": 1880 }, "geometry": { "type": "Point", "coordinates": [ 7.274757, 49.096573 ] } },
{ "type": "Feature", "properties": { "id": 1881 }, "geometry": { "type": "Point", "coordinates": [ 6.816647, 48.900015 ] } },
{ "type": "Feature", "properties": { "id": 1882 }, "geometry": { "type": "Point", "coordinates": [ 6.781844, 49.391624 ] } },
{ "type": "Feature", "properties": { "id": 1883 }, "geometry": { "type": "Point", "coordinates": [ 7.067764, 48.6093 ] } },
{ "type": "Feature", "properties": { "id": 1884 }, "geometry": { "type": "Point", "coordinates": [ 6.796506, 49.168845 ] } },
{ "type": "Feature", "properties": { "id": 1885 }, "geometry": { "type": "Point", "coordinates": [ 6.279481, 48.760186 ] } },
{ "type": "Feature", "properties": { "id": 1886 }, "geometry": { "type": "Point", "coordinates": [ 7.235757, 49.10624 ] } },
{ "type": "Feature", "properties": { "id": 1887 }, "geometry": { "type": "Point", "coordinates": [ 6.883252, 48.698315 ] } },
{ "type": "Feature", "properties": { "id": 1888 }, "geometry": { "type": "Point", "coordinates": [ 5.781168, 49.323467 ] } },
{ "type": "Feature", "properties": { "id": 1889 }, "geometry": { "type": "Point", "coordinates": [ 6.899381, 49.035419 ] } },
{ "type": "Feature", "properties": { "id": 1890 }, "geometry": { "type": "Point", "coordinates": [ 6.740867, 48.541652 ] } },
{ "type": "Feature", "properties": { "id": 1891 }, "geometry": { "type": "Point", "coordinates": [ 7.297881, 48.95176 ] } },
{ "type": "Feature", "properties": { "id": 1892 }, "geometry": { "type": "Point", "coordinates": [ 6.031118, 49.11795 ] } },
{ "type": "Feature", "properties": { "id": 1893 }, "geometry": { "type": "Point", "coordinates": [ 5.980593, 48.513718 ] } },
{ "type": "Feature", "properties": { "id": 1894 }, "geometry": { "type": "Point", "coordinates": [ 6.822819, 49.093702 ] } },
{ "type": "Feature", "properties": { "id": 1895 }, "geometry": { "type": "Point", "coordinates": [ 7.113462, 48.978906 ] } },
{ "type": "Feature", "properties": { "id": 1896 }, "geometry": { "type": "Point", "coordinates": [ 6.098988, 48.541701 ] } },
{ "type": "Feature", "properties": { "id": 1897 }, "geometry": { "type": "Point", "coordinates": [ 6.905784, 49.199405 ] } },
{ "type": "Feature", "properties": { "id": 1898 }, "geometry": { "type": "Point", "coordinates": [ 6.225601, 49.342994 ] } },
{ "type": "Feature", "properties": { "id": 1899 }, "geometry": { "type": "Point", "coordinates": [ 6.978067, 49.158418 ] } },
{ "type": "Feature", "properties": { "id": 1900 }, "geometry": { "type": "Point", "coordinates": [ 6.000285, 49.382057 ] } },
{ "type": "Feature", "properties": { "id": 1901 }, "geometry": { "type": "Point", "coordinates": [ 6.86977, 49.093413 ] } },
{ "type": "Feature", "properties": { "id": 1902 }, "geometry": { "type": "Point", "coordinates": [ 7.136062, 49.336234 ] } },
{ "type": "Feature", "properties": { "id": 1903 }, "geometry": { "type": "Point", "coordinates": [ 7.003979, 49.176625 ] } },
{ "type": "Feature", "properties": { "id": 1904 }, "geometry": { "type": "Point", "coordinates": [ 7.162073, 49.234318 ] } },
{ "type": "Feature", "properties": { "id": 1905 }, "geometry": { "type": "Point", "coordinates": [ 6.276548, 48.727546 ] } },
{ "type": "Feature", "properties": { "id": 1906 }, "geometry": { "type": "Point", "coordinates": [ 6.087783, 48.97228 ] } },
{ "type": "Feature", "properties": { "id": 1907 }, "geometry": { "type": "Point", "coordinates": [ 6.600872, 48.986805 ] } },
{ "type": "Feature", "properties": { "id": 1908 }, "geometry": { "type": "Point", "coordinates": [ 5.807371, 48.779976 ] } },
{ "type": "Feature", "properties": { "id": 1909 }, "geometry": { "type": "Point", "coordinates": [ 7.269488, 49.234532 ] } },
{ "type": "Feature", "properties": { "id": 1910 }, "geometry": { "type": "Point", "coordinates": [ 6.296194, 49.21594 ] } },
{ "type": "Feature", "properties": { "id": 1911 }, "geometry": { "type": "Point", "coordinates": [ 6.239143, 48.594169 ] } },
{ "type": "Feature", "properties": { "id": 1912 }, "geometry": { "type": "Point", "coordinates": [ 5.751544, 49.279323 ] } },
{ "type": "Feature", "properties": { "id": 1913 }, "geometry": { "type": "Point", "coordinates": [ 7.10381, 49.044411 ] } },
{ "type": "Feature", "properties": { "id": 1914 }, "geometry": { "type": "Point", "coordinates": [ 6.466047, 48.717232 ] } },
{ "type": "Feature", "properties": { "id": 1915 }, "geometry": { "type": "Point", "coordinates": [ 6.069364, 48.949278 ] } },
{ "type": "Feature", "properties": { "id": 1916 }, "geometry": { "type": "Point", "coordinates": [ 7.112173, 49.334695 ] } },
{ "type": "Feature", "properties": { "id": 1917 }, "geometry": { "type": "Point", "coordinates": [ 6.897105, 49.385245 ] } },
{ "type": "Feature", "properties": { "id": 1918 }, "geometry": { "type": "Point", "coordinates": [ 7.046078, 48.933659 ] } },
{ "type": "Feature", "properties": { "id": 1919 }, "geometry": { "type": "Point", "coordinates": [ 5.969283, 49.191693 ] } },
{ "type": "Feature", "properties": { "id": 1920 }, "geometry": { "type": "Point", "coordinates": [ 5.927139, 48.707787 ] } },
{ "type": "Feature", "properties": { "id": 1921 }, "geometry": { "type": "Point", "coordinates": [ 6.590597, 48.548781 ] } },
{ "type": "Feature", "properties": { "id": 1922 }, "geometry": { "type": "Point", "coordinates": [ 6.607951, 48.672939 ] } },
{ "type": "Feature", "properties": { "id": 1923 }, "geometry": { "type": "Point", "coordinates": [ 6.356906, 49.348964 ] } },
{ "type": "Feature", "properties": { "id": 1924 }, "geometry": { "type": "Point", "coordinates": [ 6.210892, 48.567842 ] } },
{ "type": "Feature", "properties": { "id": 1925 }, "geometry": { "type": "Point", "coordinates": [ 5.956617, 49.226987 ] } },
{ "type": "Feature", "properties": { "id": 1926 }, "geometry": { "type": "Point", "coordinates": [ 6.035101, 49.312726 ] } },
{ "type": "Feature", "properties": { "id": 1927 }, "geometry": { "type": "Point", "coordinates": [ 7.233904, 48.974707 ] } },
{ "type": "Feature", "properties": { "id": 1928 }, "geometry": { "type": "Point", "coordinates": [ 7.332823, 48.845412 ] } },
{ "type": "Feature", "properties": { "id": 1929 }, "geometry": { "type": "Point", "coordinates": [ 6.58418, 49.292316 ] } },
{ "type": "Feature", "properties": { "id": 1930 }, "geometry": { "type": "Point", "coordinates": [ 5.789726, 48.626863 ] } },
{ "type": "Feature", "properties": { "id": 1931 }, "geometry": { "type": "Point", "coordinates": [ 7.337025, 49.292068 ] } },
{ "type": "Feature", "properties": { "id": 1932 }, "geometry": { "type": "Point", "coordinates": [ 6.45729, 49.362673 ] } },
{ "type": "Feature", "properties": { "id": 1933 }, "geometry": { "type": "Point", "coordinates": [ 6.004307, 48.948809 ] } },
{ "type": "Feature", "properties": { "id": 1934 }, "geometry": { "type": "Point", "coordinates": [ 6.690758, 49.022744 ] } },
{ "type": "Feature", "properties": { "id": 1935 }, "geometry": { "type": "Point", "coordinates": [ 6.555532, 49.020032 ] } },
{ "type": "Feature", "properties": { "id": 1936 }, "geometry": { "type": "Point", "coordinates": [ 5.94286, 49.052565 ] } },
{ "type": "Feature", "properties": { "id": 1937 }, "geometry": { "type": "Point", "coordinates": [ 6.347191, 48.56358 ] } },
{ "type": "Feature", "properties": { "id": 1938 }, "geometry": { "type": "Point", "coordinates": [ 6.300056, 48.634249 ] } },
{ "type": "Feature", "properties": { "id": 1939 }, "geometry": { "type": "Point", "coordinates": [ 6.266851, 48.991532 ] } },
{ "type": "Feature", "properties": { "id": 1940 }, "geometry": { "type": "Point", "coordinates": [ 6.967621, 48.639671 ] } },
{ "type": "Feature", "properties": { "id": 1941 }, "geometry": { "type": "Point", "coordinates": [ 6.040623, 49.39708 ] } },
{ "type": "Feature", "properties": { "id": 1942 }, "geometry": { "type": "Point", "coordinates": [ 6.997967, 49.044766 ] } },
{ "type": "Feature", "properties": { "id": 1943 }, "geometry": { "type": "Point", "coordinates": [ 5.968034, 48.949933 ] } },
{ "type": "Feature", "properties": { "id": 1944 }, "geometry": { "type": "Point", "coordinates": [ 7.197039, 49.081831 ] } },
{ "type": "Feature", "properties": { "id": 1945 }, "geometry": { "type": "Point", "coordinates": [ 6.89364, 48.935985 ] } },
{ "type": "Feature", "properties": { "id": 1946 }, "geometry": { "type": "Point", "coordinates": [ 6.146165, 48.724113 ] } },
{ "type": "Feature", "properties": { "id": 1947 }, "geometry": { "type": "Point", "coordinates": [ 6.346199, 49.089882 ] } },
{ "type": "Feature", "properties": { "id": 1948 }, "geometry": { "type": "Point", "coordinates": [ 6.605471, 48.862673 ] } },
{ "type": "Feature", "properties": { "id": 1949 }, "geometry": { "type": "Point", "coordinates": [ 6.498674, 48.888103 ] } },
{ "type": "Feature", "properties": { "id": 1950 }, "geometry": { "type": "Point", "coordinates": [ 7.308063, 48.896521 ] } },
{ "type": "Feature", "properties": { "id": 1951 }, "geometry": { "type": "Point", "coordinates": [ 6.572849, 48.913755 ] } },
{ "type": "Feature", "properties": { "id": 1952 }, "geometry": { "type": "Point", "coordinates": [ 7.154182, 49.16955 ] } },
{ "type": "Feature", "properties": { "id": 1953 }, "geometry": { "type": "Point", "coordinates": [ 6.762936, 48.508657 ] } },
{ "type": "Feature", "properties": { "id": 1954 }, "geometry": { "type": "Point", "coordinates": [ 6.345991, 48.72153 ] } },
{ "type": "Feature", "properties": { "id": 1955 }, "geometry": { "type": "Point", "coordinates": [ 6.447991, 49.210003 ] } },
{ "type": "Feature", "properties": { "id": 1956 }, "geometry": { "type": "Point", "coordinates": [ 5.819643, 49.187052 ] } },
{ "type": "Feature", "properties": { "id": 1957 }, "geometry": { "type": "Point", "coordinates": [ 6.848804, 48.544123 ] } },
{ "type": "Feature", "properties": { "id": 1958 }, "geometry": { "type": "Point", "coordinates": [ 5.857947, 49.174484 ] } },
{ "type": "Feature", "properties": { "id": 1959 }, "geometry": { "type": "Point", "coordinates": [ 6.968259, 49.256326 ] } },
{ "type": "Feature", "properties": { "id": 1960 }, "geometry": { "type": "Point", "coordinates": [ 6.577395, 48.620244 ] } },
{ "type": "Feature", "properties": { "id": 1961 }, "geometry": { "type": "Point", "coordinates": [ 7.29926, 48.706541 ] } },
{ "type": "Feature", "properties": { "id": 1962 }, "geometry": { "type": "Point", "coordinates": [ 6.666577, 49.374017 ] } },
{ "type": "Feature", "properties": { "id": 1963 }, "geometry": { "type": "Point", "coordinates": [ 5.804594, 49.185162 ] } },
{ "type": "Feature", "properties": { "id": 1964 }, "geometry": { "type": "Point", "coordinates": [ 6.012566, 48.67607 ] } },
{ "type": "Feature", "properties": { "id": 1965 }, "geometry": { "type": "Point", "coordinates": [ 7.320861, 49.163143 ] } },
{ "type": "Feature", "properties": { "id": 1966 }, "geometry": { "type": "Point", "coordinates": [ 6.419253, 48.979498 ] } },
{ "type": "Feature", "properties": { "id": 1967 }, "geometry": { "type": "Point", "coordinates": [ 6.636362, 48.612878 ] } },
{ "type": "Feature", "properties": { "id": 1968 }, "geometry": { "type": "Point", "coordinates": [ 6.692913, 48.577629 ] } },
{ "type": "Feature", "properties": { "id": 1969 }, "geometry": { "type": "Point", "coordinates": [ 5.863018, 49.108649 ] } },
{ "type": "Feature", "properties": { "id": 1970 }, "geometry": { "type": "Point", "coordinates": [ 5.903712, 48.865906 ] } },
{ "type": "Feature", "properties": { "id": 1971 }, "geometry": { "type": "Point", "coordinates": [ 6.861803, 48.930018 ] } },
{ "type": "Feature", "properties": { "id": 1972 }, "geometry": { "type": "Point", "coordinates": [ 6.855083, 48.903863 ] } },
{ "type": "Feature", "properties": { "id": 1973 }, "geometry": { "type": "Point", "coordinates": [ 7.220057, 49.226118 ] } },
{ "type": "Feature", "properties": { "id": 1974 }, "geometry": { "type": "Point", "coordinates": [ 6.330339, 48.830975 ] } },
{ "type": "Feature", "properties": { "id": 1975 }, "geometry": { "type": "Point", "coordinates": [ 5.812144, 48.941717 ] } },
{ "type": "Feature", "properties": { "id": 1976 }, "geometry": { "type": "Point", "coordinates": [ 5.778609, 49.002859 ] } },
{ "type": "Feature", "properties": { "id": 1977 }, "geometry": { "type": "Point", "coordinates": [ 6.261887, 48.670689 ] } },
{ "type": "Feature", "properties": { "id": 1978 }, "geometry": { "type": "Point", "coordinates": [ 6.052495, 48.920592 ] } },
{ "type": "Feature", "properties": { "id": 1979 }, "geometry": { "type": "Point", "coordinates": [ 7.118397, 49.111743 ] } },
{ "type": "Feature", "properties": { "id": 1980 }, "geometry": { "type": "Point", "coordinates": [ 7.077608, 48.559215 ] } },
{ "type": "Feature", "properties": { "id": 1981 }, "geometry": { "type": "Point", "coordinates": [ 6.155643, 48.823723 ] } },
{ "type": "Feature", "properties": { "id": 1982 }, "geometry": { "type": "Point", "coordinates": [ 7.096841, 48.90554 ] } },
{ "type": "Feature", "properties": { "id": 1983 }, "geometry": { "type": "Point", "coordinates": [ 7.248275, 48.723224 ] } },
{ "type": "Feature", "properties": { "id": 1984 }, "geometry": { "type": "Point", "coordinates": [ 7.101624, 49.086186 ] } },
{ "type": "Feature", "properties": { "id": 1985 }, "geometry": { "type": "Point", "coordinates": [ 6.712501, 49.269622 ] } },
{ "type": "Feature", "properties": { "id": 1986 }, "geometry": { "type": "Point", "coordinates": [ 7.127672, 49.053342 ] } },
{ "type": "Feature", "properties": { "id": 1987 }, "geometry": { "type": "Point", "coordinates": [ 6.489252, 48.817258 ] } },
{ "type": "Feature", "properties": { "id": 1988 }, "geometry": { "type": "Point", "coordinates": [ 6.698418, 48.712213 ] } },
{ "type": "Feature", "properties": { "id": 1989 }, "geometry": { "type": "Point", "coordinates": [ 6.893795, 49.055623 ] } },
{ "type": "Feature", "properties": { "id": 1990 }, "geometry": { "type": "Point", "coordinates": [ 6.066306, 49.070038 ] } },
{ "type": "Feature", "properties": { "id": 1991 }, "geometry": { "type": "Point", "coordinates": [ 6.969878, 49.022286 ] } },
{ "type": "Feature", "properties": { "id": 1992 }, "geometry": { "type": "Point", "coordinates": [ 6.772633, 49.041794 ] } },
{ "type": "Feature", "properties": { "id": 1993 }, "geometry": { "type": "Point", "coordinates": [ 6.96517, 48.82055 ] } },
{ "type": "Feature", "properties": { "id": 1994 }, "geometry": { "type": "Point", "coordinates": [ 5.976625, 48.520203 ] } },
{ "type": "Feature", "properties": { "id": 1995 }, "geometry": { "type": "Point", "coordinates": [ 6.650409, 48.527125 ] } },
{ "type": "Feature", "properties": { "id": 1996 }, "geometry": { "type": "Point", "coordinates": [ 6.292855, 49.038519 ] } },
{ "type": "Feature", "properties": { "id": 1997 }, "geometry": { "type": "Point", "coordinates": [ 6.731987, 49.150821 ] } },
{ "type": "Feature", "properties": { "id": 1998 }, "geometry": { "type": "Point", "coordinates": [ 6.724126, 48.720308 ] } },
{ "type": "Feature", "properties": { "id": 1999 }, "geometry": { "type": "Point", "coordinates": [ 5.83576, 49.309252 ] } },
{ "type": "Feature", "properties": { "id": 2000 }, "geometry": { "type": "Point", "coordinates": [ 6.62547, 49.279999 ] } },
{ "type": "Feature", "properties": { "id": 2001 }, "geometry": { "type": "Point", "coordinates": [ 5.804961, 49.089985 ] } },
{ "type": "Feature", "properties": { "id": 2002 }, "geometry": { "type": "Point", "coordinates": [ 5.779289, 48.884413 ] } },
{ "type": "Feature", "properties": { "id": 2003 }, "geometry": { "type": "Point", "coordinates": [ 6.520264, 49.331841 ] } },
{ "type": "Feature", "properties": { "id": 2004 }, "geometry": { "type": "Point", "coordinates": [ 6.785823, 48.671355 ] } },
{ "type": "Feature", "properties": { "id": 2005 }, "geometry": { "type": "Point", "coordinates": [ 6.722863, 49.3685 ] } },
{ "type": "Feature", "properties": { "id": 2006 }, "geometry": { "type": "Point", "coordinates": [ 6.804369, 49.295913 ] } },
{ "type": "Feature", "properties": { "id": 2007 }, "geometry": { "type": "Point", "coordinates": [ 7.18427, 48.987056 ] } },
{ "type": "Feature", "properties": { "id": 2008 }, "geometry": { "type": "Point", "coordinates": [ 6.468407, 49.343251 ] } },
{ "type": "Feature", "properties": { "id": 2009 }, "geometry": { "type": "Point", "coordinates": [ 6.12266, 48.571197 ] } },
{ "type": "Feature", "properties": { "id": 2010 }, "geometry": { "type": "Point", "coordinates": [ 6.541352, 49.075289 ] } },
{ "type": "Feature", "properties": { "id": 2011 }, "geometry": { "type": "Point", "coordinates": [ 7.2109, 48.853132 ] } },
{ "type": "Feature", "properties": { "id": 2012 }, "geometry": { "type": "Point", "coordinates": [ 6.494071, 49.365358 ] } },
{ "type": "Feature", "properties": { "id": 2013 }, "geometry": { "type": "Point", "coordinates": [ 5.980149, 49.151419 ] } },
{ "type": "Feature", "properties": { "id": 2014 }, "geometry": { "type": "Point", "coordinates": [ 6.277436, 49.219766 ] } },
{ "type": "Feature", "properties": { "id": 2015 }, "geometry": { "type": "Point", "coordinates": [ 7.328919, 48.993987 ] } },
{ "type": "Feature", "properties": { "id": 2016 }, "geometry": { "type": "Point", "coordinates": [ 7.235985, 49.18898 ] } },
{ "type": "Feature", "properties": { "id": 2017 }, "geometry": { "type": "Point", "coordinates": [ 6.337523, 49.365349 ] } },
{ "type": "Feature", "properties": { "id": 2018 }, "geometry": { "type": "Point", "coordinates": [ 6.483806, 49.153867 ] } },
{ "type": "Feature", "properties": { "id": 2019 }, "geometry": { "type": "Point", "coordinates": [ 7.281143, 49.102282 ] } },
{ "type": "Feature", "properties": { "id": 2020 }, "geometry": { "type": "Point", "coordinates": [ 6.406698, 48.786563 ] } },
{ "type": "Feature", "properties": { "id": 2021 }, "geometry": { "type": "Point", "coordinates": [ 7.210259, 48.570581 ] } },
{ "type": "Feature", "properties": { "id": 2022 }, "geometry": { "type": "Point", "coordinates": [ 7.040224, 49.371123 ] } },
{ "type": "Feature", "properties": { "id": 2023 }, "geometry": { "type": "Point", "coordinates": [ 7.024585, 49.037877 ] } },
{ "type": "Feature", "properties": { "id": 2024 }, "geometry": { "type": "Point", "coordinates": [ 5.846816, 48.639428 ] } },
{ "type": "Feature", "properties": { "id": 2025 }, "geometry": { "type": "Point", "coordinates": [ 6.398717, 49.019375 ] } },
{ "type": "Feature", "properties": { "id": 2026 }, "geometry": { "type": "Point", "coordinates": [ 6.839697, 49.366392 ] } },
{ "type": "Feature", "properties": { "id": 2027 }, "geometry": { "type": "Point", "coordinates": [ 7.323437, 48.937323 ] } },
{ "type": "Feature", "properties": { "id": 2028 }, "geometry": { "type": "Point", "coordinates": [ 6.640089, 49.221122 ] } },
{ "type": "Feature", "properties": { "id": 2029 }, "geometry": { "type": "Point", "coordinates": [ 6.565652, 48.51882 ] } },
{ "type": "Feature", "properties": { "id": 2030 }, "geometry": { "type": "Point", "coordinates": [ 6.294032, 48.601349 ] } },
{ "type": "Feature", "properties": { "id": 2031 }, "geometry": { "type": "Point", "coordinates": [ 6.921142, 48.847535 ] } },
{ "type": "Feature", "properties": { "id": 2032 }, "geometry": { "type": "Point", "coordinates": [ 6.437028, 49.227111 ] } },
{ "type": "Feature", "properties": { "id": 2033 }, "geometry": { "type": "Point", "coordinates": [ 6.347795, 49.080215 ] } },
{ "type": "Feature", "properties": { "id": 2034 }, "geometry": { "type": "Point", "coordinates": [ 6.779585, 49.364857 ] } },
{ "type": "Feature", "properties": { "id": 2035 }, "geometry": { "type": "Point", "coordinates": [ 6.296167, 49.200187 ] } },
{ "type": "Feature", "properties": { "id": 2036 }, "geometry": { "type": "Point", "coordinates": [ 6.159417, 48.76804 ] } },
{ "type": "Feature", "properties": { "id": 2037 }, "geometry": { "type": "Point", "coordinates": [ 6.234509, 48.53731 ] } },
{ "type": "Feature", "properties": { "id": 2038 }, "geometry": { "type": "Point", "coordinates": [ 6.56646, 48.624222 ] } },
{ "type": "Feature", "properties": { "id": 2039 }, "geometry": { "type": "Point", "coordinates": [ 5.97119, 48.715707 ] } },
{ "type": "Feature", "properties": { "id": 2040 }, "geometry": { "type": "Point", "coordinates": [ 6.896583, 48.664068 ] } },
{ "type": "Feature", "properties": { "id": 2041 }, "geometry": { "type": "Point", "coordinates": [ 6.965952, 48.568394 ] } },
{ "type": "Feature", "properties": { "id": 2042 }, "geometry": { "type": "Point", "coordinates": [ 6.812711, 48.842183 ] } },
{ "type": "Feature", "properties": { "id": 2043 }, "geometry": { "type": "Point", "coordinates": [ 6.183619, 49.392093 ] } },
{ "type": "Feature", "properties": { "id": 2044 }, "geometry": { "type": "Point", "coordinates": [ 6.670504, 49.393723 ] } },
{ "type": "Feature", "properties": { "id": 2045 }, "geometry": { "type": "Point", "coordinates": [ 7.081645, 48.996001 ] } },
{ "type": "Feature", "properties": { "id": 2046 }, "geometry": { "type": "Point", "coordinates": [ 7.083019, 48.869267 ] } },
{ "type": "Feature", "properties": { "id": 2047 }, "geometry": { "type": "Point", "coordinates": [ 7.318204, 49.131112 ] } },
{ "type": "Feature", "properties": { "id": 2048 }, "geometry": { "type": "Point", "coordinates": [ 6.210707, 49.203648 ] } },
{ "type": "Feature", "properties": { "id": 2049 }, "geometry": { "type": "Point", "coordinates": [ 5.952825, 48.939419 ] } },
{ "type": "Feature", "properties": { "id": 2050 }, "geometry": { "type": "Point", "coordinates": [ 6.785061, 48.526941 ] } },
{ "type": "Feature", "properties": { "id": 2051 }, "geometry": { "type": "Point", "coordinates": [ 6.896265, 48.903869 ] } },
{ "type": "Feature", "properties": { "id": 2052 }, "geometry": { "type": "Point", "coordinates": [ 5.886967, 48.8481 ] } },
{ "type": "Feature", "properties": { "id": 2053 }, "geometry": { "type": "Point", "coordinates": [ 7.279157, 48.752496 ] } },
{ "type": "Feature", "properties": { "id": 2054 }, "geometry": { "type": "Point", "coordinates": [ 7.209653, 49.2282 ] } },
{ "type": "Feature", "properties": { "id": 2055 }, "geometry": { "type": "Point", "coordinates": [ 7.177108, 49.046957 ] } },
{ "type": "Feature", "properties": { "id": 2056 }, "geometry": { "type": "Point", "coordinates": [ 6.673206, 48.826516 ] } },
{ "type": "Feature", "properties": { "id": 2057 }, "geometry": { "type": "Point", "coordinates": [ 6.087624, 48.847577 ] } },
{ "type": "Feature", "properties": { "id": 2058 }, "geometry": { "type": "Point", "coordinates": [ 6.320529, 48.534906 ] } },
{ "type": "Feature", "properties": { "id": 2059 }, "geometry": { "type": "Point", "coordinates": [ 5.969604, 49.141441 ] } },
{ "type": "Feature", "properties": { "id": 2060 }, "geometry": { "type": "Point", "coordinates": [ 5.839327, 49.095828 ] } },
{ "type": "Feature", "properties": { "id": 2061 }, "geometry": { "type": "Point", "coordinates": [ 5.759038, 48.897735 ] } },
{ "type": "Feature", "properties": { "id": 2062 }, "geometry": { "type": "Point", "coordinates": [ 6.613053, 49.117266 ] } },
{ "type": "Feature", "properties": { "id": 2063 }, "geometry": { "type": "Point", "coordinates": [ 6.07226, 48.931292 ] } },
{ "type": "Feature", "properties": { "id": 2064 }, "geometry": { "type": "Point", "coordinates": [ 6.866373, 49.192667 ] } },
{ "type": "Feature", "properties": { "id": 2065 }, "geometry": { "type": "Point", "coordinates": [ 5.864946, 49.066333 ] } },
{ "type": "Feature", "properties": { "id": 2066 }, "geometry": { "type": "Point", "coordinates": [ 7.12017, 49.040165 ] } },
{ "type": "Feature", "properties": { "id": 2067 }, "geometry": { "type": "Point", "coordinates": [ 7.319137, 48.571788 ] } },
{ "type": "Feature", "properties": { "id": 2068 }, "geometry": { "type": "Point", "coordinates": [ 6.389637, 49.318423 ] } },
{ "type": "Feature", "properties": { "id": 2069 }, "geometry": { "type": "Point", "coordinates": [ 6.717495, 49.216841 ] } },
{ "type": "Feature", "properties": { "id": 2070 }, "geometry": { "type": "Point", "coordinates": [ 6.78346, 49.035136 ] } },
{ "type": "Feature", "properties": { "id": 2071 }, "geometry": { "type": "Point", "coordinates": [ 5.909846, 48.928164 ] } },
{ "type": "Feature", "properties": { "id": 2072 }, "geometry": { "type": "Point", "coordinates": [ 6.71799, 49.028973 ] } },
{ "type": "Feature", "properties": { "id": 2073 }, "geometry": { "type": "Point", "coordinates": [ 6.838184, 48.94386 ] } },
{ "type": "Feature", "properties": { "id": 2074 }, "geometry": { "type": "Point", "coordinates": [ 6.854854, 49.375468 ] } },
{ "type": "Feature", "properties": { "id": 2075 }, "geometry": { "type": "Point", "coordinates": [ 7.152501, 48.743471 ] } },
{ "type": "Feature", "properties": { "id": 2076 }, "geometry": { "type": "Point", "coordinates": [ 5.878164, 48.999051 ] } },
{ "type": "Feature", "properties": { "id": 2077 }, "geometry": { "type": "Point", "coordinates": [ 5.982057, 48.84823 ] } },
{ "type": "Feature", "properties": { "id": 2078 }, "geometry": { "type": "Point", "coordinates": [ 7.162076, 48.971321 ] } },
{ "type": "Feature", "properties": { "id": 2079 }, "geometry": { "type": "Point", "coordinates": [ 7.248905, 48.665471 ] } },
{ "type": "Feature", "properties": { "id": 2080 }, "geometry": { "type": "Point", "coordinates": [ 6.431017, 49.038616 ] } },
{ "type": "Feature", "properties": { "id": 2081 }, "geometry": { "type": "Point", "coordinates": [ 6.52441, 48.839554 ] } },
{ "type": "Feature", "properties": { "id": 2082 }, "geometry": { "type": "Point", "coordinates": [ 6.094182, 49.147731 ] } },
{ "type": "Feature", "properties": { "id": 2083 }, "geometry": { "type": "Point", "coordinates": [ 6.261773, 49.126183 ] } },
{ "type": "Feature", "properties": { "id": 2084 }, "geometry": { "type": "Point", "coordinates": [ 5.79504, 48.786097 ] } },
{ "type": "Feature", "properties": { "id": 2085 }, "geometry": { "type": "Point", "coordinates": [ 6.101653, 48.869025 ] } },
{ "type": "Feature", "properties": { "id": 2086 }, "geometry": { "type": "Point", "coordinates": [ 6.755851, 48.771749 ] } },
{ "type": "Feature", "properties": { "id": 2087 }, "geometry": { "type": "Point", "coordinates": [ 5.917679, 49.238948 ] } },
{ "type": "Feature", "properties": { "id": 2088 }, "geometry": { "type": "Point", "coordinates": [ 6.964146, 48.594574 ] } },
{ "type": "Feature", "properties": { "id": 2089 }, "geometry": { "type": "Point", "coordinates": [ 6.327886, 49.180751 ] } },
{ "type": "Feature", "properties": { "id": 2090 }, "geometry": { "type": "Point", "coordinates": [ 6.571122, 48.857919 ] } },
{ "type": "Feature", "properties": { "id": 2091 }, "geometry": { "type": "Point", "coordinates": [ 6.692141, 49.2993 ] } },
{ "type": "Feature", "properties": { "id": 2092 }, "geometry": { "type": "Point", "coordinates": [ 7.01975, 49.15466 ] } },
{ "type": "Feature", "properties": { "id": 2093 }, "geometry": { "type": "Point", "coordinates": [ 7.072205, 48.544481 ] } },
{ "type": "Feature", "properties": { "id": 2094 }, "geometry": { "type": "Point", "coordinates": [ 6.061366, 48.721343 ] } },
{ "type": "Feature", "properties": { "id": 2095 }, "geometry": { "type": "Point", "coordinates": [ 5.986825, 48.766797 ] } },
{ "type": "Feature", "properties": { "id": 2096 }, "geometry": { "type": "Point", "coordinates": [ 6.579261, 48.57509 ] } },
{ "type": "Feature", "properties": { "id": 2097 }, "geometry": { "type": "Point", "coordinates": [ 6.445981, 48.796483 ] } },
{ "type": "Feature", "properties": { "id": 2098 }, "geometry": { "type": "Point", "coordinates": [ 6.117081, 49.0636 ] } },
{ "type": "Feature", "properties": { "id": 2099 }, "geometry": { "type": "Point", "coordinates": [ 5.794306, 48.899094 ] } },
{ "type": "Feature", "properties": { "id": 2100 }, "geometry": { "type": "Point", "coordinates": [ 6.03731, 48.796051 ] } },
{ "type": "Feature", "properties": { "id": 2101 }, "geometry": { "type": "Point", "coordinates": [ 6.335158, 48.88423 ] } },
{ "type": "Feature", "properties": { "id": 2102 }, "geometry": { "type": "Point", "coordinates": [ 7.215385, 48.553958 ] } },
{ "type": "Feature", "properties": { "id": 2103 }, "geometry": { "type": "Point", "coordinates": [ 6.695275, 49.252402 ] } },
{ "type": "Feature", "properties": { "id": 2104 }, "geometry": { "type": "Point", "coordinates": [ 6.684538, 48.645089 ] } },
{ "type": "Feature", "properties": { "id": 2105 }, "geometry": { "type": "Point", "coordinates": [ 6.679415, 49.001653 ] } },
{ "type": "Feature", "properties": { "id": 2106 }, "geometry": { "type": "Point", "coordinates": [ 6.641565, 49.296645 ] } },
{ "type": "Feature", "properties": { "id": 2107 }, "geometry": { "type": "Point", "coordinates": [ 7.323625, 48.564069 ] } },
{ "type": "Feature", "properties": { "id": 2108 }, "geometry": { "type": "Point", "coordinates": [ 5.859115, 49.023747 ] } },
{ "type": "Feature", "properties": { "id": 2109 }, "geometry": { "type": "Point", "coordinates": [ 6.428537, 49.045667 ] } },
{ "type": "Feature", "properties": { "id": 2110 }, "geometry": { "type": "Point", "coordinates": [ 7.314355, 48.603171 ] } },
{ "type": "Feature", "properties": { "id": 2111 }, "geometry": { "type": "Point", "coordinates": [ 6.912024, 48.590035 ] } },
{ "type": "Feature", "properties": { "id": 2112 }, "geometry": { "type": "Point", "coordinates": [ 7.271364, 48.762039 ] } },
{ "type": "Feature", "properties": { "id": 2113 }, "geometry": { "type": "Point", "coordinates": [ 6.359186, 49.300046 ] } },
{ "type": "Feature", "properties": { "id": 2114 }, "geometry": { "type": "Point", "coordinates": [ 6.04713, 49.270281 ] } },
{ "type": "Feature", "properties": { "id": 2115 }, "geometry": { "type": "Point", "coordinates": [ 6.97302, 48.501788 ] } },
{ "type": "Feature", "properties": { "id": 2116 }, "geometry": { "type": "Point", "coordinates": [ 7.187779, 48.749076 ] } },
{ "type": "Feature", "properties": { "id": 2117 }, "geometry": { "type": "Point", "coordinates": [ 6.570966, 49.259665 ] } },
{ "type": "Feature", "properties": { "id": 2118 }, "geometry": { "type": "Point", "coordinates": [ 5.932486, 49.20805 ] } },
{ "type": "Feature", "properties": { "id": 2119 }, "geometry": { "type": "Point", "coordinates": [ 6.587912, 48.632253 ] } },
{ "type": "Feature", "properties": { "id": 2120 }, "geometry": { "type": "Point", "coordinates": [ 6.182468, 48.755889 ] } },
{ "type": "Feature", "properties": { "id": 2121 }, "geometry": { "type": "Point", "coordinates": [ 6.003083, 48.629509 ] } },
{ "type": "Feature", "properties": { "id": 2122 }, "geometry": { "type": "Point", "coordinates": [ 6.141965, 48.963819 ] } },
{ "type": "Feature", "properties": { "id": 2123 }, "geometry": { "type": "Point", "coordinates": [ 6.82278, 48.526467 ] } },
{ "type": "Feature", "properties": { "id": 2124 }, "geometry": { "type": "Point", "coordinates": [ 6.863349, 49.021176 ] } },
{ "type": "Feature", "properties": { "id": 2125 }, "geometry": { "type": "Point", "coordinates": [ 6.805734, 48.927684 ] } },
{ "type": "Feature", "properties": { "id": 2126 }, "geometry": { "type": "Point", "coordinates": [ 6.728836, 48.568602 ] } },
{ "type": "Feature", "properties": { "id": 2127 }, "geometry": { "type": "Point", "coordinates": [ 6.013992, 49.259716 ] } },
{ "type": "Feature", "properties": { "id": 2128 }, "geometry": { "type": "Point", "coordinates": [ 5.991656, 49.173067 ] } },
{ "type": "Feature", "properties": { "id": 2129 }, "geometry": { "type": "Point", "coordinates": [ 6.675705, 48.99843 ] } },
{ "type": "Feature", "properties": { "id": 2130 }, "geometry": { "type": "Point", "coordinates": [ 6.370887, 48.873637 ] } },
{ "type": "Feature", "properties": { "id": 2131 }, "geometry": { "type": "Point", "coordinates": [ 6.855165, 49.205757 ] } },
{ "type": "Feature", "properties": { "id": 2132 }, "geometry": { "type": "Point", "coordinates": [ 6.315705, 49.375807 ] } },
{ "type": "Feature", "properties": { "id": 2133 }, "geometry": { "type": "Point", "coordinates": [ 5.910759, 48.540278 ] } },
{ "type": "Feature", "properties": { "id": 2134 }, "geometry": { "type": "Point", "coordinates": [ 6.870998, 49.07103 ] } },
{ "type": "Feature", "properties": { "id": 2135 }, "geometry": { "type": "Point", "coordinates": [ 7.298273, 48.970068 ] } },
{ "type": "Feature", "properties": { "id": 2136 }, "geometry": { "type": "Point", "coordinates": [ 5.7562, 48.795216 ] } },
{ "type": "Feature", "properties": { "id": 2137 }, "geometry": { "type": "Point", "coordinates": [ 5.754495, 48.695087 ] } },
{ "type": "Feature", "properties": { "id": 2138 }, "geometry": { "type": "Point", "coordinates": [ 5.979307, 49.270113 ] } },
{ "type": "Feature", "properties": { "id": 2139 }, "geometry": { "type": "Point", "coordinates": [ 6.850218, 48.962226 ] } },
{ "type": "Feature", "properties": { "id": 2140 }, "geometry": { "type": "Point", "coordinates": [ 6.190118, 48.85065 ] } },
{ "type": "Feature", "properties": { "id": 2141 }, "geometry": { "type": "Point", "coordinates": [ 6.014089, 49.031863 ] } },
{ "type": "Feature", "properties": { "id": 2142 }, "geometry": { "type": "Point", "coordinates": [ 5.883988, 49.181213 ] } },
{ "type": "Feature", "properties": { "id": 2143 }, "geometry": { "type": "Point", "coordinates": [ 5.80428, 49.051572 ] } },
{ "type": "Feature", "properties": { "id": 2144 }, "geometry": { "type": "Point", "coordinates": [ 7.040824, 48.945806 ] } },
{ "type": "Feature", "properties": { "id": 2145 }, "geometry": { "type": "Point", "coordinates": [ 7.160437, 49.101887 ] } },
{ "type": "Feature", "properties": { "id": 2146 }, "geometry": { "type": "Point", "coordinates": [ 6.46852, 48.566827 ] } },
{ "type": "Feature", "properties": { "id": 2147 }, "geometry": { "type": "Point", "coordinates": [ 6.58959, 48.536551 ] } },
{ "type": "Feature", "properties": { "id": 2148 }, "geometry": { "type": "Point", "coordinates": [ 6.92737, 49.270728 ] } },
{ "type": "Feature", "properties": { "id": 2149 }, "geometry": { "type": "Point", "coordinates": [ 5.813956, 48.842354 ] } },
{ "type": "Feature", "properties": { "id": 2150 }, "geometry": { "type": "Point", "coordinates": [ 6.042856, 48.638161 ] } },
{ "type": "Feature", "properties": { "id": 2151 }, "geometry": { "type": "Point", "coordinates": [ 6.999586, 49.172356 ] } },
{ "type": "Feature", "properties": { "id": 2152 }, "geometry": { "type": "Point", "coordinates": [ 7.333764, 48.764929 ] } },
{ "type": "Feature", "properties": { "id": 2153 }, "geometry": { "type": "Point", "coordinates": [ 6.031772, 48.634748 ] } },
{ "type": "Feature", "properties": { "id": 2154 }, "geometry": { "type": "Point", "coordinates": [ 7.341515, 48.826454 ] } },
{ "type": "Feature", "properties": { "id": 2155 }, "geometry": { "type": "Point", "coordinates": [ 6.807073, 49.006551 ] } },
{ "type": "Feature", "properties": { "id": 2156 }, "geometry": { "type": "Point", "coordinates": [ 5.9051, 49.183716 ] } },
{ "type": "Feature", "properties": { "id": 2157 }, "geometry": { "type": "Point", "coordinates": [ 6.867532, 48.919603 ] } },
{ "type": "Feature", "properties": { "id": 2158 }, "geometry": { "type": "Point", "coordinates": [ 7.205076, 49.254328 ] } },
{ "type": "Feature", "properties": { "id": 2159 }, "geometry": { "type": "Point", "coordinates": [ 6.415933, 49.363469 ] } },
{ "type": "Feature", "properties": { "id": 2160 }, "geometry": { "type": "Point", "coordinates": [ 6.800335, 49.26143 ] } },
{ "type": "Feature", "properties": { "id": 2161 }, "geometry": { "type": "Point", "coordinates": [ 6.950882, 48.989549 ] } },
{ "type": "Feature", "properties": { "id": 2162 }, "geometry": { "type": "Point", "coordinates": [ 6.384888, 49.317819 ] } },
{ "type": "Feature", "properties": { "id": 2163 }, "geometry": { "type": "Point", "coordinates": [ 6.347508, 49.332824 ] } },
{ "type": "Feature", "properties": { "id": 2164 }, "geometry": { "type": "Point", "coordinates": [ 7.208637, 48.804023 ] } },
{ "type": "Feature", "properties": { "id": 2165 }, "geometry": { "type": "Point", "coordinates": [ 6.936469, 49.293487 ] } },
{ "type": "Feature", "properties": { "id": 2166 }, "geometry": { "type": "Point", "coordinates": [ 6.336611, 49.213425 ] } },
{ "type": "Feature", "properties": { "id": 2167 }, "geometry": { "type": "Point", "coordinates": [ 6.325542, 48.575721 ] } },
{ "type": "Feature", "properties": { "id": 2168 }, "geometry": { "type": "Point", "coordinates": [ 7.173767, 48.915974 ] } },
{ "type": "Feature", "properties": { "id": 2169 }, "geometry": { "type": "Point", "coordinates": [ 6.414947, 49.137446 ] } },
{ "type": "Feature", "properties": { "id": 2170 }, "geometry": { "type": "Point", "coordinates": [ 6.288482, 48.868602 ] } },
{ "type": "Feature", "properties": { "id": 2171 }, "geometry": { "type": "Point", "coordinates": [ 7.203562, 49.238894 ] } },
{ "type": "Feature", "properties": { "id": 2172 }, "geometry": { "type": "Point", "coordinates": [ 5.816906, 48.526208 ] } },
{ "type": "Feature", "properties": { "id": 2173 }, "geometry": { "type": "Point", "coordinates": [ 6.868002, 48.700935 ] } },
{ "type": "Feature", "properties": { "id": 2174 }, "geometry": { "type": "Point", "coordinates": [ 6.881482, 48.922874 ] } },
{ "type": "Feature", "properties": { "id": 2175 }, "geometry": { "type": "Point", "coordinates": [ 6.881182, 49.278525 ] } },
{ "type": "Feature", "properties": { "id": 2176 }, "geometry": { "type": "Point", "coordinates": [ 6.57055, 48.921374 ] } },
{ "type": "Feature", "properties": { "id": 2177 }, "geometry": { "type": "Point", "coordinates": [ 7.111456, 49.387321 ] } },
{ "type": "Feature", "properties": { "id": 2178 }, "geometry": { "type": "Point", "coordinates": [ 5.928502, 48.655965 ] } },
{ "type": "Feature", "properties": { "id": 2179 }, "geometry": { "type": "Point", "coordinates": [ 6.714411, 49.27341 ] } },
{ "type": "Feature", "properties": { "id": 2180 }, "geometry": { "type": "Point", "coordinates": [ 7.156447, 48.831584 ] } },
{ "type": "Feature", "properties": { "id": 2181 }, "geometry": { "type": "Point", "coordinates": [ 7.193209, 49.18418 ] } },
{ "type": "Feature", "properties": { "id": 2182 }, "geometry": { "type": "Point", "coordinates": [ 7.169497, 49.272451 ] } },
{ "type": "Feature", "properties": { "id": 2183 }, "geometry": { "type": "Point", "coordinates": [ 5.879058, 49.394145 ] } },
{ "type": "Feature", "properties": { "id": 2184 }, "geometry": { "type": "Point", "coordinates": [ 5.76832, 49.23864 ] } },
{ "type": "Feature", "properties": { "id": 2185 }, "geometry": { "type": "Point", "coordinates": [ 5.910886, 48.659967 ] } },
{ "type": "Feature", "properties": { "id": 2186 }, "geometry": { "type": "Point", "coordinates": [ 6.133029, 48.837256 ] } },
{ "type": "Feature", "properties": { "id": 2187 }, "geometry": { "type": "Point", "coordinates": [ 6.393333, 49.017709 ] } },
{ "type": "Feature", "properties": { "id": 2188 }, "geometry": { "type": "Point", "coordinates": [ 7.123859, 49.18905 ] } },
{ "type": "Feature", "properties": { "id": 2189 }, "geometry": { "type": "Point", "coordinates": [ 6.111007, 48.811514 ] } },
{ "type": "Feature", "properties": { "id": 2190 }, "geometry": { "type": "Point", "coordinates": [ 6.235166, 49.289038 ] } },
{ "type": "Feature", "properties": { "id": 2191 }, "geometry": { "type": "Point", "coordinates": [ 6.725837, 49.311279 ] } },
{ "type": "Feature", "properties": { "id": 2192 }, "geometry": { "type": "Point", "coordinates": [ 7.21388, 49.216916 ] } },
{ "type": "Feature", "properties": { "id": 2193 }, "geometry": { "type": "Point", "coordinates": [ 6.015081, 48.620178 ] } },
{ "type": "Feature", "properties": { "id": 2194 }, "geometry": { "type": "Point", "coordinates": [ 7.211386, 49.020107 ] } },
{ "type": "Feature", "properties": { "id": 2195 }, "geometry": { "type": "Point", "coordinates": [ 6.958484, 48.572128 ] } },
{ "type": "Feature", "properties": { "id": 2196 }, "geometry": { "type": "Point", "coordinates": [ 5.790592, 49.039916 ] } },
{ "type": "Feature", "properties": { "id": 2197 }, "geometry": { "type": "Point", "coordinates": [ 6.375601, 48.657326 ] } },
{ "type": "Feature", "properties": { "id": 2198 }, "geometry": { "type": "Point", "coordinates": [ 6.426127, 48.798218 ] } },
{ "type": "Feature", "properties": { "id": 2199 }, "geometry": { "type": "Point", "coordinates": [ 6.90499, 49.025719 ] } },
{ "type": "Feature", "properties": { "id": 2200 }, "geometry": { "type": "Point", "coordinates": [ 5.82576, 48.683809 ] } },
{ "type": "Feature", "properties": { "id": 2201 }, "geometry": { "type": "Point", "coordinates": [ 5.786087, 48.612083 ] } },
{ "type": "Feature", "properties": { "id": 2202 }, "geometry": { "type": "Point", "coordinates": [ 7.342616, 48.524445 ] } },
{ "type": "Feature", "properties": { "id": 2203 }, "geometry": { "type": "Point", "coordinates": [ 7.048661, 48.788911 ] } },
{ "type": "Feature", "properties": { "id": 2204 }, "geometry": { "type": "Point", "coordinates": [ 6.914069, 48.679962 ] } },
{ "type": "Feature", "properties": { "id": 2205 }, "geometry": { "type": "Point", "coordinates": [ 6.4175, 49.029228 ] } },
{ "type": "Feature", "properties": { "id": 2206 }, "geometry": { "type": "Point", "coordinates": [ 7.237811, 48.504093 ] } },
{ "type": "Feature", "properties": { "id": 2207 }, "geometry": { "type": "Point", "coordinates": [ 7.231402, 48.769818 ] } },
{ "type": "Feature", "properties": { "id": 2208 }, "geometry": { "type": "Point", "coordinates": [ 6.320501, 48.877323 ] } },
{ "type": "Feature", "properties": { "id": 2209 }, "geometry": { "type": "Point", "coordinates": [ 7.262804, 48.83819 ] } },
{ "type": "Feature", "properties": { "id": 2210 }, "geometry": { "type": "Point", "coordinates": [ 6.394908, 49.084803 ] } },
{ "type": "Feature", "properties": { "id": 2211 }, "geometry": { "type": "Point", "coordinates": [ 5.940517, 49.080057 ] } },
{ "type": "Feature", "properties": { "id": 2212 }, "geometry": { "type": "Point", "coordinates": [ 5.996843, 48.739993 ] } },
{ "type": "Feature", "properties": { "id": 2213 }, "geometry": { "type": "Point", "coordinates": [ 6.231321, 48.653945 ] } },
{ "type": "Feature", "properties": { "id": 2214 }, "geometry": { "type": "Point", "coordinates": [ 6.665145, 49.048732 ] } },
{ "type": "Feature", "properties": { "id": 2215 }, "geometry": { "type": "Point", "coordinates": [ 6.454693, 49.335797 ] } },
{ "type": "Feature", "properties": { "id": 2216 }, "geometry": { "type": "Point", "coordinates": [ 6.043363, 48.955333 ] } },
{ "type": "Feature", "properties": { "id": 2217 }, "geometry": { "type": "Point", "coordinates": [ 5.768894, 48.504041 ] } },
{ "type": "Feature", "properties": { "id": 2218 }, "geometry": { "type": "Point", "coordinates": [ 7.329158, 48.847286 ] } },
{ "type": "Feature", "properties": { "id": 2219 }, "geometry": { "type": "Point", "coordinates": [ 6.002146, 48.844737 ] } },
{ "type": "Feature", "properties": { "id": 2220 }, "geometry": { "type": "Point", "coordinates": [ 5.893319, 49.261877 ] } },
{ "type": "Feature", "properties": { "id": 2221 }, "geometry": { "type": "Point", "coordinates": [ 6.702459, 49.134255 ] } },
{ "type": "Feature", "properties": { "id": 2222 }, "geometry": { "type": "Point", "coordinates": [ 7.323965, 48.521587 ] } },
{ "type": "Feature", "properties": { "id": 2223 }, "geometry": { "type": "Point", "coordinates": [ 6.088528, 49.33584 ] } },
{ "type": "Feature", "properties": { "id": 2224 }, "geometry": { "type": "Point", "coordinates": [ 6.967683, 48.681108 ] } },
{ "type": "Feature", "properties": { "id": 2225 }, "geometry": { "type": "Point", "coordinates": [ 6.466536, 48.560614 ] } },
{ "type": "Feature", "properties": { "id": 2226 }, "geometry": { "type": "Point", "coordinates": [ 6.839323, 49.363183 ] } },
{ "type": "Feature", "properties": { "id": 2227 }, "geometry": { "type": "Point", "coordinates": [ 5.822475, 49.188555 ] } },
{ "type": "Feature", "properties": { "id": 2228 }, "geometry": { "type": "Point", "coordinates": [ 6.188964, 49.181007 ] } },
{ "type": "Feature", "properties": { "id": 2229 }, "geometry": { "type": "Point", "coordinates": [ 6.695002, 49.366456 ] } },
{ "type": "Feature", "properties": { "id": 2230 }, "geometry": { "type": "Point", "coordinates": [ 5.782574, 49.316824 ] } },
{ "type": "Feature", "properties": { "id": 2231 }, "geometry": { "type": "Point", "coordinates": [ 6.738528, 49.180958 ] } },
{ "type": "Feature", "properties": { "id": 2232 }, "geometry": { "type": "Point", "coordinates": [ 6.362625, 48.58418 ] } },
{ "type": "Feature", "properties": { "id": 2233 }, "geometry": { "type": "Point", "coordinates": [ 7.240568, 48.936234 ] } },
{ "type": "Feature", "properties": { "id": 2234 }, "geometry": { "type": "Point", "coordinates": [ 6.75869, 49.373845 ] } },
{ "type": "Feature", "properties": { "id": 2235 }, "geometry": { "type": "Point", "coordinates": [ 7.155879, 49.246217 ] } },
{ "type": "Feature", "properties": { "id": 2236 }, "geometry": { "type": "Point", "coordinates": [ 6.984545, 49.311647 ] } },
{ "type": "Feature", "properties": { "id": 2237 }, "geometry": { "type": "Point", "coordinates": [ 5.928491, 48.539975 ] } },
{ "type": "Feature", "properties": { "id": 2238 }, "geometry": { "type": "Point", "coordinates": [ 5.827466, 49.113566 ] } },
{ "type": "Feature", "properties": { "id": 2239 }, "geometry": { "type": "Point", "coordinates": [ 5.912877, 48.703449 ] } },
{ "type": "Feature", "properties": { "id": 2240 }, "geometry": { "type": "Point", "coordinates": [ 6.852006, 49.164114 ] } },
{ "type": "Feature", "properties": { "id": 2241 }, "geometry": { "type": "Point", "coordinates": [ 5.881656, 49.363466 ] } },
{ "type": "Feature", "properties": { "id": 2242 }, "geometry": { "type": "Point", "coordinates": [ 6.307357, 48.6423 ] } },
{ "type": "Feature", "properties": { "id": 2243 }, "geometry": { "type": "Point", "coordinates": [ 6.530105, 48.804352 ] } },
{ "type": "Feature", "properties": { "id": 2244 }, "geometry": { "type": "Point", "coordinates": [ 7.193911, 48.987939 ] } },
{ "type": "Feature", "properties": { "id": 2245 }, "geometry": { "type": "Point", "coordinates": [ 5.996216, 48.765834 ] } },
{ "type": "Feature", "properties": { "id": 2246 }, "geometry": { "type": "Point", "coordinates": [ 7.326823, 48.653985 ] } },
{ "type": "Feature", "properties": { "id": 2247 }, "geometry": { "type": "Point", "coordinates": [ 7.098257, 48.936846 ] } },
{ "type": "Feature", "properties": { "id": 2248 }, "geometry": { "type": "Point", "coordinates": [ 7.087023, 48.813375 ] } },
{ "type": "Feature", "properties": { "id": 2249 }, "geometry": { "type": "Point", "coordinates": [ 6.119001, 49.135812 ] } },
{ "type": "Feature", "properties": { "id": 2250 }, "geometry": { "type": "Point", "coordinates": [ 6.928413, 48.872731 ] } },
{ "type": "Feature", "properties": { "id": 2251 }, "geometry": { "type": "Point", "coordinates": [ 6.029141, 49.249185 ] } },
{ "type": "Feature", "properties": { "id": 2252 }, "geometry": { "type": "Point", "coordinates": [ 7.041239, 49.230528 ] } },
{ "type": "Feature", "properties": { "id": 2253 }, "geometry": { "type": "Point", "coordinates": [ 6.031631, 48.92456 ] } },
{ "type": "Feature", "properties": { "id": 2254 }, "geometry": { "type": "Point", "coordinates": [ 6.537444, 48.836638 ] } },
{ "type": "Feature", "properties": { "id": 2255 }, "geometry": { "type": "Point", "coordinates": [ 7.344407, 48.932988 ] } },
{ "type": "Feature", "properties": { "id": 2256 }, "geometry": { "type": "Point", "coordinates": [ 6.17942, 49.086478 ] } },
{ "type": "Feature", "properties": { "id": 2257 }, "geometry": { "type": "Point", "coordinates": [ 6.795565, 49.076159 ] } },
{ "type": "Feature", "properties": { "id": 2258 }, "geometry": { "type": "Point", "coordinates": [ 6.279434, 48.62083 ] } },
{ "type": "Feature", "properties": { "id": 2259 }, "geometry": { "type": "Point", "coordinates": [ 5.878617, 49.034509 ] } },
{ "type": "Feature", "properties": { "id": 2260 }, "geometry": { "type": "Point", "coordinates": [ 6.744381, 49.145915 ] } },
{ "type": "Feature", "properties": { "id": 2261 }, "geometry": { "type": "Point", "coordinates": [ 5.900155, 48.509235 ] } },
{ "type": "Feature", "properties": { "id": 2262 }, "geometry": { "type": "Point", "coordinates": [ 5.781124, 49.315216 ] } },
{ "type": "Feature", "properties": { "id": 2263 }, "geometry": { "type": "Point", "coordinates": [ 5.864479, 48.993234 ] } },
{ "type": "Feature", "properties": { "id": 2264 }, "geometry": { "type": "Point", "coordinates": [ 6.141035, 49.323276 ] } },
{ "type": "Feature", "properties": { "id": 2265 }, "geometry": { "type": "Point", "coordinates": [ 6.299238, 48.587696 ] } },
{ "type": "Feature", "properties": { "id": 2266 }, "geometry": { "type": "Point", "coordinates": [ 6.668964, 49.117811 ] } },
{ "type": "Feature", "properties": { "id": 2267 }, "geometry": { "type": "Point", "coordinates": [ 6.742526, 48.79335 ] } },
{ "type": "Feature", "properties": { "id": 2268 }, "geometry": { "type": "Point", "coordinates": [ 6.198395, 48.793024 ] } },
{ "type": "Feature", "properties": { "id": 2269 }, "geometry": { "type": "Point", "coordinates": [ 7.212838, 48.979036 ] } },
{ "type": "Feature", "properties": { "id": 2270 }, "geometry": { "type": "Point", "coordinates": [ 6.965155, 49.030519 ] } },
{ "type": "Feature", "properties": { "id": 2271 }, "geometry": { "type": "Point", "coordinates": [ 6.435088, 49.045244 ] } },
{ "type": "Feature", "properties": { "id": 2272 }, "geometry": { "type": "Point", "coordinates": [ 6.103088, 48.539651 ] } },
{ "type": "Feature", "properties": { "id": 2273 }, "geometry": { "type": "Point", "coordinates": [ 6.760467, 49.355057 ] } },
{ "type": "Feature", "properties": { "id": 2274 }, "geometry": { "type": "Point", "coordinates": [ 6.477354, 48.874092 ] } },
{ "type": "Feature", "properties": { "id": 2275 }, "geometry": { "type": "Point", "coordinates": [ 6.861638, 49.399343 ] } },
{ "type": "Feature", "properties": { "id": 2276 }, "geometry": { "type": "Point", "coordinates": [ 6.651643, 48.899816 ] } },
{ "type": "Feature", "properties": { "id": 2277 }, "geometry": { "type": "Point", "coordinates": [ 6.062313, 49.068052 ] } },
{ "type": "Feature", "properties": { "id": 2278 }, "geometry": { "type": "Point", "coordinates": [ 6.247924, 48.71682 ] } },
{ "type": "Feature", "properties": { "id": 2279 }, "geometry": { "type": "Point", "coordinates": [ 6.890462, 48.936035 ] } },
{ "type": "Feature", "properties": { "id": 2280 }, "geometry": { "type": "Point", "coordinates": [ 6.852229, 49.250218 ] } },
{ "type": "Feature", "properties": { "id": 2281 }, "geometry": { "type": "Point", "coordinates": [ 7.057653, 49.21385 ] } },
{ "type": "Feature", "properties": { "id": 2282 }, "geometry": { "type": "Point", "coordinates": [ 6.38128, 48.556192 ] } },
{ "type": "Feature", "properties": { "id": 2283 }, "geometry": { "type": "Point", "coordinates": [ 6.593244, 48.96881 ] } },
{ "type": "Feature", "properties": { "id": 2284 }, "geometry": { "type": "Point", "coordinates": [ 6.795535, 48.556679 ] } },
{ "type": "Feature", "properties": { "id": 2285 }, "geometry": { "type": "Point", "coordinates": [ 5.9981, 49.217078 ] } },
{ "type": "Feature", "properties": { "id": 2286 }, "geometry": { "type": "Point", "coordinates": [ 5.936335, 48.656056 ] } },
{ "type": "Feature", "properties": { "id": 2287 }, "geometry": { "type": "Point", "coordinates": [ 6.736484, 49.146391 ] } },
{ "type": "Feature", "properties": { "id": 2288 }, "geometry": { "type": "Point", "coordinates": [ 7.330526, 48.7625 ] } },
{ "type": "Feature", "properties": { "id": 2289 }, "geometry": { "type": "Point", "coordinates": [ 6.18722, 49.01709 ] } },
{ "type": "Feature", "properties": { "id": 2290 }, "geometry": { "type": "Point", "coordinates": [ 6.839705, 48.663708 ] } },
{ "type": "Feature", "properties": { "id": 2291 }, "geometry": { "type": "Point", "coordinates": [ 6.866903, 48.719767 ] } },
{ "type": "Feature", "properties": { "id": 2292 }, "geometry": { "type": "Point", "coordinates": [ 6.050136, 48.738219 ] } },
{ "type": "Feature", "properties": { "id": 2293 }, "geometry": { "type": "Point", "coordinates": [ 6.180394, 48.713022 ] } },
{ "type": "Feature", "properties": { "id": 2294 }, "geometry": { "type": "Point", "coordinates": [ 6.045485, 48.787894 ] } },
{ "type": "Feature", "properties": { "id": 2295 }, "geometry": { "type": "Point", "coordinates": [ 6.03187, 48.867155 ] } },
{ "type": "Feature", "properties": { "id": 2296 }, "geometry": { "type": "Point", "coordinates": [ 6.904547, 48.713984 ] } },
{ "type": "Feature", "properties": { "id": 2297 }, "geometry": { "type": "Point", "coordinates": [ 5.855703, 49.162456 ] } },
{ "type": "Feature", "properties": { "id": 2298 }, "geometry": { "type": "Point", "coordinates": [ 6.023847, 48.98344 ] } },
{ "type": "Feature", "properties": { "id": 2299 }, "geometry": { "type": "Point", "coordinates": [ 7.022105, 49.149709 ] } },
{ "type": "Feature", "properties": { "id": 2300 }, "geometry": { "type": "Point", "coordinates": [ 6.352881, 48.927079 ] } },
{ "type": "Feature", "properties": { "id": 2301 }, "geometry": { "type": "Point", "coordinates": [ 5.933673, 48.737445 ] } },
{ "type": "Feature", "properties": { "id": 2302 }, "geometry": { "type": "Point", "coordinates": [ 7.050383, 48.841544 ] } },
{ "type": "Feature", "properties": { "id": 2303 }, "geometry": { "type": "Point", "coordinates": [ 6.624311, 49.219493 ] } },
{ "type": "Feature", "properties": { "id": 2304 }, "geometry": { "type": "Point", "coordinates": [ 6.314069, 49.167695 ] } },
{ "type": "Feature", "properties": { "id": 2305 }, "geometry": { "type": "Point", "coordinates": [ 6.455084, 48.868406 ] } },
{ "type": "Feature", "properties": { "id": 2306 }, "geometry": { "type": "Point", "coordinates": [ 5.828393, 49.151573 ] } },
{ "type": "Feature", "properties": { "id": 2307 }, "geometry": { "type": "Point", "coordinates": [ 7.224338, 48.555457 ] } },
{ "type": "Feature", "properties": { "id": 2308 }, "geometry": { "type": "Point", "coordinates": [ 6.030774, 49.142896 ] } },
{ "type": "Feature", "properties": { "id": 2309 }, "geometry": { "type": "Point", "coordinates": [ 6.010224, 48.646432 ] } },
{ "type": "Feature", "properties": { "id": 2310 }, "geometry": { "type": "Point", "coordinates": [ 5.772435, 49.058824 ] } },
{ "type": "Feature", "properties": { "id": 2311 }, "geometry": { "type": "Point", "coordinates": [ 6.820842, 49.182991 ] } },
{ "type": "Feature", "properties": { "id": 2312 }, "geometry": { "type": "Point", "coordinates": [ 6.13002, 49.160589 ] } },
{ "type": "Feature", "properties": { "id": 2313 }, "geometry": { "type": "Point", "coordinates": [ 5.921301, 49.239029 ] } },
{ "type": "Feature", "properties": { "id": 2314 }, "geometry": { "type": "Point", "coordinates": [ 6.723059, 49.370752 ] } },
{ "type": "Feature", "properties": { "id": 2315 }, "geometry": { "type": "Point", "coordinates": [ 6.204257, 48.612973 ] } },
{ "type": "Feature", "properties": { "id": 2316 }, "geometry": { "type": "Point", "coordinates": [ 6.356774, 49.399091 ] } },
{ "type": "Feature", "properties": { "id": 2317 }, "geometry": { "type": "Point", "coordinates": [ 6.790386, 49.379174 ] } },
{ "type": "Feature", "properties": { "id": 2318 }, "geometry": { "type": "Point", "coordinates": [ 6.056279, 48.823201 ] } },
{ "type": "Feature", "properties": { "id": 2319 }, "geometry": { "type": "Point", "coordinates": [ 6.643585, 48.960206 ] } },
{ "type": "Feature", "properties": { "id": 2320 }, "geometry": { "type": "Point", "coordinates": [ 6.407058, 49.052829 ] } },
{ "type": "Feature", "properties": { "id": 2321 }, "geometry": { "type": "Point", "coordinates": [ 6.259563, 48.911315 ] } },
{ "type": "Feature", "properties": { "id": 2322 }, "geometry": { "type": "Point", "coordinates": [ 5.868642, 48.599107 ] } },
{ "type": "Feature", "properties": { "id": 2323 }, "geometry": { "type": "Point", "coordinates": [ 6.658431, 49.325149 ] } },
{ "type": "Feature", "properties": { "id": 2324 }, "geometry": { "type": "Point", "coordinates": [ 5.83152, 49.372533 ] } },
{ "type": "Feature", "properties": { "id": 2325 }, "geometry": { "type": "Point", "coordinates": [ 6.314717, 49.020168 ] } },
{ "type": "Feature", "properties": { "id": 2326 }, "geometry": { "type": "Point", "coordinates": [ 6.088391, 48.977664 ] } },
{ "type": "Feature", "properties": { "id": 2327 }, "geometry": { "type": "Point", "coordinates": [ 6.721364, 49.306245 ] } },
{ "type": "Feature", "properties": { "id": 2328 }, "geometry": { "type": "Point", "coordinates": [ 7.108837, 48.560664 ] } },
{ "type": "Feature", "properties": { "id": 2329 }, "geometry": { "type": "Point", "coordinates": [ 6.94461, 49.393561 ] } },
{ "type": "Feature", "properties": { "id": 2330 }, "geometry": { "type": "Point", "coordinates": [ 6.137103, 49.081497 ] } },
{ "type": "Feature", "properties": { "id": 2331 }, "geometry": { "type": "Point", "coordinates": [ 7.015475, 48.907442 ] } },
{ "type": "Feature", "properties": { "id": 2332 }, "geometry": { "type": "Point", "coordinates": [ 6.791592, 49.307681 ] } },
{ "type": "Feature", "properties": { "id": 2333 }, "geometry": { "type": "Point", "coordinates": [ 6.783141, 48.834356 ] } },
{ "type": "Feature", "properties": { "id": 2334 }, "geometry": { "type": "Point", "coordinates": [ 6.308465, 48.55493 ] } },
{ "type": "Feature", "properties": { "id": 2335 }, "geometry": { "type": "Point", "coordinates": [ 5.814948, 48.825459 ] } },
{ "type": "Feature", "properties": { "id": 2336 }, "geometry": { "type": "Point", "coordinates": [ 5.806157, 48.805587 ] } },
{ "type": "Feature", "properties": { "id": 2337 }, "geometry": { "type": "Point", "coordinates": [ 5.930538, 49.371099 ] } },
{ "type": "Feature", "properties": { "id": 2338 }, "geometry": { "type": "Point", "coordinates": [ 6.331872, 48.613157 ] } },
{ "type": "Feature", "properties": { "id": 2339 }, "geometry": { "type": "Point", "coordinates": [ 6.451666, 48.940983 ] } },
{ "type": "Feature", "properties": { "id": 2340 }, "geometry": { "type": "Point", "coordinates": [ 7.209847, 48.945959 ] } },
{ "type": "Feature", "properties": { "id": 2341 }, "geometry": { "type": "Point", "coordinates": [ 7.128809, 49.209867 ] } },
{ "type": "Feature", "properties": { "id": 2342 }, "geometry": { "type": "Point", "coordinates": [ 6.042014, 49.11859 ] } },
{ "type": "Feature", "properties": { "id": 2343 }, "geometry": { "type": "Point", "coordinates": [ 6.805321, 49.144523 ] } },
{ "type": "Feature", "properties": { "id": 2344 }, "geometry": { "type": "Point", "coordinates": [ 5.85312, 48.643611 ] } },
{ "type": "Feature", "properties": { "id": 2345 }, "geometry": { "type": "Point", "coordinates": [ 6.172602, 49.374848 ] } },
{ "type": "Feature", "properties": { "id": 2346 }, "geometry": { "type": "Point", "coordinates": [ 7.324037, 49.132486 ] } },
{ "type": "Feature", "properties": { "id": 2347 }, "geometry": { "type": "Point", "coordinates": [ 6.505184, 49.371667 ] } },
{ "type": "Feature", "properties": { "id": 2348 }, "geometry": { "type": "Point", "coordinates": [ 7.03976, 48.617284 ] } },
{ "type": "Feature", "properties": { "id": 2349 }, "geometry": { "type": "Point", "coordinates": [ 6.630853, 48.931423 ] } },
{ "type": "Feature", "properties": { "id": 2350 }, "geometry": { "type": "Point", "coordinates": [ 6.329657, 48.741266 ] } },
{ "type": "Feature", "properties": { "id": 2351 }, "geometry": { "type": "Point", "coordinates": [ 6.852856, 48.575122 ] } },
{ "type": "Feature", "properties": { "id": 2352 }, "geometry": { "type": "Point", "coordinates": [ 6.815458, 48.545139 ] } },
{ "type": "Feature", "properties": { "id": 2353 }, "geometry": { "type": "Point", "coordinates": [ 6.590139, 48.621019 ] } },
{ "type": "Feature", "properties": { "id": 2354 }, "geometry": { "type": "Point", "coordinates": [ 6.98933, 49.196456 ] } },
{ "type": "Feature", "properties": { "id": 2355 }, "geometry": { "type": "Point", "coordinates": [ 7.344176, 48.822264 ] } },
{ "type": "Feature", "properties": { "id": 2356 }, "geometry": { "type": "Point", "coordinates": [ 6.752687, 49.150718 ] } },
{ "type": "Feature", "properties": { "id": 2357 }, "geometry": { "type": "Point", "coordinates": [ 6.976072, 48.747682 ] } },
{ "type": "Feature", "properties": { "id": 2358 }, "geometry": { "type": "Point", "coordinates": [ 6.240576, 48.566537 ] } },
{ "type": "Feature", "properties": { "id": 2359 }, "geometry": { "type": "Point", "coordinates": [ 6.187201, 49.195869 ] } },
{ "type": "Feature", "properties": { "id": 2360 }, "geometry": { "type": "Point", "coordinates": [ 5.958836, 49.154689 ] } },
{ "type": "Feature", "properties": { "id": 2361 }, "geometry": { "type": "Point", "coordinates": [ 6.379741, 48.620778 ] } },
{ "type": "Feature", "properties": { "id": 2362 }, "geometry": { "type": "Point", "coordinates": [ 6.253313, 49.181643 ] } },
{ "type": "Feature", "properties": { "id": 2363 }, "geometry": { "type": "Point", "coordinates": [ 6.509192, 48.516286 ] } },
{ "type": "Feature", "properties": { "id": 2364 }, "geometry": { "type": "Point", "coordinates": [ 7.312613, 49.262671 ] } },
{ "type": "Feature", "properties": { "id": 2365 }, "geometry": { "type": "Point", "coordinates": [ 7.191001, 48.800074 ] } },
{ "type": "Feature", "properties": { "id": 2366 }, "geometry": { "type": "Point", "coordinates": [ 6.278765, 48.849118 ] } },
{ "type": "Feature", "properties": { "id": 2367 }, "geometry": { "type": "Point", "coordinates": [ 6.497864, 48.565815 ] } },
{ "type": "Feature", "properties": { "id": 2368 }, "geometry": { "type": "Point", "coordinates": [ 6.119519, 49.180684 ] } },
{ "type": "Feature", "properties": { "id": 2369 }, "geometry": { "type": "Point", "coordinates": [ 6.055869, 48.583897 ] } },
{ "type": "Feature", "properties": { "id": 2370 }, "geometry": { "type": "Point", "coordinates": [ 6.391174, 48.640017 ] } },
{ "type": "Feature", "properties": { "id": 2371 }, "geometry": { "type": "Point", "coordinates": [ 6.308536, 48.565609 ] } },
{ "type": "Feature", "properties": { "id": 2372 }, "geometry": { "type": "Point", "coordinates": [ 6.262491, 48.609787 ] } },
{ "type": "Feature", "properties": { "id": 2373 }, "geometry": { "type": "Point", "coordinates": [ 6.249429, 48.530462 ] } },
{ "type": "Feature", "properties": { "id": 2374 }, "geometry": { "type": "Point", "coordinates": [ 7.211886, 49.163259 ] } },
{ "type": "Feature", "properties": { "id": 2375 }, "geometry": { "type": "Point", "coordinates": [ 6.794223, 48.72707 ] } },
{ "type": "Feature", "properties": { "id": 2376 }, "geometry": { "type": "Point", "coordinates": [ 7.138028, 49.227964 ] } },
{ "type": "Feature", "properties": { "id": 2377 }, "geometry": { "type": "Point", "coordinates": [ 6.646088, 49.35451 ] } },
{ "type": "Feature", "properties": { "id": 2378 }, "geometry": { "type": "Point", "coordinates": [ 6.291291, 49.252354 ] } },
{ "type": "Feature", "properties": { "id": 2379 }, "geometry": { "type": "Point", "coordinates": [ 6.318154, 48.655453 ] } },
{ "type": "Feature", "properties": { "id": 2380 }, "geometry": { "type": "Point", "coordinates": [ 6.889081, 48.791251 ] } },
{ "type": "Feature", "properties": { "id": 2381 }, "geometry": { "type": "Point", "coordinates": [ 7.056197, 48.829407 ] } },
{ "type": "Feature", "properties": { "id": 2382 }, "geometry": { "type": "Point", "coordinates": [ 6.616097, 48.705578 ] } },
{ "type": "Feature", "properties": { "id": 2383 }, "geometry": { "type": "Point", "coordinates": [ 6.33825, 49.133377 ] } },
{ "type": "Feature", "properties": { "id": 2384 }, "geometry": { "type": "Point", "coordinates": [ 7.04267, 48.88823 ] } },
{ "type": "Feature", "properties": { "id": 2385 }, "geometry": { "type": "Point", "coordinates": [ 6.736243, 49.108505 ] } },
{ "type": "Feature", "properties": { "id": 2386 }, "geometry": { "type": "Point", "coordinates": [ 5.912938, 48.86401 ] } },
{ "type": "Feature", "properties": { "id": 2387 }, "geometry": { "type": "Point", "coordinates": [ 6.284549, 48.672921 ] } },
{ "type": "Feature", "properties": { "id": 2388 }, "geometry": { "type": "Point", "coordinates": [ 6.107628, 49.255397 ] } },
{ "type": "Feature", "properties": { "id": 2389 }, "geometry": { "type": "Point", "coordinates": [ 6.637975, 49.276127 ] } },
{ "type": "Feature", "properties": { "id": 2390 }, "geometry": { "type": "Point", "coordinates": [ 6.165703, 48.893725 ] } },
{ "type": "Feature", "properties": { "id": 2391 }, "geometry": { "type": "Point", "coordinates": [ 5.957357, 49.225531 ] } },
{ "type": "Feature", "properties": { "id": 2392 }, "geometry": { "type": "Point", "coordinates": [ 6.746033, 49.009002 ] } },
{ "type": "Feature", "properties": { "id": 2393 }, "geometry": { "type": "Point", "coordinates": [ 7.157101, 48.831197 ] } },
{ "type": "Feature", "properties": { "id": 2394 }, "geometry": { "type": "Point", "coordinates": [ 6.624682, 48.942332 ] } },
{ "type": "Feature", "properties": { "id": 2395 }, "geometry": { "type": "Point", "coordinates": [ 6.777903, 48.875529 ] } },
{ "type": "Feature", "properties": { "id": 2396 }, "geometry": { "type": "Point", "coordinates": [ 6.334317, 49.200818 ] } },
{ "type": "Feature", "properties": { "id": 2397 }, "geometry": { "type": "Point", "coordinates": [ 7.190811, 48.644877 ] } },
{ "type": "Feature", "properties": { "id": 2398 }, "geometry": { "type": "Point", "coordinates": [ 6.448028, 48.841544 ] } },
{ "type": "Feature", "properties": { "id": 2399 }, "geometry": { "type": "Point", "coordinates": [ 7.036486, 49.204245 ] } },
{ "type": "Feature", "properties": { "id": 2400 }, "geometry": { "type": "Point", "coordinates": [ 6.082478, 49.389985 ] } },
{ "type": "Feature", "properties": { "id": 2401 }, "geometry": { "type": "Point", "coordinates": [ 7.097533, 49.296413 ] } },
{ "type": "Feature", "properties": { "id": 2402 }, "geometry": { "type": "Point", "coordinates": [ 7.21665, 48.555587 ] } },
{ "type": "Feature", "properties": { "id": 2403 }, "geometry": { "type": "Point", "coordinates": [ 5.988528, 49.2106 ] } },
{ "type": "Feature", "properties": { "id": 2404 }, "geometry": { "type": "Point", "coordinates": [ 6.15462, 48.67768 ] } },
{ "type": "Feature", "properties": { "id": 2405 }, "geometry": { "type": "Point", "coordinates": [ 6.882236, 49.269178 ] } },
{ "type": "Feature", "properties": { "id": 2406 }, "geometry": { "type": "Point", "coordinates": [ 6.14028, 48.523536 ] } },
{ "type": "Feature", "properties": { "id": 2407 }, "geometry": { "type": "Point", "coordinates": [ 6.19577, 48.508295 ] } },
{ "type": "Feature", "properties": { "id": 2408 }, "geometry": { "type": "Point", "coordinates": [ 7.216977, 48.763084 ] } },
{ "type": "Feature", "properties": { "id": 2409 }, "geometry": { "type": "Point", "coordinates": [ 7.108425, 49.386148 ] } },
{ "type": "Feature", "properties": { "id": 2410 }, "geometry": { "type": "Point", "coordinates": [ 6.993842, 48.910972 ] } },
{ "type": "Feature", "properties": { "id": 2411 }, "geometry": { "type": "Point", "coordinates": [ 7.142955, 48.6349 ] } },
{ "type": "Feature", "properties": { "id": 2412 }, "geometry": { "type": "Point", "coordinates": [ 7.003347, 49.376338 ] } },
{ "type": "Feature", "properties": { "id": 2413 }, "geometry": { "type": "Point", "coordinates": [ 6.578393, 48.846215 ] } },
{ "type": "Feature", "properties": { "id": 2414 }, "geometry": { "type": "Point", "coordinates": [ 6.04847, 49.357494 ] } },
{ "type": "Feature", "properties": { "id": 2415 }, "geometry": { "type": "Point", "coordinates": [ 6.88822, 48.607785 ] } },
{ "type": "Feature", "properties": { "id": 2416 }, "geometry": { "type": "Point", "coordinates": [ 6.888468, 49.062047 ] } },
{ "type": "Feature", "properties": { "id": 2417 }, "geometry": { "type": "Point", "coordinates": [ 6.517634, 49.199623 ] } },
{ "type": "Feature", "properties": { "id": 2418 }, "geometry": { "type": "Point", "coordinates": [ 6.797717, 49.216319 ] } },
{ "type": "Feature", "properties": { "id": 2419 }, "geometry": { "type": "Point", "coordinates": [ 6.358153, 49.058217 ] } },
{ "type": "Feature", "properties": { "id": 2420 }, "geometry": { "type": "Point", "coordinates": [ 6.752722, 49.135581 ] } },
{ "type": "Feature", "properties": { "id": 2421 }, "geometry": { "type": "Point", "coordinates": [ 6.702757, 49.011514 ] } },
{ "type": "Feature", "properties": { "id": 2422 }, "geometry": { "type": "Point", "coordinates": [ 5.822448, 49.135018 ] } },
{ "type": "Feature", "properties": { "id": 2423 }, "geometry": { "type": "Point", "coordinates": [ 7.210024, 49.174161 ] } },
{ "type": "Feature", "properties": { "id": 2424 }, "geometry": { "type": "Point", "coordinates": [ 6.245391, 49.393018 ] } },
{ "type": "Feature", "properties": { "id": 2425 }, "geometry": { "type": "Point", "coordinates": [ 7.292055, 49.215928 ] } },
{ "type": "Feature", "properties": { "id": 2426 }, "geometry": { "type": "Point", "coordinates": [ 6.690475, 48.715126 ] } },
{ "type": "Feature", "properties": { "id": 2427 }, "geometry": { "type": "Point", "coordinates": [ 6.77664, 48.601946 ] } },
{ "type": "Feature", "properties": { "id": 2428 }, "geometry": { "type": "Point", "coordinates": [ 5.826915, 49.359708 ] } },
{ "type": "Feature", "properties": { "id": 2429 }, "geometry": { "type": "Point", "coordinates": [ 6.656988, 49.039338 ] } },
{ "type": "Feature", "properties": { "id": 2430 }, "geometry": { "type": "Point", "coordinates": [ 6.062911, 49.202625 ] } },
{ "type": "Feature", "properties": { "id": 2431 }, "geometry": { "type": "Point", "coordinates": [ 6.053654, 48.631848 ] } },
{ "type": "Feature", "properties": { "id": 2432 }, "geometry": { "type": "Point", "coordinates": [ 7.271732, 49.219149 ] } },
{ "type": "Feature", "properties": { "id": 2433 }, "geometry": { "type": "Point", "coordinates": [ 6.083279, 48.949199 ] } },
{ "type": "Feature", "properties": { "id": 2434 }, "geometry": { "type": "Point", "coordinates": [ 6.905366, 49.387941 ] } },
{ "type": "Feature", "properties": { "id": 2435 }, "geometry": { "type": "Point", "coordinates": [ 6.618639, 49.328507 ] } },
{ "type": "Feature", "properties": { "id": 2436 }, "geometry": { "type": "Point", "coordinates": [ 6.458925, 49.271753 ] } },
{ "type": "Feature", "properties": { "id": 2437 }, "geometry": { "type": "Point", "coordinates": [ 7.314736, 49.128742 ] } },
{ "type": "Feature", "properties": { "id": 2438 }, "geometry": { "type": "Point", "coordinates": [ 6.021601, 48.718636 ] } },
{ "type": "Feature", "properties": { "id": 2439 }, "geometry": { "type": "Point", "coordinates": [ 6.644173, 48.566834 ] } },
{ "type": "Feature", "properties": { "id": 2440 }, "geometry": { "type": "Point", "coordinates": [ 6.501684, 49.194826 ] } },
{ "type": "Feature", "properties": { "id": 2441 }, "geometry": { "type": "Point", "coordinates": [ 6.849655, 49.099657 ] } },
{ "type": "Feature", "properties": { "id": 2442 }, "geometry": { "type": "Point", "coordinates": [ 6.753657, 49.266244 ] } },
{ "type": "Feature", "properties": { "id": 2443 }, "geometry": { "type": "Point", "coordinates": [ 6.766613, 49.292382 ] } },
{ "type": "Feature", "properties": { "id": 2444 }, "geometry": { "type": "Point", "coordinates": [ 6.11931, 48.905355 ] } },
{ "type": "Feature", "properties": { "id": 2445 }, "geometry": { "type": "Point", "coordinates": [ 7.294653, 49.288478 ] } },
{ "type": "Feature", "properties": { "id": 2446 }, "geometry": { "type": "Point", "coordinates": [ 5.981659, 49.09497 ] } },
{ "type": "Feature", "properties": { "id": 2447 }, "geometry": { "type": "Point", "coordinates": [ 5.759745, 48.504285 ] } },
{ "type": "Feature", "properties": { "id": 2448 }, "geometry": { "type": "Point", "coordinates": [ 6.576781, 48.503589 ] } },
{ "type": "Feature", "properties": { "id": 2449 }, "geometry": { "type": "Point", "coordinates": [ 5.755306, 49.225543 ] } },
{ "type": "Feature", "properties": { "id": 2450 }, "geometry": { "type": "Point", "coordinates": [ 6.669539, 48.651017 ] } },
{ "type": "Feature", "properties": { "id": 2451 }, "geometry": { "type": "Point", "coordinates": [ 6.373323, 48.765747 ] } },
{ "type": "Feature", "properties": { "id": 2452 }, "geometry": { "type": "Point", "coordinates": [ 7.207198, 48.967374 ] } },
{ "type": "Feature", "properties": { "id": 2453 }, "geometry": { "type": "Point", "coordinates": [ 7.293636, 49.198113 ] } },
{ "type": "Feature", "properties": { "id": 2454 }, "geometry": { "type": "Point", "coordinates": [ 6.934576, 49.09313 ] } },
{ "type": "Feature", "properties": { "id": 2455 }, "geometry": { "type": "Point", "coordinates": [ 7.290102, 48.519247 ] } },
{ "type": "Feature", "properties": { "id": 2456 }, "geometry": { "type": "Point", "coordinates": [ 7.222192, 48.518791 ] } },
{ "type": "Feature", "properties": { "id": 2457 }, "geometry": { "type": "Point", "coordinates": [ 5.910901, 48.767473 ] } },
{ "type": "Feature", "properties": { "id": 2458 }, "geometry": { "type": "Point", "coordinates": [ 6.011798, 49.330733 ] } },
{ "type": "Feature", "properties": { "id": 2459 }, "geometry": { "type": "Point", "coordinates": [ 5.863146, 48.8317 ] } },
{ "type": "Feature", "properties": { "id": 2460 }, "geometry": { "type": "Point", "coordinates": [ 6.584909, 48.896333 ] } },
{ "type": "Feature", "properties": { "id": 2461 }, "geometry": { "type": "Point", "coordinates": [ 5.821963, 48.536058 ] } },
{ "type": "Feature", "properties": { "id": 2462 }, "geometry": { "type": "Point", "coordinates": [ 7.246731, 49.070314 ] } },
{ "type": "Feature", "properties": { "id": 2463 }, "geometry": { "type": "Point", "coordinates": [ 6.892955, 48.831086 ] } },
{ "type": "Feature", "properties": { "id": 2464 }, "geometry": { "type": "Point", "coordinates": [ 6.590917, 49.065815 ] } },
{ "type": "Feature", "properties": { "id": 2465 }, "geometry": { "type": "Point", "coordinates": [ 6.020112, 48.759815 ] } },
{ "type": "Feature", "properties": { "id": 2466 }, "geometry": { "type": "Point", "coordinates": [ 6.714219, 49.252499 ] } },
{ "type": "Feature", "properties": { "id": 2467 }, "geometry": { "type": "Point", "coordinates": [ 6.978008, 49.038169 ] } },
{ "type": "Feature", "properties": { "id": 2468 }, "geometry": { "type": "Point", "coordinates": [ 6.789584, 48.612932 ] } },
{ "type": "Feature", "properties": { "id": 2469 }, "geometry": { "type": "Point", "coordinates": [ 5.818399, 49.002279 ] } },
{ "type": "Feature", "properties": { "id": 2470 }, "geometry": { "type": "Point", "coordinates": [ 6.192018, 48.658613 ] } },
{ "type": "Feature", "properties": { "id": 2471 }, "geometry": { "type": "Point", "coordinates": [ 7.326916, 48.766152 ] } },
{ "type": "Feature", "properties": { "id": 2472 }, "geometry": { "type": "Point", "coordinates": [ 6.482489, 49.276972 ] } },
{ "type": "Feature", "properties": { "id": 2473 }, "geometry": { "type": "Point", "coordinates": [ 5.776013, 49.19236 ] } },
{ "type": "Feature", "properties": { "id": 2474 }, "geometry": { "type": "Point", "coordinates": [ 6.640329, 48.538104 ] } },
{ "type": "Feature", "properties": { "id": 2475 }, "geometry": { "type": "Point", "coordinates": [ 6.770248, 48.517206 ] } },
{ "type": "Feature", "properties": { "id": 2476 }, "geometry": { "type": "Point", "coordinates": [ 7.320871, 48.643009 ] } },
{ "type": "Feature", "properties": { "id": 2477 }, "geometry": { "type": "Point", "coordinates": [ 6.72119, 48.502622 ] } },
{ "type": "Feature", "properties": { "id": 2478 }, "geometry": { "type": "Point", "coordinates": [ 5.801977, 48.645225 ] } },
{ "type": "Feature", "properties": { "id": 2479 }, "geometry": { "type": "Point", "coordinates": [ 6.455921, 49.146419 ] } },
{ "type": "Feature", "properties": { "id": 2480 }, "geometry": { "type": "Point", "coordinates": [ 6.910295, 49.336919 ] } },
{ "type": "Feature", "properties": { "id": 2481 }, "geometry": { "type": "Point", "coordinates": [ 6.85729, 49.1915 ] } },
{ "type": "Feature", "properties": { "id": 2482 }, "geometry": { "type": "Point", "coordinates": [ 6.153115, 49.098143 ] } },
{ "type": "Feature", "properties": { "id": 2483 }, "geometry": { "type": "Point", "coordinates": [ 7.280836, 48.659847 ] } },
{ "type": "Feature", "properties": { "id": 2484 }, "geometry": { "type": "Point", "coordinates": [ 7.27649, 48.958228 ] } },
{ "type": "Feature", "properties": { "id": 2485 }, "geometry": { "type": "Point", "coordinates": [ 6.204249, 49.231889 ] } },
{ "type": "Feature", "properties": { "id": 2486 }, "geometry": { "type": "Point", "coordinates": [ 6.925666, 48.636755 ] } },
{ "type": "Feature", "properties": { "id": 2487 }, "geometry": { "type": "Point", "coordinates": [ 7.074363, 48.915379 ] } },
{ "type": "Feature", "properties": { "id": 2488 }, "geometry": { "type": "Point", "coordinates": [ 7.174148, 48.713529 ] } },
{ "type": "Feature", "properties": { "id": 2489 }, "geometry": { "type": "Point", "coordinates": [ 6.273389, 49.200846 ] } },
{ "type": "Feature", "properties": { "id": 2490 }, "geometry": { "type": "Point", "coordinates": [ 7.264622, 48.950507 ] } },
{ "type": "Feature", "properties": { "id": 2491 }, "geometry": { "type": "Point", "coordinates": [ 6.212289, 49.12403 ] } },
{ "type": "Feature", "properties": { "id": 2492 }, "geometry": { "type": "Point", "coordinates": [ 6.36507, 49.11766 ] } },
{ "type": "Feature", "properties": { "id": 2493 }, "geometry": { "type": "Point", "coordinates": [ 6.341848, 49.365458 ] } },
{ "type": "Feature", "properties": { "id": 2494 }, "geometry": { "type": "Point", "coordinates": [ 6.745854, 49.174683 ] } },
{ "type": "Feature", "properties": { "id": 2495 }, "geometry": { "type": "Point", "coordinates": [ 6.580752, 48.79817 ] } },
{ "type": "Feature", "properties": { "id": 2496 }, "geometry": { "type": "Point", "coordinates": [ 5.866235, 48.766237 ] } },
{ "type": "Feature", "properties": { "id": 2497 }, "geometry": { "type": "Point", "coordinates": [ 6.294017, 48.56611 ] } },
{ "type": "Feature", "properties": { "id": 2498 }, "geometry": { "type": "Point", "coordinates": [ 7.293655, 49.318976 ] } },
{ "type": "Feature", "properties": { "id": 2499 }, "geometry": { "type": "Point", "coordinates": [ 6.578103, 48.980846 ] } },
{ "type": "Feature", "properties": { "id": 2500 }, "geometry": { "type": "Point", "coordinates": [ 6.911353, 49.143428 ] } },
{ "type": "Feature", "properties": { "id": 2501 }, "geometry": { "type": "Point", "coordinates": [ 7.264288, 48.730716 ] } },
{ "type": "Feature", "properties": { "id": 2502 }, "geometry": { "type": "Point", "coordinates": [ 5.851545, 48.994011 ] } },
{ "type": "Feature", "properties": { "id": 2503 }, "geometry": { "type": "Point", "coordinates": [ 5.855851, 48.745297 ] } },
{ "type": "Feature", "properties": { "id": 2504 }, "geometry": { "type": "Point", "coordinates": [ 5.783222, 49.044774 ] } },
{ "type": "Feature", "properties": { "id": 2505 }, "geometry": { "type": "Point", "coordinates": [ 6.165317, 48.735044 ] } },
{ "type": "Feature", "properties": { "id": 2506 }, "geometry": { "type": "Point", "coordinates": [ 5.930228, 48.94211 ] } },
{ "type": "Feature", "properties": { "id": 2507 }, "geometry": { "type": "Point", "coordinates": [ 6.965719, 48.829919 ] } },
{ "type": "Feature", "properties": { "id": 2508 }, "geometry": { "type": "Point", "coordinates": [ 6.916568, 49.263971 ] } },
{ "type": "Feature", "properties": { "id": 2509 }, "geometry": { "type": "Point", "coordinates": [ 6.984274, 49.228075 ] } },
{ "type": "Feature", "properties": { "id": 2510 }, "geometry": { "type": "Point", "coordinates": [ 6.588483, 49.15934 ] } },
{ "type": "Feature", "properties": { "id": 2511 }, "geometry": { "type": "Point", "coordinates": [ 7.315988, 49.225128 ] } },
{ "type": "Feature", "properties": { "id": 2512 }, "geometry": { "type": "Point", "coordinates": [ 6.714057, 48.87349 ] } },
{ "type": "Feature", "properties": { "id": 2513 }, "geometry": { "type": "Point", "coordinates": [ 6.675354, 49.049067 ] } },
{ "type": "Feature", "properties": { "id": 2514 }, "geometry": { "type": "Point", "coordinates": [ 7.334271, 49.2847 ] } },
{ "type": "Feature", "properties": { "id": 2515 }, "geometry": { "type": "Point", "coordinates": [ 6.394816, 48.910885 ] } },
{ "type": "Feature", "properties": { "id": 2516 }, "geometry": { "type": "Point", "coordinates": [ 6.82301, 48.671534 ] } },
{ "type": "Feature", "properties": { "id": 2517 }, "geometry": { "type": "Point", "coordinates": [ 6.866304, 48.666903 ] } },
{ "type": "Feature", "properties": { "id": 2518 }, "geometry": { "type": "Point", "coordinates": [ 5.868281, 48.946025 ] } },
{ "type": "Feature", "properties": { "id": 2519 }, "geometry": { "type": "Point", "coordinates": [ 6.376661, 49.079241 ] } },
{ "type": "Feature", "properties": { "id": 2520 }, "geometry": { "type": "Point", "coordinates": [ 6.122285, 48.613396 ] } },
{ "type": "Feature", "properties": { "id": 2521 }, "geometry": { "type": "Point", "coordinates": [ 7.049568, 49.026662 ] } },
{ "type": "Feature", "properties": { "id": 2522 }, "geometry": { "type": "Point", "coordinates": [ 6.866544, 48.653299 ] } },
{ "type": "Feature", "properties": { "id": 2523 }, "geometry": { "type": "Point", "coordinates": [ 5.887122, 48.657766 ] } },
{ "type": "Feature", "properties": { "id": 2524 }, "geometry": { "type": "Point", "coordinates": [ 6.609338, 48.965234 ] } },
{ "type": "Feature", "properties": { "id": 2525 }, "geometry": { "type": "Point", "coordinates": [ 6.561799, 48.794884 ] } },
{ "type": "Feature", "properties": { "id": 2526 }, "geometry": { "type": "Point", "coordinates": [ 6.620038, 49.260026 ] } },
{ "type": "Feature", "properties": { "id": 2527 }, "geometry": { "type": "Point", "coordinates": [ 6.74685, 49.357367 ] } },
{ "type": "Feature", "properties": { "id": 2528 }, "geometry": { "type": "Point", "coordinates": [ 6.476239, 49.295136 ] } },
{ "type": "Feature", "properties": { "id": 2529 }, "geometry": { "type": "Point", "coordinates": [ 6.251798, 49.14774 ] } },
{ "type": "Feature", "properties": { "id": 2530 }, "geometry": { "type": "Point", "coordinates": [ 5.960041, 48.57447 ] } },
{ "type": "Feature", "properties": { "id": 2531 }, "geometry": { "type": "Point", "coordinates": [ 6.679847, 49.2417 ] } },
{ "type": "Feature", "properties": { "id": 2532 }, "geometry": { "type": "Point", "coordinates": [ 6.187275, 48.910677 ] } },
{ "type": "Feature", "properties": { "id": 2533 }, "geometry": { "type": "Point", "coordinates": [ 6.058553, 49.284396 ] } },
{ "type": "Feature", "properties": { "id": 2534 }, "geometry": { "type": "Point", "coordinates": [ 6.574983, 48.843476 ] } },
{ "type": "Feature", "properties": { "id": 2535 }, "geometry": { "type": "Point", "coordinates": [ 6.159697, 48.978024 ] } },
{ "type": "Feature", "properties": { "id": 2536 }, "geometry": { "type": "Point", "coordinates": [ 6.498908, 49.060277 ] } },
{ "type": "Feature", "properties": { "id": 2537 }, "geometry": { "type": "Point", "coordinates": [ 6.369928, 48.826951 ] } },
{ "type": "Feature", "properties": { "id": 2538 }, "geometry": { "type": "Point", "coordinates": [ 6.318436, 48.731413 ] } },
{ "type": "Feature", "properties": { "id": 2539 }, "geometry": { "type": "Point", "coordinates": [ 6.964959, 49.179672 ] } },
{ "type": "Feature", "properties": { "id": 2540 }, "geometry": { "type": "Point", "coordinates": [ 6.438281, 49.003085 ] } },
{ "type": "Feature", "properties": { "id": 2541 }, "geometry": { "type": "Point", "coordinates": [ 6.862646, 48.855667 ] } },
{ "type": "Feature", "properties": { "id": 2542 }, "geometry": { "type": "Point", "coordinates": [ 7.145695, 49.283748 ] } },
{ "type": "Feature", "properties": { "id": 2543 }, "geometry": { "type": "Point", "coordinates": [ 5.978934, 48.515609 ] } },
{ "type": "Feature", "properties": { "id": 2544 }, "geometry": { "type": "Point", "coordinates": [ 6.479622, 49.171809 ] } },
{ "type": "Feature", "properties": { "id": 2545 }, "geometry": { "type": "Point", "coordinates": [ 5.771609, 48.887425 ] } },
{ "type": "Feature", "properties": { "id": 2546 }, "geometry": { "type": "Point", "coordinates": [ 6.772501, 48.580107 ] } },
{ "type": "Feature", "properties": { "id": 2547 }, "geometry": { "type": "Point", "coordinates": [ 6.750405, 48.819499 ] } },
{ "type": "Feature", "properties": { "id": 2548 }, "geometry": { "type": "Point", "coordinates": [ 7.075145, 49.084913 ] } },
{ "type": "Feature", "properties": { "id": 2549 }, "geometry": { "type": "Point", "coordinates": [ 7.319944, 49.091434 ] } },
{ "type": "Feature", "properties": { "id": 2550 }, "geometry": { "type": "Point", "coordinates": [ 6.861584, 48.784049 ] } },
{ "type": "Feature", "properties": { "id": 2551 }, "geometry": { "type": "Point", "coordinates": [ 7.14059, 48.898982 ] } },
{ "type": "Feature", "properties": { "id": 2552 }, "geometry": { "type": "Point", "coordinates": [ 7.12276, 49.242708 ] } },
{ "type": "Feature", "properties": { "id": 2553 }, "geometry": { "type": "Point", "coordinates": [ 7.055153, 48.522175 ] } },
{ "type": "Feature", "properties": { "id": 2554 }, "geometry": { "type": "Point", "coordinates": [ 6.892479, 48.723938 ] } },
{ "type": "Feature", "properties": { "id": 2555 }, "geometry": { "type": "Point", "coordinates": [ 6.851196, 49.252712 ] } },
{ "type": "Feature", "properties": { "id": 2556 }, "geometry": { "type": "Point", "coordinates": [ 7.200124, 48.903473 ] } },
{ "type": "Feature", "properties": { "id": 2557 }, "geometry": { "type": "Point", "coordinates": [ 5.868995, 48.99367 ] } },
{ "type": "Feature", "properties": { "id": 2558 }, "geometry": { "type": "Point", "coordinates": [ 6.955458, 48.748857 ] } },
{ "type": "Feature", "properties": { "id": 2559 }, "geometry": { "type": "Point", "coordinates": [ 6.571229, 48.90699 ] } },
{ "type": "Feature", "properties": { "id": 2560 }, "geometry": { "type": "Point", "coordinates": [ 6.351454, 48.893629 ] } },
{ "type": "Feature", "properties": { "id": 2561 }, "geometry": { "type": "Point", "coordinates": [ 6.062131, 48.50869 ] } },
{ "type": "Feature", "properties": { "id": 2562 }, "geometry": { "type": "Point", "coordinates": [ 6.738766, 49.165334 ] } },
{ "type": "Feature", "properties": { "id": 2563 }, "geometry": { "type": "Point", "coordinates": [ 7.107005, 48.657421 ] } },
{ "type": "Feature", "properties": { "id": 2564 }, "geometry": { "type": "Point", "coordinates": [ 5.801649, 49.056616 ] } },
{ "type": "Feature", "properties": { "id": 2565 }, "geometry": { "type": "Point", "coordinates": [ 6.150313, 48.976834 ] } },
{ "type": "Feature", "properties": { "id": 2566 }, "geometry": { "type": "Point", "coordinates": [ 7.334613, 48.706898 ] } },
{ "type": "Feature", "properties": { "id": 2567 }, "geometry": { "type": "Point", "coordinates": [ 6.848182, 48.638852 ] } },
{ "type": "Feature", "properties": { "id": 2568 }, "geometry": { "type": "Point", "coordinates": [ 6.926002, 49.349456 ] } },
{ "type": "Feature", "properties": { "id": 2569 }, "geometry": { "type": "Point", "coordinates": [ 6.129455, 48.854293 ] } },
{ "type": "Feature", "properties": { "id": 2570 }, "geometry": { "type": "Point", "coordinates": [ 7.128788, 49.342618 ] } },
{ "type": "Feature", "properties": { "id": 2571 }, "geometry": { "type": "Point", "coordinates": [ 7.100029, 48.602667 ] } },
{ "type": "Feature", "properties": { "id": 2572 }, "geometry": { "type": "Point", "coordinates": [ 6.789463, 48.569211 ] } },
{ "type": "Feature", "properties": { "id": 2573 }, "geometry": { "type": "Point", "coordinates": [ 6.490065, 48.987507 ] } },
{ "type": "Feature", "properties": { "id": 2574 }, "geometry": { "type": "Point", "coordinates": [ 6.376081, 49.116189 ] } },
{ "type": "Feature", "properties": { "id": 2575 }, "geometry": { "type": "Point", "coordinates": [ 6.965206, 48.560678 ] } },
{ "type": "Feature", "properties": { "id": 2576 }, "geometry": { "type": "Point", "coordinates": [ 6.004177, 49.19524 ] } },
{ "type": "Feature", "properties": { "id": 2577 }, "geometry": { "type": "Point", "coordinates": [ 6.598169, 49.027189 ] } },
{ "type": "Feature", "properties": { "id": 2578 }, "geometry": { "type": "Point", "coordinates": [ 5.980239, 49.110536 ] } },
{ "type": "Feature", "properties": { "id": 2579 }, "geometry": { "type": "Point", "coordinates": [ 6.107796, 48.925141 ] } },
{ "type": "Feature", "properties": { "id": 2580 }, "geometry": { "type": "Point", "coordinates": [ 7.328472, 48.79315 ] } },
{ "type": "Feature", "properties": { "id": 2581 }, "geometry": { "type": "Point", "coordinates": [ 7.253976, 49.120665 ] } },
{ "type": "Feature", "properties": { "id": 2582 }, "geometry": { "type": "Point", "coordinates": [ 6.00215, 48.550677 ] } },
{ "type": "Feature", "properties": { "id": 2583 }, "geometry": { "type": "Point", "coordinates": [ 6.203433, 48.54279 ] } },
{ "type": "Feature", "properties": { "id": 2584 }, "geometry": { "type": "Point", "coordinates": [ 6.797987, 49.309128 ] } },
{ "type": "Feature", "properties": { "id": 2585 }, "geometry": { "type": "Point", "coordinates": [ 5.860589, 48.742441 ] } },
{ "type": "Feature", "properties": { "id": 2586 }, "geometry": { "type": "Point", "coordinates": [ 7.067474, 49.075242 ] } },
{ "type": "Feature", "properties": { "id": 2587 }, "geometry": { "type": "Point", "coordinates": [ 7.298148, 48.544966 ] } },
{ "type": "Feature", "properties": { "id": 2588 }, "geometry": { "type": "Point", "coordinates": [ 6.590633, 49.167697 ] } },
{ "type": "Feature", "properties": { "id": 2589 }, "geometry": { "type": "Point", "coordinates": [ 5.788269, 48.973045 ] } },
{ "type": "Feature", "properties": { "id": 2590 }, "geometry": { "type": "Point", "coordinates": [ 6.262864, 49.160666 ] } },
{ "type": "Feature", "properties": { "id": 2591 }, "geometry": { "type": "Point", "coordinates": [ 5.803379, 48.688184 ] } },
{ "type": "Feature", "properties": { "id": 2592 }, "geometry": { "type": "Point", "coordinates": [ 7.069668, 48.853269 ] } },
{ "type": "Feature", "properties": { "id": 2593 }, "geometry": { "type": "Point", "coordinates": [ 6.591076, 48.940004 ] } },
{ "type": "Feature", "properties": { "id": 2594 }, "geometry": { "type": "Point", "coordinates": [ 6.962847, 48.772807 ] } },
{ "type": "Feature", "properties": { "id": 2595 }, "geometry": { "type": "Point", "coordinates": [ 6.64494, 48.801483 ] } },
{ "type": "Feature", "properties": { "id": 2596 }, "geometry": { "type": "Point", "coordinates": [ 6.243135, 49.370827 ] } },
{ "type": "Feature", "properties": { "id": 2597 }, "geometry": { "type": "Point", "coordinates": [ 7.203704, 49.311293 ] } },
{ "type": "Feature", "properties": { "id": 2598 }, "geometry": { "type": "Point", "coordinates": [ 6.170983, 49.216137 ] } },
{ "type": "Feature", "properties": { "id": 2599 }, "geometry": { "type": "Point", "coordinates": [ 7.046199, 49.270194 ] } },
{ "type": "Feature", "properties": { "id": 2600 }, "geometry": { "type": "Point", "coordinates": [ 6.60494, 49.304405 ] } },
{ "type": "Feature", "properties": { "id": 2601 }, "geometry": { "type": "Point", "coordinates": [ 5.795409, 48.622075 ] } },
{ "type": "Feature", "properties": { "id": 2602 }, "geometry": { "type": "Point", "coordinates": [ 6.480182, 48.631945 ] } },
{ "type": "Feature", "properties": { "id": 2603 }, "geometry": { "type": "Point", "coordinates": [ 6.667877, 48.584985 ] } },
{ "type": "Feature", "properties": { "id": 2604 }, "geometry": { "type": "Point", "coordinates": [ 6.894286, 48.643724 ] } },
{ "type": "Feature", "properties": { "id": 2605 }, "geometry": { "type": "Point", "coordinates": [ 6.903524, 48.71559 ] } },
{ "type": "Feature", "properties": { "id": 2606 }, "geometry": { "type": "Point", "coordinates": [ 7.233262, 49.019597 ] } },
{ "type": "Feature", "properties": { "id": 2607 }, "geometry": { "type": "Point", "coordinates": [ 6.367435, 49.306646 ] } },
{ "type": "Feature", "properties": { "id": 2608 }, "geometry": { "type": "Point", "coordinates": [ 6.51177, 48.581956 ] } },
{ "type": "Feature", "properties": { "id": 2609 }, "geometry": { "type": "Point", "coordinates": [ 6.763507, 48.725064 ] } },
{ "type": "Feature", "properties": { "id": 2610 }, "geometry": { "type": "Point", "coordinates": [ 6.250605, 49.337641 ] } },
{ "type": "Feature", "properties": { "id": 2611 }, "geometry": { "type": "Point", "coordinates": [ 7.066888, 48.750999 ] } },
{ "type": "Feature", "properties": { "id": 2612 }, "geometry": { "type": "Point", "coordinates": [ 6.401588, 48.571548 ] } },
{ "type": "Feature", "properties": { "id": 2613 }, "geometry": { "type": "Point", "coordinates": [ 5.83932, 48.90053 ] } },
{ "type": "Feature", "properties": { "id": 2614 }, "geometry": { "type": "Point", "coordinates": [ 7.113494, 49.394352 ] } },
{ "type": "Feature", "properties": { "id": 2615 }, "geometry": { "type": "Point", "coordinates": [ 6.678288, 48.975459 ] } },
{ "type": "Feature", "properties": { "id": 2616 }, "geometry": { "type": "Point", "coordinates": [ 6.007692, 48.601769 ] } },
{ "type": "Feature", "properties": { "id": 2617 }, "geometry": { "type": "Point", "coordinates": [ 6.363084, 49.102707 ] } },
{ "type": "Feature", "properties": { "id": 2618 }, "geometry": { "type": "Point", "coordinates": [ 6.154202, 49.326763 ] } },
{ "type": "Feature", "properties": { "id": 2619 }, "geometry": { "type": "Point", "coordinates": [ 6.534985, 48.887792 ] } },
{ "type": "Feature", "properties": { "id": 2620 }, "geometry": { "type": "Point", "coordinates": [ 7.240721, 48.834256 ] } },
{ "type": "Feature", "properties": { "id": 2621 }, "geometry": { "type": "Point", "coordinates": [ 6.063006, 49.138783 ] } },
{ "type": "Feature", "properties": { "id": 2622 }, "geometry": { "type": "Point", "coordinates": [ 7.162384, 48.641395 ] } },
{ "type": "Feature", "properties": { "id": 2623 }, "geometry": { "type": "Point", "coordinates": [ 6.533979, 48.785202 ] } },
{ "type": "Feature", "properties": { "id": 2624 }, "geometry": { "type": "Point", "coordinates": [ 7.054803, 48.556124 ] } },
{ "type": "Feature", "properties": { "id": 2625 }, "geometry": { "type": "Point", "coordinates": [ 6.105573, 48.859556 ] } },
{ "type": "Feature", "properties": { "id": 2626 }, "geometry": { "type": "Point", "coordinates": [ 6.889321, 49.090328 ] } },
{ "type": "Feature", "properties": { "id": 2627 }, "geometry": { "type": "Point", "coordinates": [ 6.185773, 49.058672 ] } },
{ "type": "Feature", "properties": { "id": 2628 }, "geometry": { "type": "Point", "coordinates": [ 6.642026, 49.252799 ] } },
{ "type": "Feature", "properties": { "id": 2629 }, "geometry": { "type": "Point", "coordinates": [ 6.626022, 49.104013 ] } },
{ "type": "Feature", "properties": { "id": 2630 }, "geometry": { "type": "Point", "coordinates": [ 7.314523, 49.11689 ] } },
{ "type": "Feature", "properties": { "id": 2631 }, "geometry": { "type": "Point", "coordinates": [ 6.361799, 48.873944 ] } },
{ "type": "Feature", "properties": { "id": 2632 }, "geometry": { "type": "Point", "coordinates": [ 6.584497, 49.235024 ] } },
{ "type": "Feature", "properties": { "id": 2633 }, "geometry": { "type": "Point", "coordinates": [ 5.900692, 48.610374 ] } },
{ "type": "Feature", "properties": { "id": 2634 }, "geometry": { "type": "Point", "coordinates": [ 6.319351, 49.107971 ] } },
{ "type": "Feature", "properties": { "id": 2635 }, "geometry": { "type": "Point", "coordinates": [ 5.992375, 49.315574 ] } },
{ "type": "Feature", "properties": { "id": 2636 }, "geometry": { "type": "Point", "coordinates": [ 6.936967, 48.939459 ] } },
{ "type": "Feature", "properties": { "id": 2637 }, "geometry": { "type": "Point", "coordinates": [ 7.31404, 48.719721 ] } },
{ "type": "Feature", "properties": { "id": 2638 }, "geometry": { "type": "Point", "coordinates": [ 7.032041, 48.659141 ] } },
{ "type": "Feature", "properties": { "id": 2639 }, "geometry": { "type": "Point", "coordinates": [ 6.860065, 48.854604 ] } },
{ "type": "Feature", "properties": { "id": 2640 }, "geometry": { "type": "Point", "coordinates": [ 5.784027, 48.966005 ] } },
{ "type": "Feature", "properties": { "id": 2641 }, "geometry": { "type": "Point", "coordinates": [ 5.775303, 48.517865 ] } },
{ "type": "Feature", "properties": { "id": 2642 }, "geometry": { "type": "Point", "coordinates": [ 5.863131, 49.003527 ] } },
{ "type": "Feature", "properties": { "id": 2643 }, "geometry": { "type": "Point", "coordinates": [ 5.916614, 48.847162 ] } },
{ "type": "Feature", "properties": { "id": 2644 }, "geometry": { "type": "Point", "coordinates": [ 6.372237, 49.201387 ] } },
{ "type": "Feature", "properties": { "id": 2645 }, "geometry": { "type": "Point", "coordinates": [ 6.069833, 49.373801 ] } },
{ "type": "Feature", "properties": { "id": 2646 }, "geometry": { "type": "Point", "coordinates": [ 6.170693, 48.780056 ] } },
{ "type": "Feature", "properties": { "id": 2647 }, "geometry": { "type": "Point", "coordinates": [ 6.776768, 48.746952 ] } },
{ "type": "Feature", "properties": { "id": 2648 }, "geometry": { "type": "Point", "coordinates": [ 6.84269, 49.004917 ] } },
{ "type": "Feature", "properties": { "id": 2649 }, "geometry": { "type": "Point", "coordinates": [ 5.887819, 49.279048 ] } },
{ "type": "Feature", "properties": { "id": 2650 }, "geometry": { "type": "Point", "coordinates": [ 6.388017, 48.930565 ] } },
{ "type": "Feature", "properties": { "id": 2651 }, "geometry": { "type": "Point", "coordinates": [ 6.879717, 49.02766 ] } },
{ "type": "Feature", "properties": { "id": 2652 }, "geometry": { "type": "Point", "coordinates": [ 6.229944, 48.913084 ] } },
{ "type": "Feature", "properties": { "id": 2653 }, "geometry": { "type": "Point", "coordinates": [ 7.006634, 49.037484 ] } },
{ "type": "Feature", "properties": { "id": 2654 }, "geometry": { "type": "Point", "coordinates": [ 5.833228, 49.157891 ] } },
{ "type": "Feature", "properties": { "id": 2655 }, "geometry": { "type": "Point", "coordinates": [ 6.833179, 48.573759 ] } },
{ "type": "Feature", "properties": { "id": 2656 }, "geometry": { "type": "Point", "coordinates": [ 6.822148, 49.250164 ] } },
{ "type": "Feature", "properties": { "id": 2657 }, "geometry": { "type": "Point", "coordinates": [ 6.20103, 48.818897 ] } },
{ "type": "Feature", "properties": { "id": 2658 }, "geometry": { "type": "Point", "coordinates": [ 6.221584, 49.212854 ] } },
{ "type": "Feature", "properties": { "id": 2659 }, "geometry": { "type": "Point", "coordinates": [ 6.494865, 49.276057 ] } },
{ "type": "Feature", "properties": { "id": 2660 }, "geometry": { "type": "Point", "coordinates": [ 6.765554, 49.200674 ] } },
{ "type": "Feature", "properties": { "id": 2661 }, "geometry": { "type": "Point", "coordinates": [ 5.941512, 49.219792 ] } },
{ "type": "Feature", "properties": { "id": 2662 }, "geometry": { "type": "Point", "coordinates": [ 6.524889, 49.074959 ] } },
{ "type": "Feature", "properties": { "id": 2663 }, "geometry": { "type": "Point", "coordinates": [ 6.65692, 48.966587 ] } },
{ "type": "Feature", "properties": { "id": 2664 }, "geometry": { "type": "Point", "coordinates": [ 6.464739, 49.379012 ] } },
{ "type": "Feature", "properties": { "id": 2665 }, "geometry": { "type": "Point", "coordinates": [ 6.928188, 48.996592 ] } },
{ "type": "Feature", "properties": { "id": 2666 }, "geometry": { "type": "Point", "coordinates": [ 6.180422, 48.555483 ] } },
{ "type": "Feature", "properties": { "id": 2667 }, "geometry": { "type": "Point", "coordinates": [ 5.998794, 48.730237 ] } },
{ "type": "Feature", "properties": { "id": 2668 }, "geometry": { "type": "Point", "coordinates": [ 6.761341, 49.208768 ] } },
{ "type": "Feature", "properties": { "id": 2669 }, "geometry": { "type": "Point", "coordinates": [ 5.884288, 48.874284 ] } },
{ "type": "Feature", "properties": { "id": 2670 }, "geometry": { "type": "Point", "coordinates": [ 7.346099, 49.178619 ] } },
{ "type": "Feature", "properties": { "id": 2671 }, "geometry": { "type": "Point", "coordinates": [ 7.305024, 48.797352 ] } },
{ "type": "Feature", "properties": { "id": 2672 }, "geometry": { "type": "Point", "coordinates": [ 6.706881, 48.819979 ] } },
{ "type": "Feature", "properties": { "id": 2673 }, "geometry": { "type": "Point", "coordinates": [ 5.835701, 49.122172 ] } },
{ "type": "Feature", "properties": { "id": 2674 }, "geometry": { "type": "Point", "coordinates": [ 6.80623, 48.792286 ] } },
{ "type": "Feature", "properties": { "id": 2675 }, "geometry": { "type": "Point", "coordinates": [ 7.098073, 48.87621 ] } },
{ "type": "Feature", "properties": { "id": 2676 }, "geometry": { "type": "Point", "coordinates": [ 6.142565, 48.722238 ] } },
{ "type": "Feature", "properties": { "id": 2677 }, "geometry": { "type": "Point", "coordinates": [ 6.107294, 48.991081 ] } },
{ "type": "Feature", "properties": { "id": 2678 }, "geometry": { "type": "Point", "coordinates": [ 6.593184, 49.227711 ] } },
{ "type": "Feature", "properties": { "id": 2679 }, "geometry": { "type": "Point", "coordinates": [ 6.235821, 49.298759 ] } },
{ "type": "Feature", "properties": { "id": 2680 }, "geometry": { "type": "Point", "coordinates": [ 5.930534, 49.170652 ] } },
{ "type": "Feature", "properties": { "id": 2681 }, "geometry": { "type": "Point", "coordinates": [ 6.629071, 49.320042 ] } },
{ "type": "Feature", "properties": { "id": 2682 }, "geometry": { "type": "Point", "coordinates": [ 7.321716, 49.38141 ] } },
{ "type": "Feature", "properties": { "id": 2683 }, "geometry": { "type": "Point", "coordinates": [ 6.141991, 48.746696 ] } },
{ "type": "Feature", "properties": { "id": 2684 }, "geometry": { "type": "Point", "coordinates": [ 6.646505, 49.323582 ] } },
{ "type": "Feature", "properties": { "id": 2685 }, "geometry": { "type": "Point", "coordinates": [ 6.91459, 49.050607 ] } },
{ "type": "Feature", "properties": { "id": 2686 }, "geometry": { "type": "Point", "coordinates": [ 6.828161, 48.599237 ] } },
{ "type": "Feature", "properties": { "id": 2687 }, "geometry": { "type": "Point", "coordinates": [ 7.202505, 48.759296 ] } },
{ "type": "Feature", "properties": { "id": 2688 }, "geometry": { "type": "Point", "coordinates": [ 6.368328, 49.266913 ] } },
{ "type": "Feature", "properties": { "id": 2689 }, "geometry": { "type": "Point", "coordinates": [ 6.649169, 48.740092 ] } },
{ "type": "Feature", "properties": { "id": 2690 }, "geometry": { "type": "Point", "coordinates": [ 6.635083, 49.057011 ] } },
{ "type": "Feature", "properties": { "id": 2691 }, "geometry": { "type": "Point", "coordinates": [ 6.812227, 49.174753 ] } },
{ "type": "Feature", "properties": { "id": 2692 }, "geometry": { "type": "Point", "coordinates": [ 5.885986, 49.149737 ] } },
{ "type": "Feature", "properties": { "id": 2693 }, "geometry": { "type": "Point", "coordinates": [ 6.14538, 48.897788 ] } },
{ "type": "Feature", "properties": { "id": 2694 }, "geometry": { "type": "Point", "coordinates": [ 5.864401, 48.617852 ] } },
{ "type": "Feature", "properties": { "id": 2695 }, "geometry": { "type": "Point", "coordinates": [ 6.171252, 49.015116 ] } },
{ "type": "Feature", "properties": { "id": 2696 }, "geometry": { "type": "Point", "coordinates": [ 6.172177, 48.784449 ] } },
{ "type": "Feature", "properties": { "id": 2697 }, "geometry": { "type": "Point", "coordinates": [ 6.171097, 49.33171 ] } },
{ "type": "Feature", "properties": { "id": 2698 }, "geometry": { "type": "Point", "coordinates": [ 6.281952, 48.754605 ] } },
{ "type": "Feature", "properties": { "id": 2699 }, "geometry": { "type": "Point", "coordinates": [ 6.270543, 49.038092 ] } },
{ "type": "Feature", "properties": { "id": 2700 }, "geometry": { "type": "Point", "coordinates": [ 5.997663, 48.788895 ] } },
{ "type": "Feature", "properties": { "id": 2701 }, "geometry": { "type": "Point", "coordinates": [ 6.103246, 48.663869 ] } },
{ "type": "Feature", "properties": { "id": 2702 }, "geometry": { "type": "Point", "coordinates": [ 6.603747, 48.826379 ] } },
{ "type": "Feature", "properties": { "id": 2703 }, "geometry": { "type": "Point", "coordinates": [ 6.697117, 49.296507 ] } },
{ "type": "Feature", "properties": { "id": 2704 }, "geometry": { "type": "Point", "coordinates": [ 6.529795, 48.647233 ] } },
{ "type": "Feature", "properties": { "id": 2705 }, "geometry": { "type": "Point", "coordinates": [ 6.835799, 49.285692 ] } },
{ "type": "Feature", "properties": { "id": 2706 }, "geometry": { "type": "Point", "coordinates": [ 7.328407, 48.518978 ] } },
{ "type": "Feature", "properties": { "id": 2707 }, "geometry": { "type": "Point", "coordinates": [ 6.56857, 48.52081 ] } },
{ "type": "Feature", "properties": { "id": 2708 }, "geometry": { "type": "Point", "coordinates": [ 5.962159, 48.953167 ] } },
{ "type": "Feature", "properties": { "id": 2709 }, "geometry": { "type": "Point", "coordinates": [ 6.487955, 49.017931 ] } },
{ "type": "Feature", "properties": { "id": 2710 }, "geometry": { "type": "Point", "coordinates": [ 5.988132, 48.508644 ] } },
{ "type": "Feature", "properties": { "id": 2711 }, "geometry": { "type": "Point", "coordinates": [ 5.842601, 49.06746 ] } },
{ "type": "Feature", "properties": { "id": 2712 }, "geometry": { "type": "Point", "coordinates": [ 5.975143, 49.074269 ] } },
{ "type": "Feature", "properties": { "id": 2713 }, "geometry": { "type": "Point", "coordinates": [ 7.184353, 48.880385 ] } },
{ "type": "Feature", "properties": { "id": 2714 }, "geometry": { "type": "Point", "coordinates": [ 6.053829, 49.200379 ] } },
{ "type": "Feature", "properties": { "id": 2715 }, "geometry": { "type": "Point", "coordinates": [ 6.174263, 49.112944 ] } },
{ "type": "Feature", "properties": { "id": 2716 }, "geometry": { "type": "Point", "coordinates": [ 6.895609, 48.601819 ] } },
{ "type": "Feature", "properties": { "id": 2717 }, "geometry": { "type": "Point", "coordinates": [ 7.116864, 48.884763 ] } },
{ "type": "Feature", "properties": { "id": 2718 }, "geometry": { "type": "Point", "coordinates": [ 7.051675, 49.177946 ] } },
{ "type": "Feature", "properties": { "id": 2719 }, "geometry": { "type": "Point", "coordinates": [ 6.292127, 49.285219 ] } },
{ "type": "Feature", "properties": { "id": 2720 }, "geometry": { "type": "Point", "coordinates": [ 6.934854, 48.725405 ] } },
{ "type": "Feature", "properties": { "id": 2721 }, "geometry": { "type": "Point", "coordinates": [ 6.710901, 49.064251 ] } },
{ "type": "Feature", "properties": { "id": 2722 }, "geometry": { "type": "Point", "coordinates": [ 7.072374, 49.379423 ] } },
{ "type": "Feature", "properties": { "id": 2723 }, "geometry": { "type": "Point", "coordinates": [ 7.267927, 48.727934 ] } },
{ "type": "Feature", "properties": { "id": 2724 }, "geometry": { "type": "Point", "coordinates": [ 6.001896, 48.756746 ] } },
{ "type": "Feature", "properties": { "id": 2725 }, "geometry": { "type": "Point", "coordinates": [ 7.168425, 49.170984 ] } },
{ "type": "Feature", "properties": { "id": 2726 }, "geometry": { "type": "Point", "coordinates": [ 6.961128, 49.080734 ] } },
{ "type": "Feature", "properties": { "id": 2727 }, "geometry": { "type": "Point", "coordinates": [ 5.77546, 49.057343 ] } },
{ "type": "Feature", "properties": { "id": 2728 }, "geometry": { "type": "Point", "coordinates": [ 6.592223, 49.224937 ] } },
{ "type": "Feature", "properties": { "id": 2729 }, "geometry": { "type": "Point", "coordinates": [ 6.994986, 48.622752 ] } },
{ "type": "Feature", "properties": { "id": 2730 }, "geometry": { "type": "Point", "coordinates": [ 5.998462, 48.786208 ] } },
{ "type": "Feature", "properties": { "id": 2731 }, "geometry": { "type": "Point", "coordinates": [ 6.166692, 49.241511 ] } },
{ "type": "Feature", "properties": { "id": 2732 }, "geometry": { "type": "Point", "coordinates": [ 7.195533, 48.931908 ] } },
{ "type": "Feature", "properties": { "id": 2733 }, "geometry": { "type": "Point", "coordinates": [ 6.181507, 48.771159 ] } },
{ "type": "Feature", "properties": { "id": 2734 }, "geometry": { "type": "Point", "coordinates": [ 7.014986, 48.995547 ] } },
{ "type": "Feature", "properties": { "id": 2735 }, "geometry": { "type": "Point", "coordinates": [ 6.444294, 49.198408 ] } },
{ "type": "Feature", "properties": { "id": 2736 }, "geometry": { "type": "Point", "coordinates": [ 6.858168, 49.268568 ] } },
{ "type": "Feature", "properties": { "id": 2737 }, "geometry": { "type": "Point", "coordinates": [ 6.62208, 48.524581 ] } },
{ "type": "Feature", "properties": { "id": 2738 }, "geometry": { "type": "Point", "coordinates": [ 6.833937, 48.795543 ] } },
{ "type": "Feature", "properties": { "id": 2739 }, "geometry": { "type": "Point", "coordinates": [ 7.047468, 48.891784 ] } },
{ "type": "Feature", "properties": { "id": 2740 }, "geometry": { "type": "Point", "coordinates": [ 6.38582, 49.32092 ] } },
{ "type": "Feature", "properties": { "id": 2741 }, "geometry": { "type": "Point", "coordinates": [ 7.336066, 49.088263 ] } },
{ "type": "Feature", "properties": { "id": 2742 }, "geometry": { "type": "Point", "coordinates": [ 7.225353, 49.329951 ] } },
{ "type": "Feature", "properties": { "id": 2743 }, "geometry": { "type": "Point", "coordinates": [ 6.219783, 49.031435 ] } },
{ "type": "Feature", "properties": { "id": 2744 }, "geometry": { "type": "Point", "coordinates": [ 5.814166, 48.911866 ] } },
{ "type": "Feature", "properties": { "id": 2745 }, "geometry": { "type": "Point", "coordinates": [ 6.697771, 48.843789 ] } },
{ "type": "Feature", "properties": { "id": 2746 }, "geometry": { "type": "Point", "coordinates": [ 5.800916, 49.18852 ] } },
{ "type": "Feature", "properties": { "id": 2747 }, "geometry": { "type": "Point", "coordinates": [ 5.816492, 48.66119 ] } },
{ "type": "Feature", "properties": { "id": 2748 }, "geometry": { "type": "Point", "coordinates": [ 6.147514, 48.567299 ] } },
{ "type": "Feature", "properties": { "id": 2749 }, "geometry": { "type": "Point", "coordinates": [ 6.023135, 49.291238 ] } },
{ "type": "Feature", "properties": { "id": 2750 }, "geometry": { "type": "Point", "coordinates": [ 6.580828, 49.337741 ] } },
{ "type": "Feature", "properties": { "id": 2751 }, "geometry": { "type": "Point", "coordinates": [ 6.046534, 49.24781 ] } },
{ "type": "Feature", "properties": { "id": 2752 }, "geometry": { "type": "Point", "coordinates": [ 6.696562, 48.81032 ] } },
{ "type": "Feature", "properties": { "id": 2753 }, "geometry": { "type": "Point", "coordinates": [ 7.259622, 49.354185 ] } },
{ "type": "Feature", "properties": { "id": 2754 }, "geometry": { "type": "Point", "coordinates": [ 6.723458, 49.10051 ] } },
{ "type": "Feature", "properties": { "id": 2755 }, "geometry": { "type": "Point", "coordinates": [ 5.853479, 48.516164 ] } },
{ "type": "Feature", "properties": { "id": 2756 }, "geometry": { "type": "Point", "coordinates": [ 6.075881, 49.373082 ] } },
{ "type": "Feature", "properties": { "id": 2757 }, "geometry": { "type": "Point", "coordinates": [ 5.951355, 48.940712 ] } },
{ "type": "Feature", "properties": { "id": 2758 }, "geometry": { "type": "Point", "coordinates": [ 6.494144, 48.522446 ] } },
{ "type": "Feature", "properties": { "id": 2759 }, "geometry": { "type": "Point", "coordinates": [ 7.198242, 49.154614 ] } },
{ "type": "Feature", "properties": { "id": 2760 }, "geometry": { "type": "Point", "coordinates": [ 7.150926, 49.097034 ] } },
{ "type": "Feature", "properties": { "id": 2761 }, "geometry": { "type": "Point", "coordinates": [ 6.525768, 49.271639 ] } },
{ "type": "Feature", "properties": { "id": 2762 }, "geometry": { "type": "Point", "coordinates": [ 6.767417, 49.383282 ] } },
{ "type": "Feature", "properties": { "id": 2763 }, "geometry": { "type": "Point", "coordinates": [ 5.869755, 48.737781 ] } },
{ "type": "Feature", "properties": { "id": 2764 }, "geometry": { "type": "Point", "coordinates": [ 6.519825, 48.568046 ] } },
{ "type": "Feature", "properties": { "id": 2765 }, "geometry": { "type": "Point", "coordinates": [ 6.632602, 48.616606 ] } },
{ "type": "Feature", "properties": { "id": 2766 }, "geometry": { "type": "Point", "coordinates": [ 6.956081, 48.653216 ] } },
{ "type": "Feature", "properties": { "id": 2767 }, "geometry": { "type": "Point", "coordinates": [ 6.349973, 48.556164 ] } },
{ "type": "Feature", "properties": { "id": 2768 }, "geometry": { "type": "Point", "coordinates": [ 6.532732, 48.7849 ] } },
{ "type": "Feature", "properties": { "id": 2769 }, "geometry": { "type": "Point", "coordinates": [ 5.846778, 48.649663 ] } },
{ "type": "Feature", "properties": { "id": 2770 }, "geometry": { "type": "Point", "coordinates": [ 6.800228, 48.666696 ] } },
{ "type": "Feature", "properties": { "id": 2771 }, "geometry": { "type": "Point", "coordinates": [ 6.256143, 49.071905 ] } },
{ "type": "Feature", "properties": { "id": 2772 }, "geometry": { "type": "Point", "coordinates": [ 7.085007, 49.045312 ] } },
{ "type": "Feature", "properties": { "id": 2773 }, "geometry": { "type": "Point", "coordinates": [ 6.470081, 48.789265 ] } },
{ "type": "Feature", "properties": { "id": 2774 }, "geometry": { "type": "Point", "coordinates": [ 7.302371, 48.77475 ] } },
{ "type": "Feature", "properties": { "id": 2775 }, "geometry": { "type": "Point", "coordinates": [ 6.101181, 49.346254 ] } },
{ "type": "Feature", "properties": { "id": 2776 }, "geometry": { "type": "Point", "coordinates": [ 7.252795, 49.217699 ] } },
{ "type": "Feature", "properties": { "id": 2777 }, "geometry": { "type": "Point", "coordinates": [ 6.648345, 48.905605 ] } },
{ "type": "Feature", "properties": { "id": 2778 }, "geometry": { "type": "Point", "coordinates": [ 7.01753, 49.17011 ] } },
{ "type": "Feature", "properties": { "id": 2779 }, "geometry": { "type": "Point", "coordinates": [ 6.609413, 48.7727 ] } },
{ "type": "Feature", "properties": { "id": 2780 }, "geometry": { "type": "Point", "coordinates": [ 6.986275, 48.945859 ] } },
{ "type": "Feature", "properties": { "id": 2781 }, "geometry": { "type": "Point", "coordinates": [ 6.938145, 49.046816 ] } },
{ "type": "Feature", "properties": { "id": 2782 }, "geometry": { "type": "Point", "coordinates": [ 6.893097, 48.955053 ] } },
{ "type": "Feature", "properties": { "id": 2783 }, "geometry": { "type": "Point", "coordinates": [ 6.619054, 48.688514 ] } },
{ "type": "Feature", "properties": { "id": 2784 }, "geometry": { "type": "Point", "coordinates": [ 6.857952, 49.158206 ] } },
{ "type": "Feature", "properties": { "id": 2785 }, "geometry": { "type": "Point", "coordinates": [ 6.936917, 48.80987 ] } },
{ "type": "Feature", "properties": { "id": 2786 }, "geometry": { "type": "Point", "coordinates": [ 6.353597, 49.199629 ] } },
{ "type": "Feature", "properties": { "id": 2787 }, "geometry": { "type": "Point", "coordinates": [ 5.91034, 49.378931 ] } },
{ "type": "Feature", "properties": { "id": 2788 }, "geometry": { "type": "Point", "coordinates": [ 5.758266, 48.558915 ] } },
{ "type": "Feature", "properties": { "id": 2789 }, "geometry": { "type": "Point", "coordinates": [ 7.253298, 49.341964 ] } },
{ "type": "Feature", "properties": { "id": 2790 }, "geometry": { "type": "Point", "coordinates": [ 6.617244, 48.849894 ] } },
{ "type": "Feature", "properties": { "id": 2791 }, "geometry": { "type": "Point", "coordinates": [ 6.159, 49.034577 ] } },
{ "type": "Feature", "properties": { "id": 2792 }, "geometry": { "type": "Point", "coordinates": [ 6.482221, 49.059387 ] } },
{ "type": "Feature", "properties": { "id": 2793 }, "geometry": { "type": "Point", "coordinates": [ 6.257902, 49.257957 ] } },
{ "type": "Feature", "properties": { "id": 2794 }, "geometry": { "type": "Point", "coordinates": [ 7.289188, 48.684721 ] } },
{ "type": "Feature", "properties": { "id": 2795 }, "geometry": { "type": "Point", "coordinates": [ 7.063589, 49.365119 ] } },
{ "type": "Feature", "properties": { "id": 2796 }, "geometry": { "type": "Point", "coordinates": [ 5.992388, 48.722263 ] } },
{ "type": "Feature", "properties": { "id": 2797 }, "geometry": { "type": "Point", "coordinates": [ 6.669787, 49.335694 ] } },
{ "type": "Feature", "properties": { "id": 2798 }, "geometry": { "type": "Point", "coordinates": [ 6.728588, 49.055961 ] } },
{ "type": "Feature", "properties": { "id": 2799 }, "geometry": { "type": "Point", "coordinates": [ 5.918177, 48.951327 ] } },
{ "type": "Feature", "properties": { "id": 2800 }, "geometry": { "type": "Point", "coordinates": [ 7.021143, 49.180783 ] } },
{ "type": "Feature", "properties": { "id": 2801 }, "geometry": { "type": "Point", "coordinates": [ 6.753235, 48.670125 ] } },
{ "type": "Feature", "properties": { "id": 2802 }, "geometry": { "type": "Point", "coordinates": [ 6.513973, 48.542081 ] } },
{ "type": "Feature", "properties": { "id": 2803 }, "geometry": { "type": "Point", "coordinates": [ 6.518502, 48.779817 ] } },
{ "type": "Feature", "properties": { "id": 2804 }, "geometry": { "type": "Point", "coordinates": [ 7.296229, 48.933533 ] } },
{ "type": "Feature", "properties": { "id": 2805 }, "geometry": { "type": "Point", "coordinates": [ 7.347436, 49.39488 ] } },
{ "type": "Feature", "properties": { "id": 2806 }, "geometry": { "type": "Point", "coordinates": [ 6.459003, 48.977023 ] } },
{ "type": "Feature", "properties": { "id": 2807 }, "geometry": { "type": "Point", "coordinates": [ 6.94744, 48.554042 ] } },
{ "type": "Feature", "properties": { "id": 2808 }, "geometry": { "type": "Point", "coordinates": [ 7.337992, 49.389056 ] } },
{ "type": "Feature", "properties": { "id": 2809 }, "geometry": { "type": "Point", "coordinates": [ 6.845864, 49.022973 ] } },
{ "type": "Feature", "properties": { "id": 2810 }, "geometry": { "type": "Point", "coordinates": [ 6.126278, 49.038311 ] } },
{ "type": "Feature", "properties": { "id": 2811 }, "geometry": { "type": "Point", "coordinates": [ 6.293508, 48.635506 ] } },
{ "type": "Feature", "properties": { "id": 2812 }, "geometry": { "type": "Point", "coordinates": [ 6.617969, 48.861074 ] } },
{ "type": "Feature", "properties": { "id": 2813 }, "geometry": { "type": "Point", "coordinates": [ 6.174577, 48.628823 ] } },
{ "type": "Feature", "properties": { "id": 2814 }, "geometry": { "type": "Point", "coordinates": [ 6.761189, 48.778429 ] } },
{ "type": "Feature", "properties": { "id": 2815 }, "geometry": { "type": "Point", "coordinates": [ 7.341716, 48.82768 ] } },
{ "type": "Feature", "properties": { "id": 2816 }, "geometry": { "type": "Point", "coordinates": [ 6.996897, 48.728337 ] } },
{ "type": "Feature", "properties": { "id": 2817 }, "geometry": { "type": "Point", "coordinates": [ 6.736144, 48.864308 ] } },
{ "type": "Feature", "properties": { "id": 2818 }, "geometry": { "type": "Point", "coordinates": [ 6.339418, 48.875963 ] } },
{ "type": "Feature", "properties": { "id": 2819 }, "geometry": { "type": "Point", "coordinates": [ 6.332029, 49.243841 ] } },
{ "type": "Feature", "properties": { "id": 2820 }, "geometry": { "type": "Point", "coordinates": [ 6.44398, 49.352518 ] } },
{ "type": "Feature", "properties": { "id": 2821 }, "geometry": { "type": "Point", "coordinates": [ 5.799008, 49.300478 ] } },
{ "type": "Feature", "properties": { "id": 2822 }, "geometry": { "type": "Point", "coordinates": [ 5.932101, 49.164069 ] } },
{ "type": "Feature", "properties": { "id": 2823 }, "geometry": { "type": "Point", "coordinates": [ 7.074833, 48.886757 ] } },
{ "type": "Feature", "properties": { "id": 2824 }, "geometry": { "type": "Point", "coordinates": [ 6.277737, 48.54173 ] } },
{ "type": "Feature", "properties": { "id": 2825 }, "geometry": { "type": "Point", "coordinates": [ 6.333923, 49.381191 ] } },
{ "type": "Feature", "properties": { "id": 2826 }, "geometry": { "type": "Point", "coordinates": [ 5.859591, 49.136159 ] } },
{ "type": "Feature", "properties": { "id": 2827 }, "geometry": { "type": "Point", "coordinates": [ 5.9174, 49.233094 ] } },
{ "type": "Feature", "properties": { "id": 2828 }, "geometry": { "type": "Point", "coordinates": [ 7.228713, 49.035903 ] } },
{ "type": "Feature", "properties": { "id": 2829 }, "geometry": { "type": "Point", "coordinates": [ 6.45262, 48.87875 ] } },
{ "type": "Feature", "properties": { "id": 2830 }, "geometry": { "type": "Point", "coordinates": [ 5.82635, 48.940271 ] } },
{ "type": "Feature", "properties": { "id": 2831 }, "geometry": { "type": "Point", "coordinates": [ 5.92931, 48.765675 ] } },
{ "type": "Feature", "properties": { "id": 2832 }, "geometry": { "type": "Point", "coordinates": [ 7.300639, 48.785873 ] } },
{ "type": "Feature", "properties": { "id": 2833 }, "geometry": { "type": "Point", "coordinates": [ 6.567819, 49.137299 ] } },
{ "type": "Feature", "properties": { "id": 2834 }, "geometry": { "type": "Point", "coordinates": [ 6.238911, 48.649371 ] } },
{ "type": "Feature", "properties": { "id": 2835 }, "geometry": { "type": "Point", "coordinates": [ 6.028841, 48.960888 ] } },
{ "type": "Feature", "properties": { "id": 2836 }, "geometry": { "type": "Point", "coordinates": [ 6.86515, 48.751458 ] } },
{ "type": "Feature", "properties": { "id": 2837 }, "geometry": { "type": "Point", "coordinates": [ 5.766692, 48.587777 ] } },
{ "type": "Feature", "properties": { "id": 2838 }, "geometry": { "type": "Point", "coordinates": [ 6.557825, 49.046524 ] } },
{ "type": "Feature", "properties": { "id": 2839 }, "geometry": { "type": "Point", "coordinates": [ 6.387983, 49.2965 ] } },
{ "type": "Feature", "properties": { "id": 2840 }, "geometry": { "type": "Point", "coordinates": [ 6.248637, 48.848882 ] } },
{ "type": "Feature", "properties": { "id": 2841 }, "geometry": { "type": "Point", "coordinates": [ 7.015907, 48.636995 ] } },
{ "type": "Feature", "properties": { "id": 2842 }, "geometry": { "type": "Point", "coordinates": [ 6.697755, 48.890667 ] } },
{ "type": "Feature", "properties": { "id": 2843 }, "geometry": { "type": "Point", "coordinates": [ 6.861194, 49.221876 ] } },
{ "type": "Feature", "properties": { "id": 2844 }, "geometry": { "type": "Point", "coordinates": [ 6.898729, 48.536799 ] } },
{ "type": "Feature", "properties": { "id": 2845 }, "geometry": { "type": "Point", "coordinates": [ 5.982676, 48.585038 ] } },
{ "type": "Feature", "properties": { "id": 2846 }, "geometry": { "type": "Point", "coordinates": [ 7.329237, 49.166238 ] } },
{ "type": "Feature", "properties": { "id": 2847 }, "geometry": { "type": "Point", "coordinates": [ 6.337712, 49.299355 ] } },
{ "type": "Feature", "properties": { "id": 2848 }, "geometry": { "type": "Point", "coordinates": [ 7.15182, 48.817752 ] } },
{ "type": "Feature", "properties": { "id": 2849 }, "geometry": { "type": "Point", "coordinates": [ 6.705016, 48.825327 ] } },
{ "type": "Feature", "properties": { "id": 2850 }, "geometry": { "type": "Point", "coordinates": [ 6.011856, 48.652149 ] } },
{ "type": "Feature", "properties": { "id": 2851 }, "geometry": { "type": "Point", "coordinates": [ 6.946511, 48.74664 ] } },
{ "type": "Feature", "properties": { "id": 2852 }, "geometry": { "type": "Point", "coordinates": [ 5.927361, 48.760725 ] } },
{ "type": "Feature", "properties": { "id": 2853 }, "geometry": { "type": "Point", "coordinates": [ 5.836088, 49.227243 ] } },
{ "type": "Feature", "properties": { "id": 2854 }, "geometry": { "type": "Point", "coordinates": [ 5.940999, 49.256225 ] } },
{ "type": "Feature", "properties": { "id": 2855 }, "geometry": { "type": "Point", "coordinates": [ 7.058956, 48.52245 ] } },
{ "type": "Feature", "properties": { "id": 2856 }, "geometry": { "type": "Point", "coordinates": [ 6.836036, 49.220495 ] } },
{ "type": "Feature", "properties": { "id": 2857 }, "geometry": { "type": "Point", "coordinates": [ 6.060292, 49.076887 ] } },
{ "type": "Feature", "properties": { "id": 2858 }, "geometry": { "type": "Point", "coordinates": [ 7.042646, 49.280093 ] } },
{ "type": "Feature", "properties": { "id": 2859 }, "geometry": { "type": "Point", "coordinates": [ 6.477244, 49.03015 ] } },
{ "type": "Feature", "properties": { "id": 2860 }, "geometry": { "type": "Point", "coordinates": [ 6.942402, 48.96423 ] } },
{ "type": "Feature", "properties": { "id": 2861 }, "geometry": { "type": "Point", "coordinates": [ 6.344806, 48.896683 ] } },
{ "type": "Feature", "properties": { "id": 2862 }, "geometry": { "type": "Point", "coordinates": [ 6.483213, 49.218664 ] } },
{ "type": "Feature", "properties": { "id": 2863 }, "geometry": { "type": "Point", "coordinates": [ 6.774634, 48.525911 ] } },
{ "type": "Feature", "properties": { "id": 2864 }, "geometry": { "type": "Point", "coordinates": [ 7.216624, 49.178165 ] } },
{ "type": "Feature", "properties": { "id": 2865 }, "geometry": { "type": "Point", "coordinates": [ 5.876925, 49.147316 ] } },
{ "type": "Feature", "properties": { "id": 2866 }, "geometry": { "type": "Point", "coordinates": [ 6.078534, 48.890206 ] } },
{ "type": "Feature", "properties": { "id": 2867 }, "geometry": { "type": "Point", "coordinates": [ 6.233619, 48.515332 ] } },
{ "type": "Feature", "properties": { "id": 2868 }, "geometry": { "type": "Point", "coordinates": [ 6.744063, 48.671059 ] } },
{ "type": "Feature", "properties": { "id": 2869 }, "geometry": { "type": "Point", "coordinates": [ 7.168687, 48.906904 ] } },
{ "type": "Feature", "properties": { "id": 2870 }, "geometry": { "type": "Point", "coordinates": [ 7.176281, 48.549635 ] } },
{ "type": "Feature", "properties": { "id": 2871 }, "geometry": { "type": "Point", "coordinates": [ 6.722564, 49.401233 ] } },
{ "type": "Feature", "properties": { "id": 2872 }, "geometry": { "type": "Point", "coordinates": [ 6.404843, 49.055342 ] } },
{ "type": "Feature", "properties": { "id": 2873 }, "geometry": { "type": "Point", "coordinates": [ 6.833741, 48.935581 ] } },
{ "type": "Feature", "properties": { "id": 2874 }, "geometry": { "type": "Point", "coordinates": [ 5.864419, 49.250561 ] } },
{ "type": "Feature", "properties": { "id": 2875 }, "geometry": { "type": "Point", "coordinates": [ 5.984978, 48.677507 ] } },
{ "type": "Feature", "properties": { "id": 2876 }, "geometry": { "type": "Point", "coordinates": [ 6.910252, 49.320624 ] } },
{ "type": "Feature", "properties": { "id": 2877 }, "geometry": { "type": "Point", "coordinates": [ 7.116417, 48.698833 ] } },
{ "type": "Feature", "properties": { "id": 2878 }, "geometry": { "type": "Point", "coordinates": [ 6.35015, 49.15502 ] } },
{ "type": "Feature", "properties": { "id": 2879 }, "geometry": { "type": "Point", "coordinates": [ 7.131161, 49.303281 ] } },
{ "type": "Feature", "properties": { "id": 2880 }, "geometry": { "type": "Point", "coordinates": [ 5.902697, 48.946703 ] } },
{ "type": "Feature", "properties": { "id": 2881 }, "geometry": { "type": "Point", "coordinates": [ 7.02666, 49.372514 ] } },
{ "type": "Feature", "properties": { "id": 2882 }, "geometry": { "type": "Point", "coordinates": [ 7.294942, 48.809153 ] } },
{ "type": "Feature", "properties": { "id": 2883 }, "geometry": { "type": "Point", "coordinates": [ 5.976407, 48.823701 ] } },
{ "type": "Feature", "properties": { "id": 2884 }, "geometry": { "type": "Point", "coordinates": [ 5.890875, 49.076226 ] } },
{ "type": "Feature", "properties": { "id": 2885 }, "geometry": { "type": "Point", "coordinates": [ 6.543419, 49.334919 ] } },
{ "type": "Feature", "properties": { "id": 2886 }, "geometry": { "type": "Point", "coordinates": [ 6.27874, 49.286177 ] } },
{ "type": "Feature", "properties": { "id": 2887 }, "geometry": { "type": "Point", "coordinates": [ 6.738728, 48.698475 ] } },
{ "type": "Feature", "properties": { "id": 2888 }, "geometry": { "type": "Point", "coordinates": [ 5.867798, 48.742625 ] } },
{ "type": "Feature", "properties": { "id": 2889 }, "geometry": { "type": "Point", "coordinates": [ 5.940445, 49.071164 ] } },
{ "type": "Feature", "properties": { "id": 2890 }, "geometry": { "type": "Point", "coordinates": [ 7.34121, 48.598857 ] } },
{ "type": "Feature", "properties": { "id": 2891 }, "geometry": { "type": "Point", "coordinates": [ 6.174947, 48.824835 ] } },
{ "type": "Feature", "properties": { "id": 2892 }, "geometry": { "type": "Point", "coordinates": [ 5.958902, 48.828647 ] } },
{ "type": "Feature", "properties": { "id": 2893 }, "geometry": { "type": "Point", "coordinates": [ 6.746049, 48.709839 ] } },
{ "type": "Feature", "properties": { "id": 2894 }, "geometry": { "type": "Point", "coordinates": [ 7.077111, 48.652284 ] } },
{ "type": "Feature", "properties": { "id": 2895 }, "geometry": { "type": "Point", "coordinates": [ 6.689936, 48.825958 ] } },
{ "type": "Feature", "properties": { "id": 2896 }, "geometry": { "type": "Point", "coordinates": [ 6.319695, 48.704903 ] } },
{ "type": "Feature", "properties": { "id": 2897 }, "geometry": { "type": "Point", "coordinates": [ 6.597012, 49.05239 ] } },
{ "type": "Feature", "properties": { "id": 2898 }, "geometry": { "type": "Point", "coordinates": [ 7.089679, 48.756169 ] } },
{ "type": "Feature", "properties": { "id": 2899 }, "geometry": { "type": "Point", "coordinates": [ 6.579454, 49.22994 ] } },
{ "type": "Feature", "properties": { "id": 2900 }, "geometry": { "type": "Point", "coordinates": [ 6.30829, 49.002667 ] } },
{ "type": "Feature", "properties": { "id": 2901 }, "geometry": { "type": "Point", "coordinates": [ 6.116797, 48.72415 ] } },
{ "type": "Feature", "properties": { "id": 2902 }, "geometry": { "type": "Point", "coordinates": [ 6.754492, 49.052673 ] } },
{ "type": "Feature", "properties": { "id": 2903 }, "geometry": { "type": "Point", "coordinates": [ 6.543148, 48.916508 ] } },
{ "type": "Feature", "properties": { "id": 2904 }, "geometry": { "type": "Point", "coordinates": [ 6.114627, 48.925078 ] } },
{ "type": "Feature", "properties": { "id": 2905 }, "geometry": { "type": "Point", "coordinates": [ 7.009784, 49.198249 ] } },
{ "type": "Feature", "properties": { "id": 2906 }, "geometry": { "type": "Point", "coordinates": [ 7.031715, 49.104832 ] } },
{ "type": "Feature", "properties": { "id": 2907 }, "geometry": { "type": "Point", "coordinates": [ 7.309447, 48.535533 ] } },
{ "type": "Feature", "properties": { "id": 2908 }, "geometry": { "type": "Point", "coordinates": [ 6.379426, 49.031442 ] } },
{ "type": "Feature", "properties": { "id": 2909 }, "geometry": { "type": "Point", "coordinates": [ 6.73363, 49.233899 ] } },
{ "type": "Feature", "properties": { "id": 2910 }, "geometry": { "type": "Point", "coordinates": [ 6.917041, 49.26618 ] } },
{ "type": "Feature", "properties": { "id": 2911 }, "geometry": { "type": "Point", "coordinates": [ 7.321743, 49.031489 ] } },
{ "type": "Feature", "properties": { "id": 2912 }, "geometry": { "type": "Point", "coordinates": [ 7.109618, 49.05938 ] } },
{ "type": "Feature", "properties": { "id": 2913 }, "geometry": { "type": "Point", "coordinates": [ 6.983643, 49.250306 ] } },
{ "type": "Feature", "properties": { "id": 2914 }, "geometry": { "type": "Point", "coordinates": [ 6.512013, 49.284919 ] } },
{ "type": "Feature", "properties": { "id": 2915 }, "geometry": { "type": "Point", "coordinates": [ 6.728097, 48.945443 ] } },
{ "type": "Feature", "properties": { "id": 2916 }, "geometry": { "type": "Point", "coordinates": [ 7.019862, 49.248616 ] } },
{ "type": "Feature", "properties": { "id": 2917 }, "geometry": { "type": "Point", "coordinates": [ 6.459159, 48.530011 ] } },
{ "type": "Feature", "properties": { "id": 2918 }, "geometry": { "type": "Point", "coordinates": [ 7.115616, 49.322719 ] } },
{ "type": "Feature", "properties": { "id": 2919 }, "geometry": { "type": "Point", "coordinates": [ 5.905901, 48.510281 ] } },
{ "type": "Feature", "properties": { "id": 2920 }, "geometry": { "type": "Point", "coordinates": [ 6.897199, 48.504794 ] } },
{ "type": "Feature", "properties": { "id": 2921 }, "geometry": { "type": "Point", "coordinates": [ 6.349254, 48.973141 ] } },
{ "type": "Feature", "properties": { "id": 2922 }, "geometry": { "type": "Point", "coordinates": [ 6.393624, 48.884708 ] } },
{ "type": "Feature", "properties": { "id": 2923 }, "geometry": { "type": "Point", "coordinates": [ 6.704709, 49.05772 ] } },
{ "type": "Feature", "properties": { "id": 2924 }, "geometry": { "type": "Point", "coordinates": [ 6.202876, 49.145463 ] } },
{ "type": "Feature", "properties": { "id": 2925 }, "geometry": { "type": "Point", "coordinates": [ 5.980786, 49.192875 ] } },
{ "type": "Feature", "properties": { "id": 2926 }, "geometry": { "type": "Point", "coordinates": [ 6.645475, 49.2786 ] } },
{ "type": "Feature", "properties": { "id": 2927 }, "geometry": { "type": "Point", "coordinates": [ 6.360173, 49.099162 ] } },
{ "type": "Feature", "properties": { "id": 2928 }, "geometry": { "type": "Point", "coordinates": [ 7.02665, 49.123856 ] } },
{ "type": "Feature", "properties": { "id": 2929 }, "geometry": { "type": "Point", "coordinates": [ 6.394751, 48.619654 ] } },
{ "type": "Feature", "properties": { "id": 2930 }, "geometry": { "type": "Point", "coordinates": [ 6.214854, 49.199126 ] } },
{ "type": "Feature", "properties": { "id": 2931 }, "geometry": { "type": "Point", "coordinates": [ 5.780597, 48.840669 ] } },
{ "type": "Feature", "properties": { "id": 2932 }, "geometry": { "type": "Point", "coordinates": [ 7.015631, 48.638695 ] } },
{ "type": "Feature", "properties": { "id": 2933 }, "geometry": { "type": "Point", "coordinates": [ 7.195346, 48.615072 ] } },
{ "type": "Feature", "properties": { "id": 2934 }, "geometry": { "type": "Point", "coordinates": [ 6.401498, 48.956122 ] } },
{ "type": "Feature", "properties": { "id": 2935 }, "geometry": { "type": "Point", "coordinates": [ 6.750497, 48.654482 ] } },
{ "type": "Feature", "properties": { "id": 2936 }, "geometry": { "type": "Point", "coordinates": [ 5.928963, 49.283147 ] } },
{ "type": "Feature", "properties": { "id": 2937 }, "geometry": { "type": "Point", "coordinates": [ 5.902755, 49.09656 ] } },
{ "type": "Feature", "properties": { "id": 2938 }, "geometry": { "type": "Point", "coordinates": [ 5.934506, 48.774356 ] } },
{ "type": "Feature", "properties": { "id": 2939 }, "geometry": { "type": "Point", "coordinates": [ 6.7259, 48.781136 ] } },
{ "type": "Feature", "properties": { "id": 2940 }, "geometry": { "type": "Point", "coordinates": [ 6.418275, 49.096737 ] } },
{ "type": "Feature", "properties": { "id": 2941 }, "geometry": { "type": "Point", "coordinates": [ 6.766521, 49.229836 ] } },
{ "type": "Feature", "properties": { "id": 2942 }, "geometry": { "type": "Point", "coordinates": [ 6.839907, 49.148601 ] } },
{ "type": "Feature", "properties": { "id": 2943 }, "geometry": { "type": "Point", "coordinates": [ 5.77259, 48.86359 ] } },
{ "type": "Feature", "properties": { "id": 2944 }, "geometry": { "type": "Point", "coordinates": [ 6.283587, 49.126741 ] } },
{ "type": "Feature", "properties": { "id": 2945 }, "geometry": { "type": "Point", "coordinates": [ 6.464328, 49.10005 ] } },
{ "type": "Feature", "properties": { "id": 2946 }, "geometry": { "type": "Point", "coordinates": [ 6.509779, 49.374422 ] } },
{ "type": "Feature", "properties": { "id": 2947 }, "geometry": { "type": "Point", "coordinates": [ 6.778154, 48.805398 ] } },
{ "type": "Feature", "properties": { "id": 2948 }, "geometry": { "type": "Point", "coordinates": [ 6.488467, 48.866376 ] } },
{ "type": "Feature", "properties": { "id": 2949 }, "geometry": { "type": "Point", "coordinates": [ 5.86665, 48.685299 ] } },
{ "type": "Feature", "properties": { "id": 2950 }, "geometry": { "type": "Point", "coordinates": [ 7.057053, 48.558362 ] } },
{ "type": "Feature", "properties": { "id": 2951 }, "geometry": { "type": "Point", "coordinates": [ 6.240243, 49.310957 ] } },
{ "type": "Feature", "properties": { "id": 2952 }, "geometry": { "type": "Point", "coordinates": [ 6.561392, 48.73217 ] } },
{ "type": "Feature", "properties": { "id": 2953 }, "geometry": { "type": "Point", "coordinates": [ 6.414146, 49.09972 ] } },
{ "type": "Feature", "properties": { "id": 2954 }, "geometry": { "type": "Point", "coordinates": [ 5.852755, 48.50321 ] } },
{ "type": "Feature", "properties": { "id": 2955 }, "geometry": { "type": "Point", "coordinates": [ 6.605154, 49.103328 ] } },
{ "type": "Feature", "properties": { "id": 2956 }, "geometry": { "type": "Point", "coordinates": [ 6.935152, 49.141292 ] } },
{ "type": "Feature", "properties": { "id": 2957 }, "geometry": { "type": "Point", "coordinates": [ 6.764656, 48.710188 ] } },
{ "type": "Feature", "properties": { "id": 2958 }, "geometry": { "type": "Point", "coordinates": [ 7.039957, 48.828257 ] } },
{ "type": "Feature", "properties": { "id": 2959 }, "geometry": { "type": "Point", "coordinates": [ 7.334598, 48.898923 ] } },
{ "type": "Feature", "properties": { "id": 2960 }, "geometry": { "type": "Point", "coordinates": [ 6.388512, 48.759287 ] } },
{ "type": "Feature", "properties": { "id": 2961 }, "geometry": { "type": "Point", "coordinates": [ 5.858281, 49.341275 ] } },
{ "type": "Feature", "properties": { "id": 2962 }, "geometry": { "type": "Point", "coordinates": [ 7.333969, 49.042572 ] } },
{ "type": "Feature", "properties": { "id": 2963 }, "geometry": { "type": "Point", "coordinates": [ 6.088933, 49.380504 ] } },
{ "type": "Feature", "properties": { "id": 2964 }, "geometry": { "type": "Point", "coordinates": [ 6.571849, 48.621612 ] } },
{ "type": "Feature", "properties": { "id": 2965 }, "geometry": { "type": "Point", "coordinates": [ 6.447956, 48.749052 ] } },
{ "type": "Feature", "properties": { "id": 2966 }, "geometry": { "type": "Point", "coordinates": [ 6.088863, 49.286893 ] } },
{ "type": "Feature", "properties": { "id": 2967 }, "geometry": { "type": "Point", "coordinates": [ 6.673008, 48.776594 ] } },
{ "type": "Feature", "properties": { "id": 2968 }, "geometry": { "type": "Point", "coordinates": [ 6.768006, 49.072156 ] } },
{ "type": "Feature", "properties": { "id": 2969 }, "geometry": { "type": "Point", "coordinates": [ 6.916064, 49.229771 ] } },
{ "type": "Feature", "properties": { "id": 2970 }, "geometry": { "type": "Point", "coordinates": [ 6.725585, 48.676817 ] } },
{ "type": "Feature", "properties": { "id": 2971 }, "geometry": { "type": "Point", "coordinates": [ 6.045043, 48.681028 ] } },
{ "type": "Feature", "properties": { "id": 2972 }, "geometry": { "type": "Point", "coordinates": [ 5.789455, 49.067334 ] } },
{ "type": "Feature", "properties": { "id": 2973 }, "geometry": { "type": "Point", "coordinates": [ 5.779383, 48.607821 ] } },
{ "type": "Feature", "properties": { "id": 2974 }, "geometry": { "type": "Point", "coordinates": [ 6.003904, 48.974727 ] } },
{ "type": "Feature", "properties": { "id": 2975 }, "geometry": { "type": "Point", "coordinates": [ 5.986181, 48.928285 ] } },
{ "type": "Feature", "properties": { "id": 2976 }, "geometry": { "type": "Point", "coordinates": [ 6.638356, 48.800956 ] } },
{ "type": "Feature", "properties": { "id": 2977 }, "geometry": { "type": "Point", "coordinates": [ 5.891835, 48.883729 ] } },
{ "type": "Feature", "properties": { "id": 2978 }, "geometry": { "type": "Point", "coordinates": [ 6.788595, 48.80063 ] } },
{ "type": "Feature", "properties": { "id": 2979 }, "geometry": { "type": "Point", "coordinates": [ 6.468185, 49.221166 ] } },
{ "type": "Feature", "properties": { "id": 2980 }, "geometry": { "type": "Point", "coordinates": [ 6.358997, 49.059883 ] } },
{ "type": "Feature", "properties": { "id": 2981 }, "geometry": { "type": "Point", "coordinates": [ 7.282624, 48.517382 ] } },
{ "type": "Feature", "properties": { "id": 2982 }, "geometry": { "type": "Point", "coordinates": [ 7.076221, 49.309622 ] } },
{ "type": "Feature", "properties": { "id": 2983 }, "geometry": { "type": "Point", "coordinates": [ 6.692855, 49.250835 ] } },
{ "type": "Feature", "properties": { "id": 2984 }, "geometry": { "type": "Point", "coordinates": [ 6.069864, 48.737705 ] } },
{ "type": "Feature", "properties": { "id": 2985 }, "geometry": { "type": "Point", "coordinates": [ 7.323873, 48.659932 ] } },
{ "type": "Feature", "properties": { "id": 2986 }, "geometry": { "type": "Point", "coordinates": [ 7.102443, 48.629436 ] } },
{ "type": "Feature", "properties": { "id": 2987 }, "geometry": { "type": "Point", "coordinates": [ 7.090904, 48.754441 ] } },
{ "type": "Feature", "properties": { "id": 2988 }, "geometry": { "type": "Point", "coordinates": [ 6.595704, 48.768481 ] } },
{ "type": "Feature", "properties": { "id": 2989 }, "geometry": { "type": "Point", "coordinates": [ 6.784337, 48.65699 ] } },
{ "type": "Feature", "properties": { "id": 2990 }, "geometry": { "type": "Point", "coordinates": [ 6.389006, 48.776833 ] } },
{ "type": "Feature", "properties": { "id": 2991 }, "geometry": { "type": "Point", "coordinates": [ 6.750147, 48.745445 ] } },
{ "type": "Feature", "properties": { "id": 2992 }, "geometry": { "type": "Point", "coordinates": [ 5.937531, 49.372156 ] } },
{ "type": "Feature", "properties": { "id": 2993 }, "geometry": { "type": "Point", "coordinates": [ 7.138517, 48.587264 ] } },
{ "type": "Feature", "properties": { "id": 2994 }, "geometry": { "type": "Point", "coordinates": [ 6.992251, 48.629612 ] } },
{ "type": "Feature", "properties": { "id": 2995 }, "geometry": { "type": "Point", "coordinates": [ 7.00756, 49.29659 ] } },
{ "type": "Feature", "properties": { "id": 2996 }, "geometry": { "type": "Point", "coordinates": [ 6.392482, 48.550594 ] } },
{ "type": "Feature", "properties": { "id": 2997 }, "geometry": { "type": "Point", "coordinates": [ 5.756146, 49.100701 ] } },
{ "type": "Feature", "properties": { "id": 2998 }, "geometry": { "type": "Point", "coordinates": [ 6.149609, 48.712283 ] } },
{ "type": "Feature", "properties": { "id": 2999 }, "geometry": { "type": "Point", "coordinates": [ 6.89621, 49.085304 ] } },
{ "type": "Feature", "properties": { "id": 3000 }, "geometry": { "type": "Point", "coordinates": [ 6.17372, 48.794202 ] } },
{ "type": "Feature", "properties": { "id": 3001 }, "geometry": { "type": "Point", "coordinates": [ 5.921889, 49.367903 ] } },
{ "type": "Feature", "properties": { "id": 3002 }, "geometry": { "type": "Point", "coordinates": [ 6.12476, 49.263198 ] } },
{ "type": "Feature", "properties": { "id": 3003 }, "geometry": { "type": "Point", "coordinates": [ 7.011747, 49.167226 ] } },
{ "type": "Feature", "properties": { "id": 3004 }, "geometry": { "type": "Point", "coordinates": [ 6.291863, 49.258366 ] } },
{ "type": "Feature", "properties": { "id": 3005 }, "geometry": { "type": "Point", "coordinates": [ 7.03386, 48.992995 ] } },
{ "type": "Feature", "properties": { "id": 3006 }, "geometry": { "type": "Point", "coordinates": [ 7.068621, 48.911874 ] } },
{ "type": "Feature", "properties": { "id": 3007 }, "geometry": { "type": "Point", "coordinates": [ 6.56417, 48.617686 ] } },
{ "type": "Feature", "properties": { "id": 3008 }, "geometry": { "type": "Point", "coordinates": [ 6.828119, 48.926169 ] } },
{ "type": "Feature", "properties": { "id": 3009 }, "geometry": { "type": "Point", "coordinates": [ 7.206652, 49.071114 ] } },
{ "type": "Feature", "properties": { "id": 3010 }, "geometry": { "type": "Point", "coordinates": [ 5.842478, 48.676149 ] } },
{ "type": "Feature", "properties": { "id": 3011 }, "geometry": { "type": "Point", "coordinates": [ 6.369897, 48.673828 ] } },
{ "type": "Feature", "properties": { "id": 3012 }, "geometry": { "type": "Point", "coordinates": [ 7.029421, 48.995391 ] } },
{ "type": "Feature", "properties": { "id": 3013 }, "geometry": { "type": "Point", "coordinates": [ 6.124691, 49.20732 ] } },
{ "type": "Feature", "properties": { "id": 3014 }, "geometry": { "type": "Point", "coordinates": [ 6.209771, 48.808019 ] } },
{ "type": "Feature", "properties": { "id": 3015 }, "geometry": { "type": "Point", "coordinates": [ 6.423978, 49.28283 ] } },
{ "type": "Feature", "properties": { "id": 3016 }, "geometry": { "type": "Point", "coordinates": [ 6.553497, 48.812946 ] } },
{ "type": "Feature", "properties": { "id": 3017 }, "geometry": { "type": "Point", "coordinates": [ 7.00509, 49.327895 ] } },
{ "type": "Feature", "properties": { "id": 3018 }, "geometry": { "type": "Point", "coordinates": [ 6.729962, 48.662193 ] } },
{ "type": "Feature", "properties": { "id": 3019 }, "geometry": { "type": "Point", "coordinates": [ 6.754777, 48.605111 ] } },
{ "type": "Feature", "properties": { "id": 3020 }, "geometry": { "type": "Point", "coordinates": [ 6.274643, 49.072034 ] } },
{ "type": "Feature", "properties": { "id": 3021 }, "geometry": { "type": "Point", "coordinates": [ 7.326507, 48.8844 ] } },
{ "type": "Feature", "properties": { "id": 3022 }, "geometry": { "type": "Point", "coordinates": [ 6.389837, 49.157323 ] } },
{ "type": "Feature", "properties": { "id": 3023 }, "geometry": { "type": "Point", "coordinates": [ 6.524387, 48.676541 ] } },
{ "type": "Feature", "properties": { "id": 3024 }, "geometry": { "type": "Point", "coordinates": [ 6.216464, 49.055832 ] } },
{ "type": "Feature", "properties": { "id": 3025 }, "geometry": { "type": "Point", "coordinates": [ 6.430061, 48.700597 ] } },
{ "type": "Feature", "properties": { "id": 3026 }, "geometry": { "type": "Point", "coordinates": [ 6.377736, 48.881866 ] } },
{ "type": "Feature", "properties": { "id": 3027 }, "geometry": { "type": "Point", "coordinates": [ 6.833375, 49.310406 ] } },
{ "type": "Feature", "properties": { "id": 3028 }, "geometry": { "type": "Point", "coordinates": [ 6.32483, 49.399797 ] } },
{ "type": "Feature", "properties": { "id": 3029 }, "geometry": { "type": "Point", "coordinates": [ 6.746182, 49.033852 ] } },
{ "type": "Feature", "properties": { "id": 3030 }, "geometry": { "type": "Point", "coordinates": [ 6.062998, 48.662545 ] } },
{ "type": "Feature", "properties": { "id": 3031 }, "geometry": { "type": "Point", "coordinates": [ 6.748546, 48.780529 ] } },
{ "type": "Feature", "properties": { "id": 3032 }, "geometry": { "type": "Point", "coordinates": [ 6.328197, 49.301137 ] } },
{ "type": "Feature", "properties": { "id": 3033 }, "geometry": { "type": "Point", "coordinates": [ 6.93076, 48.914947 ] } },
{ "type": "Feature", "properties": { "id": 3034 }, "geometry": { "type": "Point", "coordinates": [ 7.160422, 48.548971 ] } },
{ "type": "Feature", "properties": { "id": 3035 }, "geometry": { "type": "Point", "coordinates": [ 5.866026, 48.945573 ] } },
{ "type": "Feature", "properties": { "id": 3036 }, "geometry": { "type": "Point", "coordinates": [ 6.605106, 48.777198 ] } },
{ "type": "Feature", "properties": { "id": 3037 }, "geometry": { "type": "Point", "coordinates": [ 6.748055, 49.056853 ] } },
{ "type": "Feature", "properties": { "id": 3038 }, "geometry": { "type": "Point", "coordinates": [ 6.244913, 49.221771 ] } },
{ "type": "Feature", "properties": { "id": 3039 }, "geometry": { "type": "Point", "coordinates": [ 6.52753, 49.255901 ] } },
{ "type": "Feature", "properties": { "id": 3040 }, "geometry": { "type": "Point", "coordinates": [ 6.182845, 49.064233 ] } },
{ "type": "Feature", "properties": { "id": 3041 }, "geometry": { "type": "Point", "coordinates": [ 6.221223, 49.118842 ] } },
{ "type": "Feature", "properties": { "id": 3042 }, "geometry": { "type": "Point", "coordinates": [ 7.236592, 49.088566 ] } },
{ "type": "Feature", "properties": { "id": 3043 }, "geometry": { "type": "Point", "coordinates": [ 6.678856, 49.134842 ] } },
{ "type": "Feature", "properties": { "id": 3044 }, "geometry": { "type": "Point", "coordinates": [ 6.27812, 49.057224 ] } },
{ "type": "Feature", "properties": { "id": 3045 }, "geometry": { "type": "Point", "coordinates": [ 6.279976, 48.915466 ] } },
{ "type": "Feature", "properties": { "id": 3046 }, "geometry": { "type": "Point", "coordinates": [ 6.389696, 49.128821 ] } },
{ "type": "Feature", "properties": { "id": 3047 }, "geometry": { "type": "Point", "coordinates": [ 5.95787, 49.29297 ] } },
{ "type": "Feature", "properties": { "id": 3048 }, "geometry": { "type": "Point", "coordinates": [ 5.826889, 48.861581 ] } },
{ "type": "Feature", "properties": { "id": 3049 }, "geometry": { "type": "Point", "coordinates": [ 6.351199, 49.092727 ] } },
{ "type": "Feature", "properties": { "id": 3050 }, "geometry": { "type": "Point", "coordinates": [ 5.8393, 48.818269 ] } },
{ "type": "Feature", "properties": { "id": 3051 }, "geometry": { "type": "Point", "coordinates": [ 6.891505, 48.645742 ] } },
{ "type": "Feature", "properties": { "id": 3052 }, "geometry": { "type": "Point", "coordinates": [ 6.789751, 48.703768 ] } },
{ "type": "Feature", "properties": { "id": 3053 }, "geometry": { "type": "Point", "coordinates": [ 6.557024, 49.028925 ] } },
{ "type": "Feature", "properties": { "id": 3054 }, "geometry": { "type": "Point", "coordinates": [ 6.918608, 49.335409 ] } },
{ "type": "Feature", "properties": { "id": 3055 }, "geometry": { "type": "Point", "coordinates": [ 6.338482, 49.292887 ] } },
{ "type": "Feature", "properties": { "id": 3056 }, "geometry": { "type": "Point", "coordinates": [ 6.721977, 49.399057 ] } },
{ "type": "Feature", "properties": { "id": 3057 }, "geometry": { "type": "Point", "coordinates": [ 6.007431, 49.280269 ] } },
{ "type": "Feature", "properties": { "id": 3058 }, "geometry": { "type": "Point", "coordinates": [ 7.22288, 48.820794 ] } },
{ "type": "Feature", "properties": { "id": 3059 }, "geometry": { "type": "Point", "coordinates": [ 7.192487, 49.04065 ] } },
{ "type": "Feature", "properties": { "id": 3060 }, "geometry": { "type": "Point", "coordinates": [ 7.15845, 49.289367 ] } },
{ "type": "Feature", "properties": { "id": 3061 }, "geometry": { "type": "Point", "coordinates": [ 5.89623, 49.242935 ] } },
{ "type": "Feature", "properties": { "id": 3062 }, "geometry": { "type": "Point", "coordinates": [ 6.406897, 48.630873 ] } },
{ "type": "Feature", "properties": { "id": 3063 }, "geometry": { "type": "Point", "coordinates": [ 6.604381, 48.632041 ] } },
{ "type": "Feature", "properties": { "id": 3064 }, "geometry": { "type": "Point", "coordinates": [ 5.876811, 49.296619 ] } },
{ "type": "Feature", "properties": { "id": 3065 }, "geometry": { "type": "Point", "coordinates": [ 7.224719, 48.813188 ] } },
{ "type": "Feature", "properties": { "id": 3066 }, "geometry": { "type": "Point", "coordinates": [ 5.850075, 48.934865 ] } },
{ "type": "Feature", "properties": { "id": 3067 }, "geometry": { "type": "Point", "coordinates": [ 6.684668, 48.965588 ] } },
{ "type": "Feature", "properties": { "id": 3068 }, "geometry": { "type": "Point", "coordinates": [ 7.185163, 48.924449 ] } },
{ "type": "Feature", "properties": { "id": 3069 }, "geometry": { "type": "Point", "coordinates": [ 6.678561, 49.183861 ] } },
{ "type": "Feature", "properties": { "id": 3070 }, "geometry": { "type": "Point", "coordinates": [ 6.068195, 48.737864 ] } },
{ "type": "Feature", "properties": { "id": 3071 }, "geometry": { "type": "Point", "coordinates": [ 6.535839, 48.786069 ] } },
{ "type": "Feature", "properties": { "id": 3072 }, "geometry": { "type": "Point", "coordinates": [ 6.426512, 48.594402 ] } },
{ "type": "Feature", "properties": { "id": 3073 }, "geometry": { "type": "Point", "coordinates": [ 6.096077, 48.881861 ] } },
{ "type": "Feature", "properties": { "id": 3074 }, "geometry": { "type": "Point", "coordinates": [ 6.870194, 48.620749 ] } },
{ "type": "Feature", "properties": { "id": 3075 }, "geometry": { "type": "Point", "coordinates": [ 5.795745, 49.004252 ] } },
{ "type": "Feature", "properties": { "id": 3076 }, "geometry": { "type": "Point", "coordinates": [ 5.876767, 49.138385 ] } },
{ "type": "Feature", "properties": { "id": 3077 }, "geometry": { "type": "Point", "coordinates": [ 5.895367, 49.130263 ] } },
{ "type": "Feature", "properties": { "id": 3078 }, "geometry": { "type": "Point", "coordinates": [ 6.771664, 49.331428 ] } },
{ "type": "Feature", "properties": { "id": 3079 }, "geometry": { "type": "Point", "coordinates": [ 7.048875, 49.093454 ] } },
{ "type": "Feature", "properties": { "id": 3080 }, "geometry": { "type": "Point", "coordinates": [ 6.193689, 49.107501 ] } },
{ "type": "Feature", "properties": { "id": 3081 }, "geometry": { "type": "Point", "coordinates": [ 6.761723, 49.186447 ] } },
{ "type": "Feature", "properties": { "id": 3082 }, "geometry": { "type": "Point", "coordinates": [ 6.324067, 48.615882 ] } },
{ "type": "Feature", "properties": { "id": 3083 }, "geometry": { "type": "Point", "coordinates": [ 6.54102, 49.110866 ] } },
{ "type": "Feature", "properties": { "id": 3084 }, "geometry": { "type": "Point", "coordinates": [ 6.975399, 49.064589 ] } },
{ "type": "Feature", "properties": { "id": 3085 }, "geometry": { "type": "Point", "coordinates": [ 6.240884, 48.532764 ] } },
{ "type": "Feature", "properties": { "id": 3086 }, "geometry": { "type": "Point", "coordinates": [ 6.24641, 48.5658 ] } },
{ "type": "Feature", "properties": { "id": 3087 }, "geometry": { "type": "Point", "coordinates": [ 6.145367, 48.770541 ] } },
{ "type": "Feature", "properties": { "id": 3088 }, "geometry": { "type": "Point", "coordinates": [ 7.096414, 48.525116 ] } },
{ "type": "Feature", "properties": { "id": 3089 }, "geometry": { "type": "Point", "coordinates": [ 6.509753, 49.055077 ] } },
{ "type": "Feature", "properties": { "id": 3090 }, "geometry": { "type": "Point", "coordinates": [ 5.9325, 48.881224 ] } },
{ "type": "Feature", "properties": { "id": 3091 }, "geometry": { "type": "Point", "coordinates": [ 7.262145, 48.80817 ] } },
{ "type": "Feature", "properties": { "id": 3092 }, "geometry": { "type": "Point", "coordinates": [ 6.762379, 48.592783 ] } },
{ "type": "Feature", "properties": { "id": 3093 }, "geometry": { "type": "Point", "coordinates": [ 6.015995, 49.005748 ] } },
{ "type": "Feature", "properties": { "id": 3094 }, "geometry": { "type": "Point", "coordinates": [ 7.079415, 48.683369 ] } },
{ "type": "Feature", "properties": { "id": 3095 }, "geometry": { "type": "Point", "coordinates": [ 6.56438, 48.948235 ] } },
{ "type": "Feature", "properties": { "id": 3096 }, "geometry": { "type": "Point", "coordinates": [ 6.56054, 48.954975 ] } },
{ "type": "Feature", "properties": { "id": 3097 }, "geometry": { "type": "Point", "coordinates": [ 5.984718, 48.989701 ] } },
{ "type": "Feature", "properties": { "id": 3098 }, "geometry": { "type": "Point", "coordinates": [ 6.323698, 48.697111 ] } },
{ "type": "Feature", "properties": { "id": 3099 }, "geometry": { "type": "Point", "coordinates": [ 6.821947, 48.899453 ] } },
{ "type": "Feature", "properties": { "id": 3100 }, "geometry": { "type": "Point", "coordinates": [ 6.636491, 49.116111 ] } },
{ "type": "Feature", "properties": { "id": 3101 }, "geometry": { "type": "Point", "coordinates": [ 6.208229, 49.186703 ] } },
{ "type": "Feature", "properties": { "id": 3102 }, "geometry": { "type": "Point", "coordinates": [ 6.60745, 49.037651 ] } },
{ "type": "Feature", "properties": { "id": 3103 }, "geometry": { "type": "Point", "coordinates": [ 7.151286, 49.371681 ] } },
{ "type": "Feature", "properties": { "id": 3104 }, "geometry": { "type": "Point", "coordinates": [ 6.145923, 48.543296 ] } },
{ "type": "Feature", "properties": { "id": 3105 }, "geometry": { "type": "Point", "coordinates": [ 7.234327, 48.643071 ] } },
{ "type": "Feature", "properties": { "id": 3106 }, "geometry": { "type": "Point", "coordinates": [ 6.227511, 48.678422 ] } },
{ "type": "Feature", "properties": { "id": 3107 }, "geometry": { "type": "Point", "coordinates": [ 6.368749, 48.950876 ] } },
{ "type": "Feature", "properties": { "id": 3108 }, "geometry": { "type": "Point", "coordinates": [ 7.293734, 48.694561 ] } },
{ "type": "Feature", "properties": { "id": 3109 }, "geometry": { "type": "Point", "coordinates": [ 6.074652, 49.081911 ] } },
{ "type": "Feature", "properties": { "id": 3110 }, "geometry": { "type": "Point", "coordinates": [ 6.860146, 49.084257 ] } },
{ "type": "Feature", "properties": { "id": 3111 }, "geometry": { "type": "Point", "coordinates": [ 7.225792, 48.610551 ] } },
{ "type": "Feature", "properties": { "id": 3112 }, "geometry": { "type": "Point", "coordinates": [ 6.383755, 49.145419 ] } },
{ "type": "Feature", "properties": { "id": 3113 }, "geometry": { "type": "Point", "coordinates": [ 7.178219, 48.530095 ] } },
{ "type": "Feature", "properties": { "id": 3114 }, "geometry": { "type": "Point", "coordinates": [ 5.971226, 48.522958 ] } },
{ "type": "Feature", "properties": { "id": 3115 }, "geometry": { "type": "Point", "coordinates": [ 7.094391, 48.88845 ] } },
{ "type": "Feature", "properties": { "id": 3116 }, "geometry": { "type": "Point", "coordinates": [ 6.690679, 49.156965 ] } },
{ "type": "Feature", "properties": { "id": 3117 }, "geometry": { "type": "Point", "coordinates": [ 6.377728, 48.814202 ] } },
{ "type": "Feature", "properties": { "id": 3118 }, "geometry": { "type": "Point", "coordinates": [ 6.506811, 48.73645 ] } },
{ "type": "Feature", "properties": { "id": 3119 }, "geometry": { "type": "Point", "coordinates": [ 6.296877, 48.935441 ] } },
{ "type": "Feature", "properties": { "id": 3120 }, "geometry": { "type": "Point", "coordinates": [ 6.959643, 49.029126 ] } },
{ "type": "Feature", "properties": { "id": 3121 }, "geometry": { "type": "Point", "coordinates": [ 6.16268, 48.909692 ] } },
{ "type": "Feature", "properties": { "id": 3122 }, "geometry": { "type": "Point", "coordinates": [ 7.242862, 48.697382 ] } },
{ "type": "Feature", "properties": { "id": 3123 }, "geometry": { "type": "Point", "coordinates": [ 7.236246, 48.697444 ] } },
{ "type": "Feature", "properties": { "id": 3124 }, "geometry": { "type": "Point", "coordinates": [ 7.136247, 49.081215 ] } },
{ "type": "Feature", "properties": { "id": 3125 }, "geometry": { "type": "Point", "coordinates": [ 6.521716, 49.168742 ] } },
{ "type": "Feature", "properties": { "id": 3126 }, "geometry": { "type": "Point", "coordinates": [ 6.700085, 49.035812 ] } },
{ "type": "Feature", "properties": { "id": 3127 }, "geometry": { "type": "Point", "coordinates": [ 6.403571, 49.265228 ] } },
{ "type": "Feature", "properties": { "id": 3128 }, "geometry": { "type": "Point", "coordinates": [ 5.888994, 48.904444 ] } },
{ "type": "Feature", "properties": { "id": 3129 }, "geometry": { "type": "Point", "coordinates": [ 6.807477, 48.584303 ] } },
{ "type": "Feature", "properties": { "id": 3130 }, "geometry": { "type": "Point", "coordinates": [ 7.180067, 48.897236 ] } },
{ "type": "Feature", "properties": { "id": 3131 }, "geometry": { "type": "Point", "coordinates": [ 7.153233, 49.118371 ] } },
{ "type": "Feature", "properties": { "id": 3132 }, "geometry": { "type": "Point", "coordinates": [ 6.210994, 49.28881 ] } },
{ "type": "Feature", "properties": { "id": 3133 }, "geometry": { "type": "Point", "coordinates": [ 6.704635, 49.29371 ] } },
{ "type": "Feature", "properties": { "id": 3134 }, "geometry": { "type": "Point", "coordinates": [ 6.356541, 48.767085 ] } },
{ "type": "Feature", "properties": { "id": 3135 }, "geometry": { "type": "Point", "coordinates": [ 5.93682, 49.149113 ] } },
{ "type": "Feature", "properties": { "id": 3136 }, "geometry": { "type": "Point", "coordinates": [ 6.277092, 48.678049 ] } },
{ "type": "Feature", "properties": { "id": 3137 }, "geometry": { "type": "Point", "coordinates": [ 7.268373, 48.849559 ] } },
{ "type": "Feature", "properties": { "id": 3138 }, "geometry": { "type": "Point", "coordinates": [ 5.806018, 48.960251 ] } },
{ "type": "Feature", "properties": { "id": 3139 }, "geometry": { "type": "Point", "coordinates": [ 6.260045, 48.662744 ] } },
{ "type": "Feature", "properties": { "id": 3140 }, "geometry": { "type": "Point", "coordinates": [ 5.870424, 49.267998 ] } },
{ "type": "Feature", "properties": { "id": 3141 }, "geometry": { "type": "Point", "coordinates": [ 6.519366, 48.696559 ] } },
{ "type": "Feature", "properties": { "id": 3142 }, "geometry": { "type": "Point", "coordinates": [ 7.079715, 49.291459 ] } },
{ "type": "Feature", "properties": { "id": 3143 }, "geometry": { "type": "Point", "coordinates": [ 6.05795, 48.90489 ] } },
{ "type": "Feature", "properties": { "id": 3144 }, "geometry": { "type": "Point", "coordinates": [ 6.189128, 49.243141 ] } },
{ "type": "Feature", "properties": { "id": 3145 }, "geometry": { "type": "Point", "coordinates": [ 6.460929, 49.241864 ] } },
{ "type": "Feature", "properties": { "id": 3146 }, "geometry": { "type": "Point", "coordinates": [ 5.772528, 49.2481 ] } },
{ "type": "Feature", "properties": { "id": 3147 }, "geometry": { "type": "Point", "coordinates": [ 6.589335, 49.066657 ] } },
{ "type": "Feature", "properties": { "id": 3148 }, "geometry": { "type": "Point", "coordinates": [ 6.756908, 49.323188 ] } },
{ "type": "Feature", "properties": { "id": 3149 }, "geometry": { "type": "Point", "coordinates": [ 7.196745, 49.02727 ] } },
{ "type": "Feature", "properties": { "id": 3150 }, "geometry": { "type": "Point", "coordinates": [ 6.835201, 49.348886 ] } },
{ "type": "Feature", "properties": { "id": 3151 }, "geometry": { "type": "Point", "coordinates": [ 6.188719, 49.259423 ] } },
{ "type": "Feature", "properties": { "id": 3152 }, "geometry": { "type": "Point", "coordinates": [ 6.890454, 48.813018 ] } },
{ "type": "Feature", "properties": { "id": 3153 }, "geometry": { "type": "Point", "coordinates": [ 7.084033, 49.021461 ] } },
{ "type": "Feature", "properties": { "id": 3154 }, "geometry": { "type": "Point", "coordinates": [ 6.717429, 49.037674 ] } },
{ "type": "Feature", "properties": { "id": 3155 }, "geometry": { "type": "Point", "coordinates": [ 5.987206, 49.226239 ] } },
{ "type": "Feature", "properties": { "id": 3156 }, "geometry": { "type": "Point", "coordinates": [ 6.32432, 49.093127 ] } },
{ "type": "Feature", "properties": { "id": 3157 }, "geometry": { "type": "Point", "coordinates": [ 7.32777, 49.206065 ] } },
{ "type": "Feature", "properties": { "id": 3158 }, "geometry": { "type": "Point", "coordinates": [ 6.383491, 48.648304 ] } },
{ "type": "Feature", "properties": { "id": 3159 }, "geometry": { "type": "Point", "coordinates": [ 6.180005, 48.954877 ] } },
{ "type": "Feature", "properties": { "id": 3160 }, "geometry": { "type": "Point", "coordinates": [ 6.723563, 48.939587 ] } },
{ "type": "Feature", "properties": { "id": 3161 }, "geometry": { "type": "Point", "coordinates": [ 7.095508, 48.95219 ] } },
{ "type": "Feature", "properties": { "id": 3162 }, "geometry": { "type": "Point", "coordinates": [ 6.157965, 48.602105 ] } },
{ "type": "Feature", "properties": { "id": 3163 }, "geometry": { "type": "Point", "coordinates": [ 5.767305, 49.277299 ] } },
{ "type": "Feature", "properties": { "id": 3164 }, "geometry": { "type": "Point", "coordinates": [ 5.852243, 48.776136 ] } },
{ "type": "Feature", "properties": { "id": 3165 }, "geometry": { "type": "Point", "coordinates": [ 6.914617, 48.955474 ] } },
{ "type": "Feature", "properties": { "id": 3166 }, "geometry": { "type": "Point", "coordinates": [ 6.081347, 48.71743 ] } },
{ "type": "Feature", "properties": { "id": 3167 }, "geometry": { "type": "Point", "coordinates": [ 6.59342, 48.511497 ] } },
{ "type": "Feature", "properties": { "id": 3168 }, "geometry": { "type": "Point", "coordinates": [ 6.926715, 48.996129 ] } },
{ "type": "Feature", "properties": { "id": 3169 }, "geometry": { "type": "Point", "coordinates": [ 6.455036, 49.128239 ] } },
{ "type": "Feature", "properties": { "id": 3170 }, "geometry": { "type": "Point", "coordinates": [ 6.31224, 49.040358 ] } },
{ "type": "Feature", "properties": { "id": 3171 }, "geometry": { "type": "Point", "coordinates": [ 6.019759, 48.754008 ] } },
{ "type": "Feature", "properties": { "id": 3172 }, "geometry": { "type": "Point", "coordinates": [ 6.853124, 49.227651 ] } },
{ "type": "Feature", "properties": { "id": 3173 }, "geometry": { "type": "Point", "coordinates": [ 6.887703, 49.160999 ] } },
{ "type": "Feature", "properties": { "id": 3174 }, "geometry": { "type": "Point", "coordinates": [ 6.45325, 48.796473 ] } },
{ "type": "Feature", "properties": { "id": 3175 }, "geometry": { "type": "Point", "coordinates": [ 7.197386, 48.898304 ] } },
{ "type": "Feature", "properties": { "id": 3176 }, "geometry": { "type": "Point", "coordinates": [ 6.976728, 48.569575 ] } },
{ "type": "Feature", "properties": { "id": 3177 }, "geometry": { "type": "Point", "coordinates": [ 6.760941, 49.24617 ] } },
{ "type": "Feature", "properties": { "id": 3178 }, "geometry": { "type": "Point", "coordinates": [ 7.113124, 49.250021 ] } },
{ "type": "Feature", "properties": { "id": 3179 }, "geometry": { "type": "Point", "coordinates": [ 5.907897, 49.286674 ] } },
{ "type": "Feature", "properties": { "id": 3180 }, "geometry": { "type": "Point", "coordinates": [ 6.999125, 49.089317 ] } },
{ "type": "Feature", "properties": { "id": 3181 }, "geometry": { "type": "Point", "coordinates": [ 6.846205, 48.962601 ] } },
{ "type": "Feature", "properties": { "id": 3182 }, "geometry": { "type": "Point", "coordinates": [ 5.753661, 48.725041 ] } },
{ "type": "Feature", "properties": { "id": 3183 }, "geometry": { "type": "Point", "coordinates": [ 6.429964, 49.045589 ] } },
{ "type": "Feature", "properties": { "id": 3184 }, "geometry": { "type": "Point", "coordinates": [ 7.066648, 48.879782 ] } },
{ "type": "Feature", "properties": { "id": 3185 }, "geometry": { "type": "Point", "coordinates": [ 6.22175, 49.095231 ] } },
{ "type": "Feature", "properties": { "id": 3186 }, "geometry": { "type": "Point", "coordinates": [ 6.172836, 48.519313 ] } },
{ "type": "Feature", "properties": { "id": 3187 }, "geometry": { "type": "Point", "coordinates": [ 5.851979, 48.525742 ] } },
{ "type": "Feature", "properties": { "id": 3188 }, "geometry": { "type": "Point", "coordinates": [ 6.327291, 49.351046 ] } },
{ "type": "Feature", "properties": { "id": 3189 }, "geometry": { "type": "Point", "coordinates": [ 7.000362, 48.675336 ] } },
{ "type": "Feature", "properties": { "id": 3190 }, "geometry": { "type": "Point", "coordinates": [ 7.263149, 49.089098 ] } },
{ "type": "Feature", "properties": { "id": 3191 }, "geometry": { "type": "Point", "coordinates": [ 6.018055, 48.652499 ] } },
{ "type": "Feature", "properties": { "id": 3192 }, "geometry": { "type": "Point", "coordinates": [ 7.203346, 48.849904 ] } },
{ "type": "Feature", "properties": { "id": 3193 }, "geometry": { "type": "Point", "coordinates": [ 6.306291, 49.320084 ] } },
{ "type": "Feature", "properties": { "id": 3194 }, "geometry": { "type": "Point", "coordinates": [ 5.947084, 49.270005 ] } },
{ "type": "Feature", "properties": { "id": 3195 }, "geometry": { "type": "Point", "coordinates": [ 5.958186, 48.624489 ] } },
{ "type": "Feature", "properties": { "id": 3196 }, "geometry": { "type": "Point", "coordinates": [ 6.662171, 48.764341 ] } },
{ "type": "Feature", "properties": { "id": 3197 }, "geometry": { "type": "Point", "coordinates": [ 6.410591, 48.813861 ] } },
{ "type": "Feature", "properties": { "id": 3198 }, "geometry": { "type": "Point", "coordinates": [ 6.239583, 48.99686 ] } },
{ "type": "Feature", "properties": { "id": 3199 }, "geometry": { "type": "Point", "coordinates": [ 7.01496, 48.526969 ] } },
{ "type": "Feature", "properties": { "id": 3200 }, "geometry": { "type": "Point", "coordinates": [ 5.891155, 49.347249 ] } },
{ "type": "Feature", "properties": { "id": 3201 }, "geometry": { "type": "Point", "coordinates": [ 6.206727, 48.876553 ] } },
{ "type": "Feature", "properties": { "id": 3202 }, "geometry": { "type": "Point", "coordinates": [ 7.084896, 49.321562 ] } },
{ "type": "Feature", "properties": { "id": 3203 }, "geometry": { "type": "Point", "coordinates": [ 7.067972, 48.538255 ] } },
{ "type": "Feature", "properties": { "id": 3204 }, "geometry": { "type": "Point", "coordinates": [ 5.866893, 49.254509 ] } },
{ "type": "Feature", "properties": { "id": 3205 }, "geometry": { "type": "Point", "coordinates": [ 7.214342, 48.508834 ] } },
{ "type": "Feature", "properties": { "id": 3206 }, "geometry": { "type": "Point", "coordinates": [ 6.501062, 48.902525 ] } },
{ "type": "Feature", "properties": { "id": 3207 }, "geometry": { "type": "Point", "coordinates": [ 6.203718, 49.058519 ] } },
{ "type": "Feature", "properties": { "id": 3208 }, "geometry": { "type": "Point", "coordinates": [ 6.679068, 48.739185 ] } },
{ "type": "Feature", "properties": { "id": 3209 }, "geometry": { "type": "Point", "coordinates": [ 6.603521, 49.336546 ] } },
{ "type": "Feature", "properties": { "id": 3210 }, "geometry": { "type": "Point", "coordinates": [ 6.604641, 48.674825 ] } },
{ "type": "Feature", "properties": { "id": 3211 }, "geometry": { "type": "Point", "coordinates": [ 7.287248, 48.87772 ] } },
{ "type": "Feature", "properties": { "id": 3212 }, "geometry": { "type": "Point", "coordinates": [ 6.546448, 48.743137 ] } },
{ "type": "Feature", "properties": { "id": 3213 }, "geometry": { "type": "Point", "coordinates": [ 6.741458, 49.144287 ] } },
{ "type": "Feature", "properties": { "id": 3214 }, "geometry": { "type": "Point", "coordinates": [ 6.246198, 49.138766 ] } },
{ "type": "Feature", "properties": { "id": 3215 }, "geometry": { "type": "Point", "coordinates": [ 5.896318, 49.147771 ] } },
{ "type": "Feature", "properties": { "id": 3216 }, "geometry": { "type": "Point", "coordinates": [ 6.105967, 49.088691 ] } },
{ "type": "Feature", "properties": { "id": 3217 }, "geometry": { "type": "Point", "coordinates": [ 6.455792, 48.895637 ] } },
{ "type": "Feature", "properties": { "id": 3218 }, "geometry": { "type": "Point", "coordinates": [ 6.457004, 48.972571 ] } },
{ "type": "Feature", "properties": { "id": 3219 }, "geometry": { "type": "Point", "coordinates": [ 6.38755, 49.316581 ] } },
{ "type": "Feature", "properties": { "id": 3220 }, "geometry": { "type": "Point", "coordinates": [ 6.941002, 48.583765 ] } },
{ "type": "Feature", "properties": { "id": 3221 }, "geometry": { "type": "Point", "coordinates": [ 6.880166, 48.834628 ] } },
{ "type": "Feature", "properties": { "id": 3222 }, "geometry": { "type": "Point", "coordinates": [ 6.224924, 48.62838 ] } },
{ "type": "Feature", "properties": { "id": 3223 }, "geometry": { "type": "Point", "coordinates": [ 6.698939, 48.730832 ] } },
{ "type": "Feature", "properties": { "id": 3224 }, "geometry": { "type": "Point", "coordinates": [ 6.555913, 49.264336 ] } },
{ "type": "Feature", "properties": { "id": 3225 }, "geometry": { "type": "Point", "coordinates": [ 5.883748, 48.821665 ] } },
{ "type": "Feature", "properties": { "id": 3226 }, "geometry": { "type": "Point", "coordinates": [ 7.270575, 48.743786 ] } },
{ "type": "Feature", "properties": { "id": 3227 }, "geometry": { "type": "Point", "coordinates": [ 6.325446, 48.581974 ] } },
{ "type": "Feature", "properties": { "id": 3228 }, "geometry": { "type": "Point", "coordinates": [ 6.100545, 48.868812 ] } },
{ "type": "Feature", "properties": { "id": 3229 }, "geometry": { "type": "Point", "coordinates": [ 6.508861, 48.832389 ] } },
{ "type": "Feature", "properties": { "id": 3230 }, "geometry": { "type": "Point", "coordinates": [ 6.885621, 48.983494 ] } },
{ "type": "Feature", "properties": { "id": 3231 }, "geometry": { "type": "Point", "coordinates": [ 5.91898, 48.957251 ] } },
{ "type": "Feature", "properties": { "id": 3232 }, "geometry": { "type": "Point", "coordinates": [ 6.918621, 48.502494 ] } },
{ "type": "Feature", "properties": { "id": 3233 }, "geometry": { "type": "Point", "coordinates": [ 6.45453, 49.072961 ] } },
{ "type": "Feature", "properties": { "id": 3234 }, "geometry": { "type": "Point", "coordinates": [ 6.23025, 49.253099 ] } },
{ "type": "Feature", "properties": { "id": 3235 }, "geometry": { "type": "Point", "coordinates": [ 6.220187, 49.36977 ] } },
{ "type": "Feature", "properties": { "id": 3236 }, "geometry": { "type": "Point", "coordinates": [ 6.748661, 49.351862 ] } },
{ "type": "Feature", "properties": { "id": 3237 }, "geometry": { "type": "Point", "coordinates": [ 7.342982, 48.877425 ] } },
{ "type": "Feature", "properties": { "id": 3238 }, "geometry": { "type": "Point", "coordinates": [ 6.591367, 49.18118 ] } },
{ "type": "Feature", "properties": { "id": 3239 }, "geometry": { "type": "Point", "coordinates": [ 7.171801, 49.101158 ] } },
{ "type": "Feature", "properties": { "id": 3240 }, "geometry": { "type": "Point", "coordinates": [ 6.37918, 49.050198 ] } },
{ "type": "Feature", "properties": { "id": 3241 }, "geometry": { "type": "Point", "coordinates": [ 6.710558, 48.542782 ] } },
{ "type": "Feature", "properties": { "id": 3242 }, "geometry": { "type": "Point", "coordinates": [ 6.824918, 48.92196 ] } },
{ "type": "Feature", "properties": { "id": 3243 }, "geometry": { "type": "Point", "coordinates": [ 6.994948, 48.833427 ] } },
{ "type": "Feature", "properties": { "id": 3244 }, "geometry": { "type": "Point", "coordinates": [ 5.895685, 49.087704 ] } },
{ "type": "Feature", "properties": { "id": 3245 }, "geometry": { "type": "Point", "coordinates": [ 6.824193, 49.386596 ] } },
{ "type": "Feature", "properties": { "id": 3246 }, "geometry": { "type": "Point", "coordinates": [ 7.254738, 48.892481 ] } },
{ "type": "Feature", "properties": { "id": 3247 }, "geometry": { "type": "Point", "coordinates": [ 6.085066, 48.516938 ] } },
{ "type": "Feature", "properties": { "id": 3248 }, "geometry": { "type": "Point", "coordinates": [ 6.708886, 48.962624 ] } },
{ "type": "Feature", "properties": { "id": 3249 }, "geometry": { "type": "Point", "coordinates": [ 7.085512, 48.513533 ] } },
{ "type": "Feature", "properties": { "id": 3250 }, "geometry": { "type": "Point", "coordinates": [ 5.810537, 48.504577 ] } },
{ "type": "Feature", "properties": { "id": 3251 }, "geometry": { "type": "Point", "coordinates": [ 5.933234, 48.811576 ] } },
{ "type": "Feature", "properties": { "id": 3252 }, "geometry": { "type": "Point", "coordinates": [ 7.101066, 48.517916 ] } },
{ "type": "Feature", "properties": { "id": 3253 }, "geometry": { "type": "Point", "coordinates": [ 6.193731, 48.715072 ] } },
{ "type": "Feature", "properties": { "id": 3254 }, "geometry": { "type": "Point", "coordinates": [ 5.854456, 49.286317 ] } },
{ "type": "Feature", "properties": { "id": 3255 }, "geometry": { "type": "Point", "coordinates": [ 7.307073, 48.666245 ] } },
{ "type": "Feature", "properties": { "id": 3256 }, "geometry": { "type": "Point", "coordinates": [ 6.408162, 49.150049 ] } },
{ "type": "Feature", "properties": { "id": 3257 }, "geometry": { "type": "Point", "coordinates": [ 6.17275, 48.753673 ] } },
{ "type": "Feature", "properties": { "id": 3258 }, "geometry": { "type": "Point", "coordinates": [ 7.167661, 49.1845 ] } },
{ "type": "Feature", "properties": { "id": 3259 }, "geometry": { "type": "Point", "coordinates": [ 6.889747, 48.857781 ] } },
{ "type": "Feature", "properties": { "id": 3260 }, "geometry": { "type": "Point", "coordinates": [ 6.477967, 49.083864 ] } },
{ "type": "Feature", "properties": { "id": 3261 }, "geometry": { "type": "Point", "coordinates": [ 6.6971, 48.630523 ] } },
{ "type": "Feature", "properties": { "id": 3262 }, "geometry": { "type": "Point", "coordinates": [ 6.063674, 48.921237 ] } },
{ "type": "Feature", "properties": { "id": 3263 }, "geometry": { "type": "Point", "coordinates": [ 6.346967, 48.766065 ] } },
{ "type": "Feature", "properties": { "id": 3264 }, "geometry": { "type": "Point", "coordinates": [ 5.757683, 49.004914 ] } },
{ "type": "Feature", "properties": { "id": 3265 }, "geometry": { "type": "Point", "coordinates": [ 6.459404, 49.369431 ] } },
{ "type": "Feature", "properties": { "id": 3266 }, "geometry": { "type": "Point", "coordinates": [ 6.19058, 48.981019 ] } },
{ "type": "Feature", "properties": { "id": 3267 }, "geometry": { "type": "Point", "coordinates": [ 6.11479, 49.37956 ] } },
{ "type": "Feature", "properties": { "id": 3268 }, "geometry": { "type": "Point", "coordinates": [ 6.753604, 48.765989 ] } },
{ "type": "Feature", "properties": { "id": 3269 }, "geometry": { "type": "Point", "coordinates": [ 5.847455, 48.725133 ] } },
{ "type": "Feature", "properties": { "id": 3270 }, "geometry": { "type": "Point", "coordinates": [ 6.657286, 48.546144 ] } },
{ "type": "Feature", "properties": { "id": 3271 }, "geometry": { "type": "Point", "coordinates": [ 6.96332, 49.304222 ] } },
{ "type": "Feature", "properties": { "id": 3272 }, "geometry": { "type": "Point", "coordinates": [ 7.312566, 49.174647 ] } },
{ "type": "Feature", "properties": { "id": 3273 }, "geometry": { "type": "Point", "coordinates": [ 6.70039, 49.303323 ] } },
{ "type": "Feature", "properties": { "id": 3274 }, "geometry": { "type": "Point", "coordinates": [ 7.332303, 48.629014 ] } },
{ "type": "Feature", "properties": { "id": 3275 }, "geometry": { "type": "Point", "coordinates": [ 6.642617, 48.657623 ] } },
{ "type": "Feature", "properties": { "id": 3276 }, "geometry": { "type": "Point", "coordinates": [ 6.171657, 48.730731 ] } },
{ "type": "Feature", "properties": { "id": 3277 }, "geometry": { "type": "Point", "coordinates": [ 5.768098, 48.631403 ] } },
{ "type": "Feature", "properties": { "id": 3278 }, "geometry": { "type": "Point", "coordinates": [ 7.105578, 49.34399 ] } },
{ "type": "Feature", "properties": { "id": 3279 }, "geometry": { "type": "Point", "coordinates": [ 6.719163, 49.26307 ] } },
{ "type": "Feature", "properties": { "id": 3280 }, "geometry": { "type": "Point", "coordinates": [ 6.958415, 48.959721 ] } },
{ "type": "Feature", "properties": { "id": 3281 }, "geometry": { "type": "Point", "coordinates": [ 6.156276, 48.812278 ] } },
{ "type": "Feature", "properties": { "id": 3282 }, "geometry": { "type": "Point", "coordinates": [ 6.607928, 49.367459 ] } },
{ "type": "Feature", "properties": { "id": 3283 }, "geometry": { "type": "Point", "coordinates": [ 6.668212, 49.089413 ] } },
{ "type": "Feature", "properties": { "id": 3284 }, "geometry": { "type": "Point", "coordinates": [ 6.577441, 48.709446 ] } },
{ "type": "Feature", "properties": { "id": 3285 }, "geometry": { "type": "Point", "coordinates": [ 6.049274, 48.837027 ] } },
{ "type": "Feature", "properties": { "id": 3286 }, "geometry": { "type": "Point", "coordinates": [ 6.059895, 48.878973 ] } },
{ "type": "Feature", "properties": { "id": 3287 }, "geometry": { "type": "Point", "coordinates": [ 6.295997, 48.730414 ] } },
{ "type": "Feature", "properties": { "id": 3288 }, "geometry": { "type": "Point", "coordinates": [ 5.79118, 48.535898 ] } },
{ "type": "Feature", "properties": { "id": 3289 }, "geometry": { "type": "Point", "coordinates": [ 7.080388, 49.292678 ] } },
{ "type": "Feature", "properties": { "id": 3290 }, "geometry": { "type": "Point", "coordinates": [ 6.760446, 49.094547 ] } },
{ "type": "Feature", "properties": { "id": 3291 }, "geometry": { "type": "Point", "coordinates": [ 6.409709, 48.562875 ] } },
{ "type": "Feature", "properties": { "id": 3292 }, "geometry": { "type": "Point", "coordinates": [ 6.945341, 48.971397 ] } },
{ "type": "Feature", "properties": { "id": 3293 }, "geometry": { "type": "Point", "coordinates": [ 6.281968, 49.111689 ] } },
{ "type": "Feature", "properties": { "id": 3294 }, "geometry": { "type": "Point", "coordinates": [ 6.630045, 48.792367 ] } },
{ "type": "Feature", "properties": { "id": 3295 }, "geometry": { "type": "Point", "coordinates": [ 6.900219, 49.309042 ] } },
{ "type": "Feature", "properties": { "id": 3296 }, "geometry": { "type": "Point", "coordinates": [ 6.853381, 49.101111 ] } },
{ "type": "Feature", "properties": { "id": 3297 }, "geometry": { "type": "Point", "coordinates": [ 6.894034, 49.015457 ] } },
{ "type": "Feature", "properties": { "id": 3298 }, "geometry": { "type": "Point", "coordinates": [ 6.185817, 48.876387 ] } },
{ "type": "Feature", "properties": { "id": 3299 }, "geometry": { "type": "Point", "coordinates": [ 6.843225, 49.109514 ] } },
{ "type": "Feature", "properties": { "id": 3300 }, "geometry": { "type": "Point", "coordinates": [ 6.406212, 49.153108 ] } },
{ "type": "Feature", "properties": { "id": 3301 }, "geometry": { "type": "Point", "coordinates": [ 6.47691, 49.121371 ] } },
{ "type": "Feature", "properties": { "id": 3302 }, "geometry": { "type": "Point", "coordinates": [ 5.948853, 48.732343 ] } },
{ "type": "Feature", "properties": { "id": 3303 }, "geometry": { "type": "Point", "coordinates": [ 6.745336, 49.245376 ] } },
{ "type": "Feature", "properties": { "id": 3304 }, "geometry": { "type": "Point", "coordinates": [ 7.055785, 48.85802 ] } },
{ "type": "Feature", "properties": { "id": 3305 }, "geometry": { "type": "Point", "coordinates": [ 5.888277, 49.348412 ] } },
{ "type": "Feature", "properties": { "id": 3306 }, "geometry": { "type": "Point", "coordinates": [ 6.918185, 48.792281 ] } },
{ "type": "Feature", "properties": { "id": 3307 }, "geometry": { "type": "Point", "coordinates": [ 6.549489, 49.11412 ] } },
{ "type": "Feature", "properties": { "id": 3308 }, "geometry": { "type": "Point", "coordinates": [ 6.913964, 49.190584 ] } },
{ "type": "Feature", "properties": { "id": 3309 }, "geometry": { "type": "Point", "coordinates": [ 6.016644, 48.590692 ] } },
{ "type": "Feature", "properties": { "id": 3310 }, "geometry": { "type": "Point", "coordinates": [ 6.558494, 48.958375 ] } },
{ "type": "Feature", "properties": { "id": 3311 }, "geometry": { "type": "Point", "coordinates": [ 5.869569, 49.322986 ] } },
{ "type": "Feature", "properties": { "id": 3312 }, "geometry": { "type": "Point", "coordinates": [ 6.861813, 49.131896 ] } },
{ "type": "Feature", "properties": { "id": 3313 }, "geometry": { "type": "Point", "coordinates": [ 6.901027, 48.979718 ] } },
{ "type": "Feature", "properties": { "id": 3314 }, "geometry": { "type": "Point", "coordinates": [ 5.832835, 49.295142 ] } },
{ "type": "Feature", "properties": { "id": 3315 }, "geometry": { "type": "Point", "coordinates": [ 6.196036, 48.825097 ] } },
{ "type": "Feature", "properties": { "id": 3316 }, "geometry": { "type": "Point", "coordinates": [ 6.349228, 48.826804 ] } },
{ "type": "Feature", "properties": { "id": 3317 }, "geometry": { "type": "Point", "coordinates": [ 5.754631, 49.129093 ] } },
{ "type": "Feature", "properties": { "id": 3318 }, "geometry": { "type": "Point", "coordinates": [ 6.886945, 49.246773 ] } },
{ "type": "Feature", "properties": { "id": 3319 }, "geometry": { "type": "Point", "coordinates": [ 6.806553, 48.824605 ] } },
{ "type": "Feature", "properties": { "id": 3320 }, "geometry": { "type": "Point", "coordinates": [ 7.092849, 49.399488 ] } },
{ "type": "Feature", "properties": { "id": 3321 }, "geometry": { "type": "Point", "coordinates": [ 6.226481, 49.303969 ] } },
{ "type": "Feature", "properties": { "id": 3322 }, "geometry": { "type": "Point", "coordinates": [ 7.342531, 49.105014 ] } },
{ "type": "Feature", "properties": { "id": 3323 }, "geometry": { "type": "Point", "coordinates": [ 5.811686, 49.372882 ] } },
{ "type": "Feature", "properties": { "id": 3324 }, "geometry": { "type": "Point", "coordinates": [ 7.134922, 49.155251 ] } },
{ "type": "Feature", "properties": { "id": 3325 }, "geometry": { "type": "Point", "coordinates": [ 5.873823, 48.835497 ] } },
{ "type": "Feature", "properties": { "id": 3326 }, "geometry": { "type": "Point", "coordinates": [ 6.072147, 48.757556 ] } },
{ "type": "Feature", "properties": { "id": 3327 }, "geometry": { "type": "Point", "coordinates": [ 5.98493, 48.803255 ] } },
{ "type": "Feature", "properties": { "id": 3328 }, "geometry": { "type": "Point", "coordinates": [ 6.616483, 48.670489 ] } },
{ "type": "Feature", "properties": { "id": 3329 }, "geometry": { "type": "Point", "coordinates": [ 7.241263, 48.512307 ] } },
{ "type": "Feature", "properties": { "id": 3330 }, "geometry": { "type": "Point", "coordinates": [ 5.901149, 48.715623 ] } },
{ "type": "Feature", "properties": { "id": 3331 }, "geometry": { "type": "Point", "coordinates": [ 7.301381, 48.78269 ] } },
{ "type": "Feature", "properties": { "id": 3332 }, "geometry": { "type": "Point", "coordinates": [ 6.118974, 49.315729 ] } },
{ "type": "Feature", "properties": { "id": 3333 }, "geometry": { "type": "Point", "coordinates": [ 7.26169, 49.192447 ] } },
{ "type": "Feature", "properties": { "id": 3334 }, "geometry": { "type": "Point", "coordinates": [ 6.465043, 48.572642 ] } },
{ "type": "Feature", "properties": { "id": 3335 }, "geometry": { "type": "Point", "coordinates": [ 6.492848, 48.814771 ] } },
{ "type": "Feature", "properties": { "id": 3336 }, "geometry": { "type": "Point", "coordinates": [ 6.225886, 49.220363 ] } },
{ "type": "Feature", "properties": { "id": 3337 }, "geometry": { "type": "Point", "coordinates": [ 5.956964, 49.231848 ] } },
{ "type": "Feature", "properties": { "id": 3338 }, "geometry": { "type": "Point", "coordinates": [ 6.20098, 49.271379 ] } },
{ "type": "Feature", "properties": { "id": 3339 }, "geometry": { "type": "Point", "coordinates": [ 7.159498, 48.975771 ] } },
{ "type": "Feature", "properties": { "id": 3340 }, "geometry": { "type": "Point", "coordinates": [ 6.440026, 49.303414 ] } },
{ "type": "Feature", "properties": { "id": 3341 }, "geometry": { "type": "Point", "coordinates": [ 6.376893, 48.695837 ] } },
{ "type": "Feature", "properties": { "id": 3342 }, "geometry": { "type": "Point", "coordinates": [ 6.97716, 48.782278 ] } },
{ "type": "Feature", "properties": { "id": 3343 }, "geometry": { "type": "Point", "coordinates": [ 6.631833, 49.050604 ] } },
{ "type": "Feature", "properties": { "id": 3344 }, "geometry": { "type": "Point", "coordinates": [ 6.982882, 48.506188 ] } },
{ "type": "Feature", "properties": { "id": 3345 }, "geometry": { "type": "Point", "coordinates": [ 7.163752, 48.624592 ] } },
{ "type": "Feature", "properties": { "id": 3346 }, "geometry": { "type": "Point", "coordinates": [ 6.557126, 49.253721 ] } },
{ "type": "Feature", "properties": { "id": 3347 }, "geometry": { "type": "Point", "coordinates": [ 6.868646, 49.028613 ] } },
{ "type": "Feature", "properties": { "id": 3348 }, "geometry": { "type": "Point", "coordinates": [ 6.40272, 48.906828 ] } },
{ "type": "Feature", "properties": { "id": 3349 }, "geometry": { "type": "Point", "coordinates": [ 6.94297, 49.089011 ] } },
{ "type": "Feature", "properties": { "id": 3350 }, "geometry": { "type": "Point", "coordinates": [ 5.904934, 48.951119 ] } },
{ "type": "Feature", "properties": { "id": 3351 }, "geometry": { "type": "Point", "coordinates": [ 7.291511, 48.502866 ] } },
{ "type": "Feature", "properties": { "id": 3352 }, "geometry": { "type": "Point", "coordinates": [ 6.42902, 49.107038 ] } },
{ "type": "Feature", "properties": { "id": 3353 }, "geometry": { "type": "Point", "coordinates": [ 6.333909, 48.71897 ] } },
{ "type": "Feature", "properties": { "id": 3354 }, "geometry": { "type": "Point", "coordinates": [ 6.981363, 48.89639 ] } },
{ "type": "Feature", "properties": { "id": 3355 }, "geometry": { "type": "Point", "coordinates": [ 6.081876, 49.254285 ] } },
{ "type": "Feature", "properties": { "id": 3356 }, "geometry": { "type": "Point", "coordinates": [ 6.604942, 48.819588 ] } },
{ "type": "Feature", "properties": { "id": 3357 }, "geometry": { "type": "Point", "coordinates": [ 7.001653, 49.321797 ] } },
{ "type": "Feature", "properties": { "id": 3358 }, "geometry": { "type": "Point", "coordinates": [ 6.796535, 49.259923 ] } },
{ "type": "Feature", "properties": { "id": 3359 }, "geometry": { "type": "Point", "coordinates": [ 7.092172, 49.146336 ] } },
{ "type": "Feature", "properties": { "id": 3360 }, "geometry": { "type": "Point", "coordinates": [ 5.952395, 48.920417 ] } },
{ "type": "Feature", "properties": { "id": 3361 }, "geometry": { "type": "Point", "coordinates": [ 7.324724, 48.541791 ] } },
{ "type": "Feature", "properties": { "id": 3362 }, "geometry": { "type": "Point", "coordinates": [ 6.170897, 48.611338 ] } },
{ "type": "Feature", "properties": { "id": 3363 }, "geometry": { "type": "Point", "coordinates": [ 6.810637, 49.019707 ] } },
{ "type": "Feature", "properties": { "id": 3364 }, "geometry": { "type": "Point", "coordinates": [ 6.056302, 49.037011 ] } },
{ "type": "Feature", "properties": { "id": 3365 }, "geometry": { "type": "Point", "coordinates": [ 6.070804, 49.226089 ] } },
{ "type": "Feature", "properties": { "id": 3366 }, "geometry": { "type": "Point", "coordinates": [ 6.952316, 48.94042 ] } },
{ "type": "Feature", "properties": { "id": 3367 }, "geometry": { "type": "Point", "coordinates": [ 7.038497, 48.549158 ] } },
{ "type": "Feature", "properties": { "id": 3368 }, "geometry": { "type": "Point", "coordinates": [ 6.815524, 48.93801 ] } },
{ "type": "Feature", "properties": { "id": 3369 }, "geometry": { "type": "Point", "coordinates": [ 7.297883, 49.111 ] } },
{ "type": "Feature", "properties": { "id": 3370 }, "geometry": { "type": "Point", "coordinates": [ 6.746316, 48.592591 ] } },
{ "type": "Feature", "properties": { "id": 3371 }, "geometry": { "type": "Point", "coordinates": [ 5.939562, 48.930289 ] } },
{ "type": "Feature", "properties": { "id": 3372 }, "geometry": { "type": "Point", "coordinates": [ 6.333908, 48.564597 ] } },
{ "type": "Feature", "properties": { "id": 3373 }, "geometry": { "type": "Point", "coordinates": [ 7.308782, 49.133466 ] } },
{ "type": "Feature", "properties": { "id": 3374 }, "geometry": { "type": "Point", "coordinates": [ 6.965127, 48.981691 ] } },
{ "type": "Feature", "properties": { "id": 3375 }, "geometry": { "type": "Point", "coordinates": [ 6.087291, 48.971813 ] } },
{ "type": "Feature", "properties": { "id": 3376 }, "geometry": { "type": "Point", "coordinates": [ 6.658343, 48.785233 ] } },
{ "type": "Feature", "properties": { "id": 3377 }, "geometry": { "type": "Point", "coordinates": [ 6.645671, 49.015224 ] } },
{ "type": "Feature", "properties": { "id": 3378 }, "geometry": { "type": "Point", "coordinates": [ 6.196814, 48.907136 ] } },
{ "type": "Feature", "properties": { "id": 3379 }, "geometry": { "type": "Point", "coordinates": [ 6.617045, 49.347328 ] } },
{ "type": "Feature", "properties": { "id": 3380 }, "geometry": { "type": "Point", "coordinates": [ 6.18833, 48.620332 ] } },
{ "type": "Feature", "properties": { "id": 3381 }, "geometry": { "type": "Point", "coordinates": [ 6.782845, 49.132928 ] } },
{ "type": "Feature", "properties": { "id": 3382 }, "geometry": { "type": "Point", "coordinates": [ 7.111338, 49.2992 ] } },
{ "type": "Feature", "properties": { "id": 3383 }, "geometry": { "type": "Point", "coordinates": [ 6.851945, 48.786151 ] } },
{ "type": "Feature", "properties": { "id": 3384 }, "geometry": { "type": "Point", "coordinates": [ 5.805161, 48.938589 ] } },
{ "type": "Feature", "properties": { "id": 3385 }, "geometry": { "type": "Point", "coordinates": [ 6.259949, 48.7542 ] } },
{ "type": "Feature", "properties": { "id": 3386 }, "geometry": { "type": "Point", "coordinates": [ 6.113089, 48.846114 ] } },
{ "type": "Feature", "properties": { "id": 3387 }, "geometry": { "type": "Point", "coordinates": [ 6.241021, 48.721671 ] } },
{ "type": "Feature", "properties": { "id": 3388 }, "geometry": { "type": "Point", "coordinates": [ 7.278641, 49.292613 ] } },
{ "type": "Feature", "properties": { "id": 3389 }, "geometry": { "type": "Point", "coordinates": [ 6.98279, 48.67939 ] } },
{ "type": "Feature", "properties": { "id": 3390 }, "geometry": { "type": "Point", "coordinates": [ 6.508561, 48.958046 ] } },
{ "type": "Feature", "properties": { "id": 3391 }, "geometry": { "type": "Point", "coordinates": [ 7.095907, 48.994843 ] } },
{ "type": "Feature", "properties": { "id": 3392 }, "geometry": { "type": "Point", "coordinates": [ 6.945153, 49.076399 ] } },
{ "type": "Feature", "properties": { "id": 3393 }, "geometry": { "type": "Point", "coordinates": [ 6.808352, 48.63624 ] } },
{ "type": "Feature", "properties": { "id": 3394 }, "geometry": { "type": "Point", "coordinates": [ 6.913323, 49.372714 ] } },
{ "type": "Feature", "properties": { "id": 3395 }, "geometry": { "type": "Point", "coordinates": [ 6.341048, 48.593108 ] } },
{ "type": "Feature", "properties": { "id": 3396 }, "geometry": { "type": "Point", "coordinates": [ 5.912666, 48.656378 ] } },
{ "type": "Feature", "properties": { "id": 3397 }, "geometry": { "type": "Point", "coordinates": [ 7.043011, 48.942525 ] } },
{ "type": "Feature", "properties": { "id": 3398 }, "geometry": { "type": "Point", "coordinates": [ 7.095881, 49.217384 ] } },
{ "type": "Feature", "properties": { "id": 3399 }, "geometry": { "type": "Point", "coordinates": [ 6.383415, 48.956978 ] } },
{ "type": "Feature", "properties": { "id": 3400 }, "geometry": { "type": "Point", "coordinates": [ 6.497497, 48.572345 ] } },
{ "type": "Feature", "properties": { "id": 3401 }, "geometry": { "type": "Point", "coordinates": [ 6.29146, 49.006869 ] } },
{ "type": "Feature", "properties": { "id": 3402 }, "geometry": { "type": "Point", "coordinates": [ 6.13503, 48.668921 ] } },
{ "type": "Feature", "properties": { "id": 3403 }, "geometry": { "type": "Point", "coordinates": [ 6.98142, 48.645527 ] } },
{ "type": "Feature", "properties": { "id": 3404 }, "geometry": { "type": "Point", "coordinates": [ 5.964616, 49.200776 ] } },
{ "type": "Feature", "properties": { "id": 3405 }, "geometry": { "type": "Point", "coordinates": [ 7.10355, 49.313571 ] } },
{ "type": "Feature", "properties": { "id": 3406 }, "geometry": { "type": "Point", "coordinates": [ 6.212837, 49.20273 ] } },
{ "type": "Feature", "properties": { "id": 3407 }, "geometry": { "type": "Point", "coordinates": [ 6.550006, 48.560824 ] } },
{ "type": "Feature", "properties": { "id": 3408 }, "geometry": { "type": "Point", "coordinates": [ 5.897585, 48.632798 ] } },
{ "type": "Feature", "properties": { "id": 3409 }, "geometry": { "type": "Point", "coordinates": [ 6.471676, 49.368801 ] } },
{ "type": "Feature", "properties": { "id": 3410 }, "geometry": { "type": "Point", "coordinates": [ 7.013534, 49.111612 ] } },
{ "type": "Feature", "properties": { "id": 3411 }, "geometry": { "type": "Point", "coordinates": [ 5.909314, 49.310984 ] } },
{ "type": "Feature", "properties": { "id": 3412 }, "geometry": { "type": "Point", "coordinates": [ 5.859932, 48.958165 ] } },
{ "type": "Feature", "properties": { "id": 3413 }, "geometry": { "type": "Point", "coordinates": [ 6.76956, 48.877553 ] } },
{ "type": "Feature", "properties": { "id": 3414 }, "geometry": { "type": "Point", "coordinates": [ 6.434264, 49.029581 ] } },
{ "type": "Feature", "properties": { "id": 3415 }, "geometry": { "type": "Point", "coordinates": [ 5.873441, 48.954979 ] } },
{ "type": "Feature", "properties": { "id": 3416 }, "geometry": { "type": "Point", "coordinates": [ 6.955375, 49.05848 ] } },
{ "type": "Feature", "properties": { "id": 3417 }, "geometry": { "type": "Point", "coordinates": [ 6.089261, 49.002734 ] } },
{ "type": "Feature", "properties": { "id": 3418 }, "geometry": { "type": "Point", "coordinates": [ 5.905638, 49.107694 ] } },
{ "type": "Feature", "properties": { "id": 3419 }, "geometry": { "type": "Point", "coordinates": [ 7.30005, 48.556924 ] } },
{ "type": "Feature", "properties": { "id": 3420 }, "geometry": { "type": "Point", "coordinates": [ 6.446258, 48.983665 ] } },
{ "type": "Feature", "properties": { "id": 3421 }, "geometry": { "type": "Point", "coordinates": [ 6.836495, 49.034641 ] } },
{ "type": "Feature", "properties": { "id": 3422 }, "geometry": { "type": "Point", "coordinates": [ 6.258055, 49.313345 ] } },
{ "type": "Feature", "properties": { "id": 3423 }, "geometry": { "type": "Point", "coordinates": [ 6.484503, 49.192642 ] } },
{ "type": "Feature", "properties": { "id": 3424 }, "geometry": { "type": "Point", "coordinates": [ 6.651486, 49.050998 ] } },
{ "type": "Feature", "properties": { "id": 3425 }, "geometry": { "type": "Point", "coordinates": [ 6.057972, 48.84273 ] } },
{ "type": "Feature", "properties": { "id": 3426 }, "geometry": { "type": "Point", "coordinates": [ 7.231241, 49.283851 ] } },
{ "type": "Feature", "properties": { "id": 3427 }, "geometry": { "type": "Point", "coordinates": [ 6.170003, 49.034518 ] } },
{ "type": "Feature", "properties": { "id": 3428 }, "geometry": { "type": "Point", "coordinates": [ 5.769568, 49.040745 ] } },
{ "type": "Feature", "properties": { "id": 3429 }, "geometry": { "type": "Point", "coordinates": [ 6.946729, 49.242226 ] } },
{ "type": "Feature", "properties": { "id": 3430 }, "geometry": { "type": "Point", "coordinates": [ 7.02073, 49.23825 ] } },
{ "type": "Feature", "properties": { "id": 3431 }, "geometry": { "type": "Point", "coordinates": [ 7.182995, 49.297447 ] } },
{ "type": "Feature", "properties": { "id": 3432 }, "geometry": { "type": "Point", "coordinates": [ 6.968811, 48.71114 ] } },
{ "type": "Feature", "properties": { "id": 3433 }, "geometry": { "type": "Point", "coordinates": [ 7.169872, 49.375475 ] } },
{ "type": "Feature", "properties": { "id": 3434 }, "geometry": { "type": "Point", "coordinates": [ 5.793946, 49.04978 ] } },
{ "type": "Feature", "properties": { "id": 3435 }, "geometry": { "type": "Point", "coordinates": [ 6.751041, 48.913065 ] } },
{ "type": "Feature", "properties": { "id": 3436 }, "geometry": { "type": "Point", "coordinates": [ 5.934199, 49.131349 ] } },
{ "type": "Feature", "properties": { "id": 3437 }, "geometry": { "type": "Point", "coordinates": [ 6.156655, 48.728313 ] } },
{ "type": "Feature", "properties": { "id": 3438 }, "geometry": { "type": "Point", "coordinates": [ 7.325997, 48.849091 ] } },
{ "type": "Feature", "properties": { "id": 3439 }, "geometry": { "type": "Point", "coordinates": [ 6.144182, 48.520637 ] } },
{ "type": "Feature", "properties": { "id": 3440 }, "geometry": { "type": "Point", "coordinates": [ 6.011648, 48.516449 ] } },
{ "type": "Feature", "properties": { "id": 3441 }, "geometry": { "type": "Point", "coordinates": [ 7.199479, 48.782503 ] } },
{ "type": "Feature", "properties": { "id": 3442 }, "geometry": { "type": "Point", "coordinates": [ 7.307646, 48.540782 ] } },
{ "type": "Feature", "properties": { "id": 3443 }, "geometry": { "type": "Point", "coordinates": [ 7.207348, 49.37999 ] } },
{ "type": "Feature", "properties": { "id": 3444 }, "geometry": { "type": "Point", "coordinates": [ 6.43978, 48.916866 ] } },
{ "type": "Feature", "properties": { "id": 3445 }, "geometry": { "type": "Point", "coordinates": [ 7.095365, 48.629339 ] } },
{ "type": "Feature", "properties": { "id": 3446 }, "geometry": { "type": "Point", "coordinates": [ 5.905867, 49.287168 ] } },
{ "type": "Feature", "properties": { "id": 3447 }, "geometry": { "type": "Point", "coordinates": [ 6.845566, 49.332385 ] } },
{ "type": "Feature", "properties": { "id": 3448 }, "geometry": { "type": "Point", "coordinates": [ 6.054574, 48.707854 ] } },
{ "type": "Feature", "properties": { "id": 3449 }, "geometry": { "type": "Point", "coordinates": [ 5.766624, 49.243749 ] } },
{ "type": "Feature", "properties": { "id": 3450 }, "geometry": { "type": "Point", "coordinates": [ 6.074005, 49.240524 ] } },
{ "type": "Feature", "properties": { "id": 3451 }, "geometry": { "type": "Point", "coordinates": [ 6.011953, 49.04771 ] } },
{ "type": "Feature", "properties": { "id": 3452 }, "geometry": { "type": "Point", "coordinates": [ 6.71767, 49.102443 ] } },
{ "type": "Feature", "properties": { "id": 3453 }, "geometry": { "type": "Point", "coordinates": [ 6.746116, 48.628029 ] } },
{ "type": "Feature", "properties": { "id": 3454 }, "geometry": { "type": "Point", "coordinates": [ 5.831553, 49.271813 ] } },
{ "type": "Feature", "properties": { "id": 3455 }, "geometry": { "type": "Point", "coordinates": [ 6.886039, 48.817566 ] } },
{ "type": "Feature", "properties": { "id": 3456 }, "geometry": { "type": "Point", "coordinates": [ 7.293903, 49.330494 ] } },
{ "type": "Feature", "properties": { "id": 3457 }, "geometry": { "type": "Point", "coordinates": [ 7.112126, 48.910253 ] } },
{ "type": "Feature", "properties": { "id": 3458 }, "geometry": { "type": "Point", "coordinates": [ 7.23694, 49.147227 ] } },
{ "type": "Feature", "properties": { "id": 3459 }, "geometry": { "type": "Point", "coordinates": [ 6.154502, 48.885279 ] } },
{ "type": "Feature", "properties": { "id": 3460 }, "geometry": { "type": "Point", "coordinates": [ 6.901455, 48.967274 ] } },
{ "type": "Feature", "properties": { "id": 3461 }, "geometry": { "type": "Point", "coordinates": [ 7.13779, 49.242008 ] } },
{ "type": "Feature", "properties": { "id": 3462 }, "geometry": { "type": "Point", "coordinates": [ 6.082024, 49.326651 ] } },
{ "type": "Feature", "properties": { "id": 3463 }, "geometry": { "type": "Point", "coordinates": [ 7.201446, 49.26573 ] } },
{ "type": "Feature", "properties": { "id": 3464 }, "geometry": { "type": "Point", "coordinates": [ 6.588838, 49.027103 ] } },
{ "type": "Feature", "properties": { "id": 3465 }, "geometry": { "type": "Point", "coordinates": [ 6.378519, 49.022304 ] } },
{ "type": "Feature", "properties": { "id": 3466 }, "geometry": { "type": "Point", "coordinates": [ 6.547348, 48.84241 ] } },
{ "type": "Feature", "properties": { "id": 3467 }, "geometry": { "type": "Point", "coordinates": [ 6.546025, 48.658657 ] } },
{ "type": "Feature", "properties": { "id": 3468 }, "geometry": { "type": "Point", "coordinates": [ 6.81302, 48.764238 ] } },
{ "type": "Feature", "properties": { "id": 3469 }, "geometry": { "type": "Point", "coordinates": [ 6.676614, 48.869869 ] } },
{ "type": "Feature", "properties": { "id": 3470 }, "geometry": { "type": "Point", "coordinates": [ 6.254581, 48.774604 ] } },
{ "type": "Feature", "properties": { "id": 3471 }, "geometry": { "type": "Point", "coordinates": [ 6.378862, 48.919274 ] } },
{ "type": "Feature", "properties": { "id": 3472 }, "geometry": { "type": "Point", "coordinates": [ 6.363375, 48.986909 ] } },
{ "type": "Feature", "properties": { "id": 3473 }, "geometry": { "type": "Point", "coordinates": [ 6.099899, 49.261738 ] } },
{ "type": "Feature", "properties": { "id": 3474 }, "geometry": { "type": "Point", "coordinates": [ 6.185772, 49.260314 ] } },
{ "type": "Feature", "properties": { "id": 3475 }, "geometry": { "type": "Point", "coordinates": [ 5.868525, 49.034638 ] } },
{ "type": "Feature", "properties": { "id": 3476 }, "geometry": { "type": "Point", "coordinates": [ 7.195465, 49.242357 ] } },
{ "type": "Feature", "properties": { "id": 3477 }, "geometry": { "type": "Point", "coordinates": [ 7.335766, 49.106565 ] } },
{ "type": "Feature", "properties": { "id": 3478 }, "geometry": { "type": "Point", "coordinates": [ 6.399131, 48.576097 ] } },
{ "type": "Feature", "properties": { "id": 3479 }, "geometry": { "type": "Point", "coordinates": [ 6.366698, 49.248814 ] } },
{ "type": "Feature", "properties": { "id": 3480 }, "geometry": { "type": "Point", "coordinates": [ 7.007935, 48.781723 ] } },
{ "type": "Feature", "properties": { "id": 3481 }, "geometry": { "type": "Point", "coordinates": [ 7.166378, 48.831955 ] } },
{ "type": "Feature", "properties": { "id": 3482 }, "geometry": { "type": "Point", "coordinates": [ 6.390173, 48.55419 ] } },
{ "type": "Feature", "properties": { "id": 3483 }, "geometry": { "type": "Point", "coordinates": [ 5.961466, 48.831991 ] } },
{ "type": "Feature", "properties": { "id": 3484 }, "geometry": { "type": "Point", "coordinates": [ 6.712299, 48.774215 ] } },
{ "type": "Feature", "properties": { "id": 3485 }, "geometry": { "type": "Point", "coordinates": [ 6.50333, 48.600548 ] } },
{ "type": "Feature", "properties": { "id": 3486 }, "geometry": { "type": "Point", "coordinates": [ 7.091849, 48.967524 ] } },
{ "type": "Feature", "properties": { "id": 3487 }, "geometry": { "type": "Point", "coordinates": [ 6.854856, 48.732925 ] } },
{ "type": "Feature", "properties": { "id": 3488 }, "geometry": { "type": "Point", "coordinates": [ 6.784064, 49.394817 ] } },
{ "type": "Feature", "properties": { "id": 3489 }, "geometry": { "type": "Point", "coordinates": [ 5.83773, 48.550866 ] } },
{ "type": "Feature", "properties": { "id": 3490 }, "geometry": { "type": "Point", "coordinates": [ 6.032865, 49.158983 ] } },
{ "type": "Feature", "properties": { "id": 3491 }, "geometry": { "type": "Point", "coordinates": [ 6.052086, 49.12494 ] } },
{ "type": "Feature", "properties": { "id": 3492 }, "geometry": { "type": "Point", "coordinates": [ 6.880968, 49.081657 ] } },
{ "type": "Feature", "properties": { "id": 3493 }, "geometry": { "type": "Point", "coordinates": [ 7.057476, 48.701757 ] } },
{ "type": "Feature", "properties": { "id": 3494 }, "geometry": { "type": "Point", "coordinates": [ 5.989447, 49.33428 ] } },
{ "type": "Feature", "properties": { "id": 3495 }, "geometry": { "type": "Point", "coordinates": [ 6.750867, 48.663843 ] } },
{ "type": "Feature", "properties": { "id": 3496 }, "geometry": { "type": "Point", "coordinates": [ 7.089208, 48.933488 ] } },
{ "type": "Feature", "properties": { "id": 3497 }, "geometry": { "type": "Point", "coordinates": [ 6.302645, 49.29801 ] } },
{ "type": "Feature", "properties": { "id": 3498 }, "geometry": { "type": "Point", "coordinates": [ 6.918864, 49.159739 ] } },
{ "type": "Feature", "properties": { "id": 3499 }, "geometry": { "type": "Point", "coordinates": [ 6.040103, 48.696068 ] } },
{ "type": "Feature", "properties": { "id": 3500 }, "geometry": { "type": "Point", "coordinates": [ 7.33884, 48.843948 ] } },
{ "type": "Feature", "properties": { "id": 3501 }, "geometry": { "type": "Point", "coordinates": [ 6.145648, 48.746154 ] } },
{ "type": "Feature", "properties": { "id": 3502 }, "geometry": { "type": "Point", "coordinates": [ 6.789069, 48.529417 ] } },
{ "type": "Feature", "properties": { "id": 3503 }, "geometry": { "type": "Point", "coordinates": [ 6.106964, 48.562621 ] } },
{ "type": "Feature", "properties": { "id": 3504 }, "geometry": { "type": "Point", "coordinates": [ 6.64075, 49.100806 ] } },
{ "type": "Feature", "properties": { "id": 3505 }, "geometry": { "type": "Point", "coordinates": [ 7.326167, 49.331186 ] } },
{ "type": "Feature", "properties": { "id": 3506 }, "geometry": { "type": "Point", "coordinates": [ 7.085646, 49.198741 ] } },
{ "type": "Feature", "properties": { "id": 3507 }, "geometry": { "type": "Point", "coordinates": [ 7.208121, 49.061246 ] } },
{ "type": "Feature", "properties": { "id": 3508 }, "geometry": { "type": "Point", "coordinates": [ 6.978384, 48.93628 ] } },
{ "type": "Feature", "properties": { "id": 3509 }, "geometry": { "type": "Point", "coordinates": [ 5.893596, 49.16004 ] } },
{ "type": "Feature", "properties": { "id": 3510 }, "geometry": { "type": "Point", "coordinates": [ 6.853355, 49.342377 ] } },
{ "type": "Feature", "properties": { "id": 3511 }, "geometry": { "type": "Point", "coordinates": [ 7.03508, 48.560335 ] } },
{ "type": "Feature", "properties": { "id": 3512 }, "geometry": { "type": "Point", "coordinates": [ 6.722379, 48.98175 ] } },
{ "type": "Feature", "properties": { "id": 3513 }, "geometry": { "type": "Point", "coordinates": [ 6.980969, 48.653151 ] } },
{ "type": "Feature", "properties": { "id": 3514 }, "geometry": { "type": "Point", "coordinates": [ 6.209903, 48.575832 ] } },
{ "type": "Feature", "properties": { "id": 3515 }, "geometry": { "type": "Point", "coordinates": [ 6.579665, 48.808384 ] } },
{ "type": "Feature", "properties": { "id": 3516 }, "geometry": { "type": "Point", "coordinates": [ 7.333847, 49.299071 ] } },
{ "type": "Feature", "properties": { "id": 3517 }, "geometry": { "type": "Point", "coordinates": [ 7.254129, 49.1935 ] } },
{ "type": "Feature", "properties": { "id": 3518 }, "geometry": { "type": "Point", "coordinates": [ 6.069896, 48.813293 ] } },
{ "type": "Feature", "properties": { "id": 3519 }, "geometry": { "type": "Point", "coordinates": [ 5.915843, 49.276832 ] } },
{ "type": "Feature", "properties": { "id": 3520 }, "geometry": { "type": "Point", "coordinates": [ 6.261201, 48.526584 ] } },
{ "type": "Feature", "properties": { "id": 3521 }, "geometry": { "type": "Point", "coordinates": [ 6.59131, 48.909476 ] } },
{ "type": "Feature", "properties": { "id": 3522 }, "geometry": { "type": "Point", "coordinates": [ 6.344506, 48.939287 ] } },
{ "type": "Feature", "properties": { "id": 3523 }, "geometry": { "type": "Point", "coordinates": [ 5.987342, 48.68609 ] } },
{ "type": "Feature", "properties": { "id": 3524 }, "geometry": { "type": "Point", "coordinates": [ 6.578952, 48.943505 ] } },
{ "type": "Feature", "properties": { "id": 3525 }, "geometry": { "type": "Point", "coordinates": [ 6.616824, 49.36327 ] } },
{ "type": "Feature", "properties": { "id": 3526 }, "geometry": { "type": "Point", "coordinates": [ 6.802599, 49.01815 ] } },
{ "type": "Feature", "properties": { "id": 3527 }, "geometry": { "type": "Point", "coordinates": [ 7.033111, 48.657811 ] } },
{ "type": "Feature", "properties": { "id": 3528 }, "geometry": { "type": "Point", "coordinates": [ 7.193901, 48.948357 ] } },
{ "type": "Feature", "properties": { "id": 3529 }, "geometry": { "type": "Point", "coordinates": [ 6.339312, 49.068784 ] } },
{ "type": "Feature", "properties": { "id": 3530 }, "geometry": { "type": "Point", "coordinates": [ 6.903596, 48.730127 ] } },
{ "type": "Feature", "properties": { "id": 3531 }, "geometry": { "type": "Point", "coordinates": [ 6.930815, 49.175889 ] } },
{ "type": "Feature", "properties": { "id": 3532 }, "geometry": { "type": "Point", "coordinates": [ 6.664985, 49.245102 ] } },
{ "type": "Feature", "properties": { "id": 3533 }, "geometry": { "type": "Point", "coordinates": [ 6.502689, 48.855728 ] } },
{ "type": "Feature", "properties": { "id": 3534 }, "geometry": { "type": "Point", "coordinates": [ 6.091377, 49.174623 ] } },
{ "type": "Feature", "properties": { "id": 3535 }, "geometry": { "type": "Point", "coordinates": [ 6.846276, 48.506919 ] } },
{ "type": "Feature", "properties": { "id": 3536 }, "geometry": { "type": "Point", "coordinates": [ 7.290532, 49.047637 ] } },
{ "type": "Feature", "properties": { "id": 3537 }, "geometry": { "type": "Point", "coordinates": [ 6.452816, 49.356178 ] } },
{ "type": "Feature", "properties": { "id": 3538 }, "geometry": { "type": "Point", "coordinates": [ 6.055609, 49.143119 ] } },
{ "type": "Feature", "properties": { "id": 3539 }, "geometry": { "type": "Point", "coordinates": [ 6.183154, 49.289556 ] } },
{ "type": "Feature", "properties": { "id": 3540 }, "geometry": { "type": "Point", "coordinates": [ 6.6829, 48.761559 ] } },
{ "type": "Feature", "properties": { "id": 3541 }, "geometry": { "type": "Point", "coordinates": [ 6.289745, 48.734198 ] } },
{ "type": "Feature", "properties": { "id": 3542 }, "geometry": { "type": "Point", "coordinates": [ 6.754342, 49.051082 ] } },
{ "type": "Feature", "properties": { "id": 3543 }, "geometry": { "type": "Point", "coordinates": [ 7.075542, 49.058794 ] } },
{ "type": "Feature", "properties": { "id": 3544 }, "geometry": { "type": "Point", "coordinates": [ 6.766363, 49.349515 ] } },
{ "type": "Feature", "properties": { "id": 3545 }, "geometry": { "type": "Point", "coordinates": [ 7.268934, 48.569769 ] } },
{ "type": "Feature", "properties": { "id": 3546 }, "geometry": { "type": "Point", "coordinates": [ 6.293921, 49.395261 ] } },
{ "type": "Feature", "properties": { "id": 3547 }, "geometry": { "type": "Point", "coordinates": [ 6.136095, 48.943403 ] } },
{ "type": "Feature", "properties": { "id": 3548 }, "geometry": { "type": "Point", "coordinates": [ 5.782013, 49.235169 ] } },
{ "type": "Feature", "properties": { "id": 3549 }, "geometry": { "type": "Point", "coordinates": [ 6.680797, 49.187187 ] } },
{ "type": "Feature", "properties": { "id": 3550 }, "geometry": { "type": "Point", "coordinates": [ 6.223332, 49.398749 ] } },
{ "type": "Feature", "properties": { "id": 3551 }, "geometry": { "type": "Point", "coordinates": [ 6.076607, 49.126313 ] } },
{ "type": "Feature", "properties": { "id": 3552 }, "geometry": { "type": "Point", "coordinates": [ 6.706163, 48.597178 ] } },
{ "type": "Feature", "properties": { "id": 3553 }, "geometry": { "type": "Point", "coordinates": [ 5.956671, 49.079451 ] } },
{ "type": "Feature", "properties": { "id": 3554 }, "geometry": { "type": "Point", "coordinates": [ 6.299088, 49.32966 ] } },
{ "type": "Feature", "properties": { "id": 3555 }, "geometry": { "type": "Point", "coordinates": [ 6.559469, 48.985938 ] } },
{ "type": "Feature", "properties": { "id": 3556 }, "geometry": { "type": "Point", "coordinates": [ 6.638067, 48.59781 ] } },
{ "type": "Feature", "properties": { "id": 3557 }, "geometry": { "type": "Point", "coordinates": [ 6.434188, 48.994714 ] } },
{ "type": "Feature", "properties": { "id": 3558 }, "geometry": { "type": "Point", "coordinates": [ 7.069165, 49.077786 ] } },
{ "type": "Feature", "properties": { "id": 3559 }, "geometry": { "type": "Point", "coordinates": [ 7.299356, 49.023991 ] } },
{ "type": "Feature", "properties": { "id": 3560 }, "geometry": { "type": "Point", "coordinates": [ 5.857085, 48.801507 ] } },
{ "type": "Feature", "properties": { "id": 3561 }, "geometry": { "type": "Point", "coordinates": [ 5.793236, 49.292719 ] } },
{ "type": "Feature", "properties": { "id": 3562 }, "geometry": { "type": "Point", "coordinates": [ 6.038271, 48.783511 ] } },
{ "type": "Feature", "properties": { "id": 3563 }, "geometry": { "type": "Point", "coordinates": [ 6.210396, 48.945849 ] } },
{ "type": "Feature", "properties": { "id": 3564 }, "geometry": { "type": "Point", "coordinates": [ 5.783073, 49.364642 ] } },
{ "type": "Feature", "properties": { "id": 3565 }, "geometry": { "type": "Point", "coordinates": [ 6.253699, 48.729798 ] } },
{ "type": "Feature", "properties": { "id": 3566 }, "geometry": { "type": "Point", "coordinates": [ 7.11093, 48.686255 ] } },
{ "type": "Feature", "properties": { "id": 3567 }, "geometry": { "type": "Point", "coordinates": [ 7.319808, 49.226046 ] } },
{ "type": "Feature", "properties": { "id": 3568 }, "geometry": { "type": "Point", "coordinates": [ 6.914917, 48.64973 ] } },
{ "type": "Feature", "properties": { "id": 3569 }, "geometry": { "type": "Point", "coordinates": [ 6.257508, 49.34536 ] } },
{ "type": "Feature", "properties": { "id": 3570 }, "geometry": { "type": "Point", "coordinates": [ 6.419728, 49.200986 ] } },
{ "type": "Feature", "properties": { "id": 3571 }, "geometry": { "type": "Point", "coordinates": [ 6.804784, 48.624137 ] } },
{ "type": "Feature", "properties": { "id": 3572 }, "geometry": { "type": "Point", "coordinates": [ 6.480595, 48.592173 ] } },
{ "type": "Feature", "properties": { "id": 3573 }, "geometry": { "type": "Point", "coordinates": [ 6.1161, 49.234059 ] } },
{ "type": "Feature", "properties": { "id": 3574 }, "geometry": { "type": "Point", "coordinates": [ 6.604745, 48.732023 ] } },
{ "type": "Feature", "properties": { "id": 3575 }, "geometry": { "type": "Point", "coordinates": [ 6.868615, 49.134782 ] } },
{ "type": "Feature", "properties": { "id": 3576 }, "geometry": { "type": "Point", "coordinates": [ 6.236707, 49.329177 ] } },
{ "type": "Feature", "properties": { "id": 3577 }, "geometry": { "type": "Point", "coordinates": [ 7.298433, 48.768332 ] } },
{ "type": "Feature", "properties": { "id": 3578 }, "geometry": { "type": "Point", "coordinates": [ 7.189501, 48.546184 ] } },
{ "type": "Feature", "properties": { "id": 3579 }, "geometry": { "type": "Point", "coordinates": [ 7.157006, 49.280249 ] } },
{ "type": "Feature", "properties": { "id": 3580 }, "geometry": { "type": "Point", "coordinates": [ 6.060825, 48.960363 ] } },
{ "type": "Feature", "properties": { "id": 3581 }, "geometry": { "type": "Point", "coordinates": [ 7.135148, 48.561232 ] } },
{ "type": "Feature", "properties": { "id": 3582 }, "geometry": { "type": "Point", "coordinates": [ 5.916041, 48.53888 ] } },
{ "type": "Feature", "properties": { "id": 3583 }, "geometry": { "type": "Point", "coordinates": [ 6.365452, 48.915077 ] } },
{ "type": "Feature", "properties": { "id": 3584 }, "geometry": { "type": "Point", "coordinates": [ 6.289027, 49.235694 ] } },
{ "type": "Feature", "properties": { "id": 3585 }, "geometry": { "type": "Point", "coordinates": [ 6.582552, 48.986211 ] } },
{ "type": "Feature", "properties": { "id": 3586 }, "geometry": { "type": "Point", "coordinates": [ 5.941346, 49.06532 ] } },
{ "type": "Feature", "properties": { "id": 3587 }, "geometry": { "type": "Point", "coordinates": [ 7.143509, 49.018534 ] } },
{ "type": "Feature", "properties": { "id": 3588 }, "geometry": { "type": "Point", "coordinates": [ 5.780662, 49.24948 ] } },
{ "type": "Feature", "properties": { "id": 3589 }, "geometry": { "type": "Point", "coordinates": [ 6.726526, 48.993274 ] } },
{ "type": "Feature", "properties": { "id": 3590 }, "geometry": { "type": "Point", "coordinates": [ 6.502141, 49.181124 ] } },
{ "type": "Feature", "properties": { "id": 3591 }, "geometry": { "type": "Point", "coordinates": [ 6.904399, 48.784322 ] } },
{ "type": "Feature", "properties": { "id": 3592 }, "geometry": { "type": "Point", "coordinates": [ 7.23985, 49.068491 ] } },
{ "type": "Feature", "properties": { "id": 3593 }, "geometry": { "type": "Point", "coordinates": [ 6.540998, 49.032276 ] } },
{ "type": "Feature", "properties": { "id": 3594 }, "geometry": { "type": "Point", "coordinates": [ 6.739895, 48.72637 ] } },
{ "type": "Feature", "properties": { "id": 3595 }, "geometry": { "type": "Point", "coordinates": [ 6.460413, 49.090277 ] } },
{ "type": "Feature", "properties": { "id": 3596 }, "geometry": { "type": "Point", "coordinates": [ 6.291261, 48.975842 ] } },
{ "type": "Feature", "properties": { "id": 3597 }, "geometry": { "type": "Point", "coordinates": [ 6.786754, 48.609806 ] } },
{ "type": "Feature", "properties": { "id": 3598 }, "geometry": { "type": "Point", "coordinates": [ 7.189029, 48.789406 ] } },
{ "type": "Feature", "properties": { "id": 3599 }, "geometry": { "type": "Point", "coordinates": [ 6.597148, 48.770997 ] } },
{ "type": "Feature", "properties": { "id": 3600 }, "geometry": { "type": "Point", "coordinates": [ 6.812099, 48.761674 ] } },
{ "type": "Feature", "properties": { "id": 3601 }, "geometry": { "type": "Point", "coordinates": [ 6.967617, 49.268212 ] } },
{ "type": "Feature", "properties": { "id": 3602 }, "geometry": { "type": "Point", "coordinates": [ 5.886111, 49.369352 ] } },
{ "type": "Feature", "properties": { "id": 3603 }, "geometry": { "type": "Point", "coordinates": [ 6.795888, 48.650059 ] } },
{ "type": "Feature", "properties": { "id": 3604 }, "geometry": { "type": "Point", "coordinates": [ 6.822887, 48.816567 ] } },
{ "type": "Feature", "properties": { "id": 3605 }, "geometry": { "type": "Point", "coordinates": [ 6.927547, 49.083548 ] } },
{ "type": "Feature", "properties": { "id": 3606 }, "geometry": { "type": "Point", "coordinates": [ 6.662068, 48.908332 ] } },
{ "type": "Feature", "properties": { "id": 3607 }, "geometry": { "type": "Point", "coordinates": [ 7.343667, 49.198877 ] } },
{ "type": "Feature", "properties": { "id": 3608 }, "geometry": { "type": "Point", "coordinates": [ 7.02981, 49.282226 ] } },
{ "type": "Feature", "properties": { "id": 3609 }, "geometry": { "type": "Point", "coordinates": [ 6.883171, 49.291371 ] } },
{ "type": "Feature", "properties": { "id": 3610 }, "geometry": { "type": "Point", "coordinates": [ 6.884053, 48.538533 ] } },
{ "type": "Feature", "properties": { "id": 3611 }, "geometry": { "type": "Point", "coordinates": [ 6.379066, 49.316438 ] } },
{ "type": "Feature", "properties": { "id": 3612 }, "geometry": { "type": "Point", "coordinates": [ 6.533805, 48.715609 ] } },
{ "type": "Feature", "properties": { "id": 3613 }, "geometry": { "type": "Point", "coordinates": [ 5.909997, 49.016282 ] } },
{ "type": "Feature", "properties": { "id": 3614 }, "geometry": { "type": "Point", "coordinates": [ 6.116698, 49.108733 ] } },
{ "type": "Feature", "properties": { "id": 3615 }, "geometry": { "type": "Point", "coordinates": [ 6.929535, 48.634926 ] } },
{ "type": "Feature", "properties": { "id": 3616 }, "geometry": { "type": "Point", "coordinates": [ 6.495159, 48.743794 ] } },
{ "type": "Feature", "properties": { "id": 3617 }, "geometry": { "type": "Point", "coordinates": [ 5.981925, 48.901586 ] } },
{ "type": "Feature", "properties": { "id": 3618 }, "geometry": { "type": "Point", "coordinates": [ 7.330407, 48.850086 ] } },
{ "type": "Feature", "properties": { "id": 3619 }, "geometry": { "type": "Point", "coordinates": [ 6.578129, 49.034563 ] } },
{ "type": "Feature", "properties": { "id": 3620 }, "geometry": { "type": "Point", "coordinates": [ 6.652872, 48.614291 ] } },
{ "type": "Feature", "properties": { "id": 3621 }, "geometry": { "type": "Point", "coordinates": [ 6.391826, 48.725935 ] } },
{ "type": "Feature", "properties": { "id": 3622 }, "geometry": { "type": "Point", "coordinates": [ 6.427466, 48.741839 ] } },
{ "type": "Feature", "properties": { "id": 3623 }, "geometry": { "type": "Point", "coordinates": [ 7.003885, 48.531051 ] } },
{ "type": "Feature", "properties": { "id": 3624 }, "geometry": { "type": "Point", "coordinates": [ 6.902425, 49.120959 ] } },
{ "type": "Feature", "properties": { "id": 3625 }, "geometry": { "type": "Point", "coordinates": [ 5.754916, 49.294982 ] } },
{ "type": "Feature", "properties": { "id": 3626 }, "geometry": { "type": "Point", "coordinates": [ 5.973289, 49.066896 ] } },
{ "type": "Feature", "properties": { "id": 3627 }, "geometry": { "type": "Point", "coordinates": [ 6.324161, 48.759891 ] } },
{ "type": "Feature", "properties": { "id": 3628 }, "geometry": { "type": "Point", "coordinates": [ 7.336553, 49.389818 ] } },
{ "type": "Feature", "properties": { "id": 3629 }, "geometry": { "type": "Point", "coordinates": [ 6.892148, 48.909764 ] } },
{ "type": "Feature", "properties": { "id": 3630 }, "geometry": { "type": "Point", "coordinates": [ 6.477509, 49.339865 ] } },
{ "type": "Feature", "properties": { "id": 3631 }, "geometry": { "type": "Point", "coordinates": [ 6.167859, 48.687273 ] } },
{ "type": "Feature", "properties": { "id": 3632 }, "geometry": { "type": "Point", "coordinates": [ 7.277494, 49.241528 ] } },
{ "type": "Feature", "properties": { "id": 3633 }, "geometry": { "type": "Point", "coordinates": [ 5.890652, 48.829059 ] } },
{ "type": "Feature", "properties": { "id": 3634 }, "geometry": { "type": "Point", "coordinates": [ 6.612613, 48.790401 ] } },
{ "type": "Feature", "properties": { "id": 3635 }, "geometry": { "type": "Point", "coordinates": [ 6.319267, 49.2509 ] } },
{ "type": "Feature", "properties": { "id": 3636 }, "geometry": { "type": "Point", "coordinates": [ 7.323994, 48.893077 ] } },
{ "type": "Feature", "properties": { "id": 3637 }, "geometry": { "type": "Point", "coordinates": [ 6.134634, 48.637539 ] } },
{ "type": "Feature", "properties": { "id": 3638 }, "geometry": { "type": "Point", "coordinates": [ 6.750814, 49.069306 ] } },
{ "type": "Feature", "properties": { "id": 3639 }, "geometry": { "type": "Point", "coordinates": [ 5.754374, 48.541254 ] } },
{ "type": "Feature", "properties": { "id": 3640 }, "geometry": { "type": "Point", "coordinates": [ 6.973428, 48.839592 ] } },
{ "type": "Feature", "properties": { "id": 3641 }, "geometry": { "type": "Point", "coordinates": [ 7.244314, 48.831933 ] } },
{ "type": "Feature", "properties": { "id": 3642 }, "geometry": { "type": "Point", "coordinates": [ 6.584389, 49.252157 ] } },
{ "type": "Feature", "properties": { "id": 3643 }, "geometry": { "type": "Point", "coordinates": [ 7.119107, 48.699511 ] } },
{ "type": "Feature", "properties": { "id": 3644 }, "geometry": { "type": "Point", "coordinates": [ 6.48107, 49.173426 ] } },
{ "type": "Feature", "properties": { "id": 3645 }, "geometry": { "type": "Point", "coordinates": [ 6.203207, 49.383752 ] } },
{ "type": "Feature", "properties": { "id": 3646 }, "geometry": { "type": "Point", "coordinates": [ 7.06432, 49.205149 ] } },
{ "type": "Feature", "properties": { "id": 3647 }, "geometry": { "type": "Point", "coordinates": [ 6.212031, 49.181979 ] } },
{ "type": "Feature", "properties": { "id": 3648 }, "geometry": { "type": "Point", "coordinates": [ 6.84689, 49.084722 ] } },
{ "type": "Feature", "properties": { "id": 3649 }, "geometry": { "type": "Point", "coordinates": [ 6.728227, 48.602533 ] } },
{ "type": "Feature", "properties": { "id": 3650 }, "geometry": { "type": "Point", "coordinates": [ 5.994523, 49.06069 ] } },
{ "type": "Feature", "properties": { "id": 3651 }, "geometry": { "type": "Point", "coordinates": [ 6.564239, 49.145196 ] } },
{ "type": "Feature", "properties": { "id": 3652 }, "geometry": { "type": "Point", "coordinates": [ 6.61917, 48.775778 ] } },
{ "type": "Feature", "properties": { "id": 3653 }, "geometry": { "type": "Point", "coordinates": [ 6.141538, 48.538495 ] } },
{ "type": "Feature", "properties": { "id": 3654 }, "geometry": { "type": "Point", "coordinates": [ 6.492678, 48.818969 ] } },
{ "type": "Feature", "properties": { "id": 3655 }, "geometry": { "type": "Point", "coordinates": [ 6.489977, 49.313048 ] } },
{ "type": "Feature", "properties": { "id": 3656 }, "geometry": { "type": "Point", "coordinates": [ 6.828021, 49.122192 ] } },
{ "type": "Feature", "properties": { "id": 3657 }, "geometry": { "type": "Point", "coordinates": [ 6.086846, 49.169675 ] } },
{ "type": "Feature", "properties": { "id": 3658 }, "geometry": { "type": "Point", "coordinates": [ 7.155051, 48.554366 ] } },
{ "type": "Feature", "properties": { "id": 3659 }, "geometry": { "type": "Point", "coordinates": [ 6.132971, 49.086248 ] } },
{ "type": "Feature", "properties": { "id": 3660 }, "geometry": { "type": "Point", "coordinates": [ 7.333505, 48.72688 ] } },
{ "type": "Feature", "properties": { "id": 3661 }, "geometry": { "type": "Point", "coordinates": [ 5.985318, 48.533767 ] } },
{ "type": "Feature", "properties": { "id": 3662 }, "geometry": { "type": "Point", "coordinates": [ 5.983117, 48.603288 ] } },
{ "type": "Feature", "properties": { "id": 3663 }, "geometry": { "type": "Point", "coordinates": [ 6.360909, 49.281989 ] } },
{ "type": "Feature", "properties": { "id": 3664 }, "geometry": { "type": "Point", "coordinates": [ 6.806962, 48.866782 ] } },
{ "type": "Feature", "properties": { "id": 3665 }, "geometry": { "type": "Point", "coordinates": [ 6.9779, 49.213339 ] } },
{ "type": "Feature", "properties": { "id": 3666 }, "geometry": { "type": "Point", "coordinates": [ 6.431833, 48.947087 ] } },
{ "type": "Feature", "properties": { "id": 3667 }, "geometry": { "type": "Point", "coordinates": [ 6.702847, 48.520639 ] } },
{ "type": "Feature", "properties": { "id": 3668 }, "geometry": { "type": "Point", "coordinates": [ 7.169158, 49.209284 ] } },
{ "type": "Feature", "properties": { "id": 3669 }, "geometry": { "type": "Point", "coordinates": [ 6.186308, 49.041971 ] } },
{ "type": "Feature", "properties": { "id": 3670 }, "geometry": { "type": "Point", "coordinates": [ 7.030272, 48.801491 ] } },
{ "type": "Feature", "properties": { "id": 3671 }, "geometry": { "type": "Point", "coordinates": [ 6.094833, 48.546362 ] } },
{ "type": "Feature", "properties": { "id": 3672 }, "geometry": { "type": "Point", "coordinates": [ 6.483156, 48.883352 ] } },
{ "type": "Feature", "properties": { "id": 3673 }, "geometry": { "type": "Point", "coordinates": [ 6.010583, 49.292828 ] } },
{ "type": "Feature", "properties": { "id": 3674 }, "geometry": { "type": "Point", "coordinates": [ 6.838678, 49.368227 ] } },
{ "type": "Feature", "properties": { "id": 3675 }, "geometry": { "type": "Point", "coordinates": [ 6.158501, 48.633887 ] } },
{ "type": "Feature", "properties": { "id": 3676 }, "geometry": { "type": "Point", "coordinates": [ 7.138055, 48.796927 ] } },
{ "type": "Feature", "properties": { "id": 3677 }, "geometry": { "type": "Point", "coordinates": [ 6.229452, 48.918489 ] } },
{ "type": "Feature", "properties": { "id": 3678 }, "geometry": { "type": "Point", "coordinates": [ 6.401825, 49.009387 ] } },
{ "type": "Feature", "properties": { "id": 3679 }, "geometry": { "type": "Point", "coordinates": [ 6.93154, 49.245028 ] } },
{ "type": "Feature", "properties": { "id": 3680 }, "geometry": { "type": "Point", "coordinates": [ 7.157703, 49.110679 ] } },
{ "type": "Feature", "properties": { "id": 3681 }, "geometry": { "type": "Point", "coordinates": [ 7.173299, 49.32952 ] } },
{ "type": "Feature", "properties": { "id": 3682 }, "geometry": { "type": "Point", "coordinates": [ 6.934188, 48.666629 ] } },
{ "type": "Feature", "properties": { "id": 3683 }, "geometry": { "type": "Point", "coordinates": [ 5.920562, 48.910618 ] } },
{ "type": "Feature", "properties": { "id": 3684 }, "geometry": { "type": "Point", "coordinates": [ 6.992001, 49.207396 ] } },
{ "type": "Feature", "properties": { "id": 3685 }, "geometry": { "type": "Point", "coordinates": [ 5.821466, 48.519118 ] } },
{ "type": "Feature", "properties": { "id": 3686 }, "geometry": { "type": "Point", "coordinates": [ 5.92151, 48.618287 ] } },
{ "type": "Feature", "properties": { "id": 3687 }, "geometry": { "type": "Point", "coordinates": [ 7.320949, 48.854586 ] } },
{ "type": "Feature", "properties": { "id": 3688 }, "geometry": { "type": "Point", "coordinates": [ 5.911877, 48.768998 ] } },
{ "type": "Feature", "properties": { "id": 3689 }, "geometry": { "type": "Point", "coordinates": [ 5.794232, 49.12934 ] } },
{ "type": "Feature", "properties": { "id": 3690 }, "geometry": { "type": "Point", "coordinates": [ 7.141024, 48.818648 ] } },
{ "type": "Feature", "properties": { "id": 3691 }, "geometry": { "type": "Point", "coordinates": [ 6.715141, 48.769705 ] } },
{ "type": "Feature", "properties": { "id": 3692 }, "geometry": { "type": "Point", "coordinates": [ 6.266356, 48.602375 ] } },
{ "type": "Feature", "properties": { "id": 3693 }, "geometry": { "type": "Point", "coordinates": [ 5.784549, 48.997099 ] } },
{ "type": "Feature", "properties": { "id": 3694 }, "geometry": { "type": "Point", "coordinates": [ 6.15679, 48.813886 ] } },
{ "type": "Feature", "properties": { "id": 3695 }, "geometry": { "type": "Point", "coordinates": [ 7.100891, 48.570994 ] } },
{ "type": "Feature", "properties": { "id": 3696 }, "geometry": { "type": "Point", "coordinates": [ 6.330622, 48.879222 ] } },
{ "type": "Feature", "properties": { "id": 3697 }, "geometry": { "type": "Point", "coordinates": [ 7.137591, 49.358343 ] } },
{ "type": "Feature", "properties": { "id": 3698 }, "geometry": { "type": "Point", "coordinates": [ 6.14116, 49.399234 ] } },
{ "type": "Feature", "properties": { "id": 3699 }, "geometry": { "type": "Point", "coordinates": [ 6.631816, 49.112899 ] } },
{ "type": "Feature", "properties": { "id": 3700 }, "geometry": { "type": "Point", "coordinates": [ 7.282293, 48.875503 ] } },
{ "type": "Feature", "properties": { "id": 3701 }, "geometry": { "type": "Point", "coordinates": [ 6.587974, 49.281107 ] } },
{ "type": "Feature", "properties": { "id": 3702 }, "geometry": { "type": "Point", "coordinates": [ 6.44351, 49.029176 ] } },
{ "type": "Feature", "properties": { "id": 3703 }, "geometry": { "type": "Point", "coordinates": [ 7.127315, 49.176447 ] } },
{ "type": "Feature", "properties": { "id": 3704 }, "geometry": { "type": "Point", "coordinates": [ 6.221899, 49.348287 ] } },
{ "type": "Feature", "properties": { "id": 3705 }, "geometry": { "type": "Point", "coordinates": [ 6.52098, 48.540546 ] } },
{ "type": "Feature", "properties": { "id": 3706 }, "geometry": { "type": "Point", "coordinates": [ 6.377145, 49.161237 ] } },
{ "type": "Feature", "properties": { "id": 3707 }, "geometry": { "type": "Point", "coordinates": [ 7.344242, 49.367771 ] } },
{ "type": "Feature", "properties": { "id": 3708 }, "geometry": { "type": "Point", "coordinates": [ 6.091194, 48.973674 ] } },
{ "type": "Feature", "properties": { "id": 3709 }, "geometry": { "type": "Point", "coordinates": [ 6.061894, 48.58491 ] } },
{ "type": "Feature", "properties": { "id": 3710 }, "geometry": { "type": "Point", "coordinates": [ 6.55228, 48.807603 ] } },
{ "type": "Feature", "properties": { "id": 3711 }, "geometry": { "type": "Point", "coordinates": [ 6.015106, 49.016746 ] } },
{ "type": "Feature", "properties": { "id": 3712 }, "geometry": { "type": "Point", "coordinates": [ 7.128625, 48.604534 ] } },
{ "type": "Feature", "properties": { "id": 3713 }, "geometry": { "type": "Point", "coordinates": [ 5.844026, 49.396291 ] } },
{ "type": "Feature", "properties": { "id": 3714 }, "geometry": { "type": "Point", "coordinates": [ 6.055342, 48.927485 ] } },
{ "type": "Feature", "properties": { "id": 3715 }, "geometry": { "type": "Point", "coordinates": [ 6.722128, 49.135787 ] } },
{ "type": "Feature", "properties": { "id": 3716 }, "geometry": { "type": "Point", "coordinates": [ 6.53806, 48.77167 ] } },
{ "type": "Feature", "properties": { "id": 3717 }, "geometry": { "type": "Point", "coordinates": [ 6.111919, 48.8113 ] } },
{ "type": "Feature", "properties": { "id": 3718 }, "geometry": { "type": "Point", "coordinates": [ 6.639552, 48.759054 ] } },
{ "type": "Feature", "properties": { "id": 3719 }, "geometry": { "type": "Point", "coordinates": [ 6.134236, 49.004574 ] } },
{ "type": "Feature", "properties": { "id": 3720 }, "geometry": { "type": "Point", "coordinates": [ 6.377813, 49.107314 ] } },
{ "type": "Feature", "properties": { "id": 3721 }, "geometry": { "type": "Point", "coordinates": [ 6.76238, 48.889493 ] } },
{ "type": "Feature", "properties": { "id": 3722 }, "geometry": { "type": "Point", "coordinates": [ 6.316018, 48.790635 ] } },
{ "type": "Feature", "properties": { "id": 3723 }, "geometry": { "type": "Point", "coordinates": [ 6.588275, 48.529764 ] } },
{ "type": "Feature", "properties": { "id": 3724 }, "geometry": { "type": "Point", "coordinates": [ 6.322125, 48.542548 ] } },
{ "type": "Feature", "properties": { "id": 3725 }, "geometry": { "type": "Point", "coordinates": [ 6.214056, 48.89736 ] } },
{ "type": "Feature", "properties": { "id": 3726 }, "geometry": { "type": "Point", "coordinates": [ 6.225022, 49.32823 ] } },
{ "type": "Feature", "properties": { "id": 3727 }, "geometry": { "type": "Point", "coordinates": [ 6.316036, 48.655306 ] } },
{ "type": "Feature", "properties": { "id": 3728 }, "geometry": { "type": "Point", "coordinates": [ 6.010585, 49.238409 ] } },
{ "type": "Feature", "properties": { "id": 3729 }, "geometry": { "type": "Point", "coordinates": [ 5.86199, 49.186021 ] } },
{ "type": "Feature", "properties": { "id": 3730 }, "geometry": { "type": "Point", "coordinates": [ 6.876292, 49.080601 ] } },
{ "type": "Feature", "properties": { "id": 3731 }, "geometry": { "type": "Point", "coordinates": [ 7.158675, 48.692935 ] } },
{ "type": "Feature", "properties": { "id": 3732 }, "geometry": { "type": "Point", "coordinates": [ 6.696861, 49.203364 ] } },
{ "type": "Feature", "properties": { "id": 3733 }, "geometry": { "type": "Point", "coordinates": [ 6.449877, 48.712897 ] } },
{ "type": "Feature", "properties": { "id": 3734 }, "geometry": { "type": "Point", "coordinates": [ 6.224684, 48.594866 ] } },
{ "type": "Feature", "properties": { "id": 3735 }, "geometry": { "type": "Point", "coordinates": [ 6.632707, 48.565683 ] } },
{ "type": "Feature", "properties": { "id": 3736 }, "geometry": { "type": "Point", "coordinates": [ 5.793757, 48.977988 ] } },
{ "type": "Feature", "properties": { "id": 3737 }, "geometry": { "type": "Point", "coordinates": [ 6.21248, 48.716926 ] } },
{ "type": "Feature", "properties": { "id": 3738 }, "geometry": { "type": "Point", "coordinates": [ 6.446016, 48.651106 ] } },
{ "type": "Feature", "properties": { "id": 3739 }, "geometry": { "type": "Point", "coordinates": [ 5.806369, 48.773548 ] } },
{ "type": "Feature", "properties": { "id": 3740 }, "geometry": { "type": "Point", "coordinates": [ 6.061118, 48.785029 ] } },
{ "type": "Feature", "properties": { "id": 3741 }, "geometry": { "type": "Point", "coordinates": [ 7.047545, 49.029328 ] } },
{ "type": "Feature", "properties": { "id": 3742 }, "geometry": { "type": "Point", "coordinates": [ 7.073564, 48.883268 ] } },
{ "type": "Feature", "properties": { "id": 3743 }, "geometry": { "type": "Point", "coordinates": [ 7.206648, 49.129593 ] } },
{ "type": "Feature", "properties": { "id": 3744 }, "geometry": { "type": "Point", "coordinates": [ 6.368911, 49.009149 ] } },
{ "type": "Feature", "properties": { "id": 3745 }, "geometry": { "type": "Point", "coordinates": [ 6.32955, 49.365636 ] } },
{ "type": "Feature", "properties": { "id": 3746 }, "geometry": { "type": "Point", "coordinates": [ 6.263023, 48.582228 ] } },
{ "type": "Feature", "properties": { "id": 3747 }, "geometry": { "type": "Point", "coordinates": [ 6.931035, 48.626215 ] } },
{ "type": "Feature", "properties": { "id": 3748 }, "geometry": { "type": "Point", "coordinates": [ 6.437575, 48.738056 ] } },
{ "type": "Feature", "properties": { "id": 3749 }, "geometry": { "type": "Point", "coordinates": [ 6.448162, 48.730409 ] } },
{ "type": "Feature", "properties": { "id": 3750 }, "geometry": { "type": "Point", "coordinates": [ 5.922399, 49.336193 ] } },
{ "type": "Feature", "properties": { "id": 3751 }, "geometry": { "type": "Point", "coordinates": [ 6.088451, 49.227433 ] } },
{ "type": "Feature", "properties": { "id": 3752 }, "geometry": { "type": "Point", "coordinates": [ 6.943551, 49.250503 ] } },
{ "type": "Feature", "properties": { "id": 3753 }, "geometry": { "type": "Point", "coordinates": [ 5.865544, 48.908887 ] } },
{ "type": "Feature", "properties": { "id": 3754 }, "geometry": { "type": "Point", "coordinates": [ 6.910125, 49.279176 ] } },
{ "type": "Feature", "properties": { "id": 3755 }, "geometry": { "type": "Point", "coordinates": [ 6.084864, 49.359914 ] } },
{ "type": "Feature", "properties": { "id": 3756 }, "geometry": { "type": "Point", "coordinates": [ 6.429573, 48.860401 ] } },
{ "type": "Feature", "properties": { "id": 3757 }, "geometry": { "type": "Point", "coordinates": [ 6.42237, 48.689203 ] } },
{ "type": "Feature", "properties": { "id": 3758 }, "geometry": { "type": "Point", "coordinates": [ 6.887162, 49.259211 ] } },
{ "type": "Feature", "properties": { "id": 3759 }, "geometry": { "type": "Point", "coordinates": [ 6.867866, 48.509716 ] } },
{ "type": "Feature", "properties": { "id": 3760 }, "geometry": { "type": "Point", "coordinates": [ 7.108762, 48.892149 ] } },
{ "type": "Feature", "properties": { "id": 3761 }, "geometry": { "type": "Point", "coordinates": [ 6.656015, 49.184543 ] } },
{ "type": "Feature", "properties": { "id": 3762 }, "geometry": { "type": "Point", "coordinates": [ 6.351968, 49.289804 ] } },
{ "type": "Feature", "properties": { "id": 3763 }, "geometry": { "type": "Point", "coordinates": [ 6.63615, 48.753936 ] } },
{ "type": "Feature", "properties": { "id": 3764 }, "geometry": { "type": "Point", "coordinates": [ 6.239564, 49.30693 ] } },
{ "type": "Feature", "properties": { "id": 3765 }, "geometry": { "type": "Point", "coordinates": [ 7.080486, 48.789849 ] } },
{ "type": "Feature", "properties": { "id": 3766 }, "geometry": { "type": "Point", "coordinates": [ 6.13999, 48.939025 ] } },
{ "type": "Feature", "properties": { "id": 3767 }, "geometry": { "type": "Point", "coordinates": [ 5.846278, 48.529939 ] } },
{ "type": "Feature", "properties": { "id": 3768 }, "geometry": { "type": "Point", "coordinates": [ 6.523029, 48.585714 ] } },
{ "type": "Feature", "properties": { "id": 3769 }, "geometry": { "type": "Point", "coordinates": [ 7.260597, 49.292808 ] } },
{ "type": "Feature", "properties": { "id": 3770 }, "geometry": { "type": "Point", "coordinates": [ 6.346525, 48.503388 ] } },
{ "type": "Feature", "properties": { "id": 3771 }, "geometry": { "type": "Point", "coordinates": [ 5.894577, 48.645041 ] } },
{ "type": "Feature", "properties": { "id": 3772 }, "geometry": { "type": "Point", "coordinates": [ 6.368279, 49.190365 ] } },
{ "type": "Feature", "properties": { "id": 3773 }, "geometry": { "type": "Point", "coordinates": [ 6.595781, 48.927629 ] } },
{ "type": "Feature", "properties": { "id": 3774 }, "geometry": { "type": "Point", "coordinates": [ 6.645584, 49.061697 ] } },
{ "type": "Feature", "properties": { "id": 3775 }, "geometry": { "type": "Point", "coordinates": [ 6.981801, 49.305203 ] } },
{ "type": "Feature", "properties": { "id": 3776 }, "geometry": { "type": "Point", "coordinates": [ 7.003623, 49.380039 ] } },
{ "type": "Feature", "properties": { "id": 3777 }, "geometry": { "type": "Point", "coordinates": [ 7.305072, 48.690731 ] } },
{ "type": "Feature", "properties": { "id": 3778 }, "geometry": { "type": "Point", "coordinates": [ 6.73356, 49.105078 ] } },
{ "type": "Feature", "properties": { "id": 3779 }, "geometry": { "type": "Point", "coordinates": [ 7.318796, 48.69614 ] } },
{ "type": "Feature", "properties": { "id": 3780 }, "geometry": { "type": "Point", "coordinates": [ 6.235023, 48.645705 ] } },
{ "type": "Feature", "properties": { "id": 3781 }, "geometry": { "type": "Point", "coordinates": [ 7.147203, 49.230633 ] } },
{ "type": "Feature", "properties": { "id": 3782 }, "geometry": { "type": "Point", "coordinates": [ 6.706674, 49.200831 ] } },
{ "type": "Feature", "properties": { "id": 3783 }, "geometry": { "type": "Point", "coordinates": [ 6.826011, 49.119217 ] } },
{ "type": "Feature", "properties": { "id": 3784 }, "geometry": { "type": "Point", "coordinates": [ 6.609548, 48.922758 ] } },
{ "type": "Feature", "properties": { "id": 3785 }, "geometry": { "type": "Point", "coordinates": [ 7.180284, 49.260828 ] } },
{ "type": "Feature", "properties": { "id": 3786 }, "geometry": { "type": "Point", "coordinates": [ 6.353042, 49.350593 ] } },
{ "type": "Feature", "properties": { "id": 3787 }, "geometry": { "type": "Point", "coordinates": [ 7.086338, 48.996325 ] } },
{ "type": "Feature", "properties": { "id": 3788 }, "geometry": { "type": "Point", "coordinates": [ 6.111487, 49.275222 ] } },
{ "type": "Feature", "properties": { "id": 3789 }, "geometry": { "type": "Point", "coordinates": [ 6.40124, 48.776575 ] } },
{ "type": "Feature", "properties": { "id": 3790 }, "geometry": { "type": "Point", "coordinates": [ 7.068143, 48.713681 ] } },
{ "type": "Feature", "properties": { "id": 3791 }, "geometry": { "type": "Point", "coordinates": [ 5.878951, 48.614348 ] } },
{ "type": "Feature", "properties": { "id": 3792 }, "geometry": { "type": "Point", "coordinates": [ 7.096842, 48.725453 ] } },
{ "type": "Feature", "properties": { "id": 3793 }, "geometry": { "type": "Point", "coordinates": [ 7.158275, 49.256117 ] } },
{ "type": "Feature", "properties": { "id": 3794 }, "geometry": { "type": "Point", "coordinates": [ 6.088246, 48.939327 ] } },
{ "type": "Feature", "properties": { "id": 3795 }, "geometry": { "type": "Point", "coordinates": [ 5.753131, 48.866398 ] } },
{ "type": "Feature", "properties": { "id": 3796 }, "geometry": { "type": "Point", "coordinates": [ 7.102603, 49.310849 ] } },
{ "type": "Feature", "properties": { "id": 3797 }, "geometry": { "type": "Point", "coordinates": [ 7.025829, 48.703269 ] } },
{ "type": "Feature", "properties": { "id": 3798 }, "geometry": { "type": "Point", "coordinates": [ 7.307233, 49.044678 ] } },
{ "type": "Feature", "properties": { "id": 3799 }, "geometry": { "type": "Point", "coordinates": [ 6.382985, 48.795909 ] } },
{ "type": "Feature", "properties": { "id": 3800 }, "geometry": { "type": "Point", "coordinates": [ 5.795762, 49.217854 ] } },
{ "type": "Feature", "properties": { "id": 3801 }, "geometry": { "type": "Point", "coordinates": [ 5.879624, 48.951187 ] } },
{ "type": "Feature", "properties": { "id": 3802 }, "geometry": { "type": "Point", "coordinates": [ 6.1107, 49.162293 ] } },
{ "type": "Feature", "properties": { "id": 3803 }, "geometry": { "type": "Point", "coordinates": [ 6.233754, 48.639491 ] } },
{ "type": "Feature", "properties": { "id": 3804 }, "geometry": { "type": "Point", "coordinates": [ 6.283878, 49.262368 ] } },
{ "type": "Feature", "properties": { "id": 3805 }, "geometry": { "type": "Point", "coordinates": [ 6.792454, 48.645376 ] } },
{ "type": "Feature", "properties": { "id": 3806 }, "geometry": { "type": "Point", "coordinates": [ 6.47037, 48.716026 ] } },
{ "type": "Feature", "properties": { "id": 3807 }, "geometry": { "type": "Point", "coordinates": [ 7.009174, 48.804319 ] } },
{ "type": "Feature", "properties": { "id": 3808 }, "geometry": { "type": "Point", "coordinates": [ 6.117669, 48.692111 ] } },
{ "type": "Feature", "properties": { "id": 3809 }, "geometry": { "type": "Point", "coordinates": [ 7.343031, 48.919585 ] } },
{ "type": "Feature", "properties": { "id": 3810 }, "geometry": { "type": "Point", "coordinates": [ 6.696164, 49.084811 ] } },
{ "type": "Feature", "properties": { "id": 3811 }, "geometry": { "type": "Point", "coordinates": [ 5.856403, 49.105424 ] } },
{ "type": "Feature", "properties": { "id": 3812 }, "geometry": { "type": "Point", "coordinates": [ 6.258898, 49.270627 ] } },
{ "type": "Feature", "properties": { "id": 3813 }, "geometry": { "type": "Point", "coordinates": [ 6.348269, 49.030497 ] } },
{ "type": "Feature", "properties": { "id": 3814 }, "geometry": { "type": "Point", "coordinates": [ 7.185812, 48.54998 ] } },
{ "type": "Feature", "properties": { "id": 3815 }, "geometry": { "type": "Point", "coordinates": [ 6.518015, 49.219484 ] } },
{ "type": "Feature", "properties": { "id": 3816 }, "geometry": { "type": "Point", "coordinates": [ 6.706968, 48.636963 ] } },
{ "type": "Feature", "properties": { "id": 3817 }, "geometry": { "type": "Point", "coordinates": [ 7.010477, 49.349929 ] } },
{ "type": "Feature", "properties": { "id": 3818 }, "geometry": { "type": "Point", "coordinates": [ 7.134042, 49.287278 ] } },
{ "type": "Feature", "properties": { "id": 3819 }, "geometry": { "type": "Point", "coordinates": [ 5.916707, 48.976023 ] } },
{ "type": "Feature", "properties": { "id": 3820 }, "geometry": { "type": "Point", "coordinates": [ 5.901649, 48.643196 ] } },
{ "type": "Feature", "properties": { "id": 3821 }, "geometry": { "type": "Point", "coordinates": [ 6.477429, 48.768472 ] } },
{ "type": "Feature", "properties": { "id": 3822 }, "geometry": { "type": "Point", "coordinates": [ 5.939885, 48.504596 ] } },
{ "type": "Feature", "properties": { "id": 3823 }, "geometry": { "type": "Point", "coordinates": [ 6.867345, 49.29504 ] } },
{ "type": "Feature", "properties": { "id": 3824 }, "geometry": { "type": "Point", "coordinates": [ 5.828204, 49.313923 ] } },
{ "type": "Feature", "properties": { "id": 3825 }, "geometry": { "type": "Point", "coordinates": [ 6.121852, 49.331292 ] } },
{ "type": "Feature", "properties": { "id": 3826 }, "geometry": { "type": "Point", "coordinates": [ 5.831645, 49.296704 ] } },
{ "type": "Feature", "properties": { "id": 3827 }, "geometry": { "type": "Point", "coordinates": [ 6.359207, 48.578457 ] } },
{ "type": "Feature", "properties": { "id": 3828 }, "geometry": { "type": "Point", "coordinates": [ 6.169288, 49.26956 ] } },
{ "type": "Feature", "properties": { "id": 3829 }, "geometry": { "type": "Point", "coordinates": [ 6.241872, 48.693251 ] } },
{ "type": "Feature", "properties": { "id": 3830 }, "geometry": { "type": "Point", "coordinates": [ 5.850497, 49.007047 ] } },
{ "type": "Feature", "properties": { "id": 3831 }, "geometry": { "type": "Point", "coordinates": [ 6.614625, 48.885614 ] } },
{ "type": "Feature", "properties": { "id": 3832 }, "geometry": { "type": "Point", "coordinates": [ 6.330596, 48.962781 ] } },
{ "type": "Feature", "properties": { "id": 3833 }, "geometry": { "type": "Point", "coordinates": [ 7.061863, 49.137785 ] } },
{ "type": "Feature", "properties": { "id": 3834 }, "geometry": { "type": "Point", "coordinates": [ 6.247743, 49.389354 ] } },
{ "type": "Feature", "properties": { "id": 3835 }, "geometry": { "type": "Point", "coordinates": [ 6.758503, 48.852082 ] } },
{ "type": "Feature", "properties": { "id": 3836 }, "geometry": { "type": "Point", "coordinates": [ 5.782329, 48.898269 ] } },
{ "type": "Feature", "properties": { "id": 3837 }, "geometry": { "type": "Point", "coordinates": [ 6.296048, 48.999199 ] } },
{ "type": "Feature", "properties": { "id": 3838 }, "geometry": { "type": "Point", "coordinates": [ 6.37816, 48.941036 ] } },
{ "type": "Feature", "properties": { "id": 3839 }, "geometry": { "type": "Point", "coordinates": [ 5.784908, 49.228837 ] } },
{ "type": "Feature", "properties": { "id": 3840 }, "geometry": { "type": "Point", "coordinates": [ 6.016909, 49.21478 ] } },
{ "type": "Feature", "properties": { "id": 3841 }, "geometry": { "type": "Point", "coordinates": [ 6.562399, 48.909993 ] } },
{ "type": "Feature", "properties": { "id": 3842 }, "geometry": { "type": "Point", "coordinates": [ 5.822745, 48.893676 ] } },
{ "type": "Feature", "properties": { "id": 3843 }, "geometry": { "type": "Point", "coordinates": [ 6.033733, 48.926557 ] } },
{ "type": "Feature", "properties": { "id": 3844 }, "geometry": { "type": "Point", "coordinates": [ 6.819392, 49.390523 ] } },
{ "type": "Feature", "properties": { "id": 3845 }, "geometry": { "type": "Point", "coordinates": [ 6.198023, 49.275798 ] } },
{ "type": "Feature", "properties": { "id": 3846 }, "geometry": { "type": "Point", "coordinates": [ 7.157441, 49.385193 ] } },
{ "type": "Feature", "properties": { "id": 3847 }, "geometry": { "type": "Point", "coordinates": [ 7.309678, 49.322526 ] } },
{ "type": "Feature", "properties": { "id": 3848 }, "geometry": { "type": "Point", "coordinates": [ 5.951543, 48.824662 ] } },
{ "type": "Feature", "properties": { "id": 3849 }, "geometry": { "type": "Point", "coordinates": [ 7.318581, 48.891598 ] } },
{ "type": "Feature", "properties": { "id": 3850 }, "geometry": { "type": "Point", "coordinates": [ 7.077448, 48.624857 ] } },
{ "type": "Feature", "properties": { "id": 3851 }, "geometry": { "type": "Point", "coordinates": [ 6.429773, 49.361438 ] } },
{ "type": "Feature", "properties": { "id": 3852 }, "geometry": { "type": "Point", "coordinates": [ 6.424823, 48.773399 ] } },
{ "type": "Feature", "properties": { "id": 3853 }, "geometry": { "type": "Point", "coordinates": [ 6.218421, 49.155327 ] } },
{ "type": "Feature", "properties": { "id": 3854 }, "geometry": { "type": "Point", "coordinates": [ 6.556458, 48.899088 ] } },
{ "type": "Feature", "properties": { "id": 3855 }, "geometry": { "type": "Point", "coordinates": [ 7.151819, 49.094237 ] } },
{ "type": "Feature", "properties": { "id": 3856 }, "geometry": { "type": "Point", "coordinates": [ 6.475173, 48.87764 ] } },
{ "type": "Feature", "properties": { "id": 3857 }, "geometry": { "type": "Point", "coordinates": [ 6.491546, 48.677571 ] } },
{ "type": "Feature", "properties": { "id": 3858 }, "geometry": { "type": "Point", "coordinates": [ 6.51626, 48.928724 ] } },
{ "type": "Feature", "properties": { "id": 3859 }, "geometry": { "type": "Point", "coordinates": [ 6.347093, 48.832103 ] } },
{ "type": "Feature", "properties": { "id": 3860 }, "geometry": { "type": "Point", "coordinates": [ 6.546547, 48.794714 ] } },
{ "type": "Feature", "properties": { "id": 3861 }, "geometry": { "type": "Point", "coordinates": [ 5.807706, 48.921867 ] } },
{ "type": "Feature", "properties": { "id": 3862 }, "geometry": { "type": "Point", "coordinates": [ 7.111322, 49.276905 ] } },
{ "type": "Feature", "properties": { "id": 3863 }, "geometry": { "type": "Point", "coordinates": [ 7.306714, 48.669922 ] } },
{ "type": "Feature", "properties": { "id": 3864 }, "geometry": { "type": "Point", "coordinates": [ 7.060987, 48.612725 ] } },
{ "type": "Feature", "properties": { "id": 3865 }, "geometry": { "type": "Point", "coordinates": [ 7.078395, 48.676813 ] } },
{ "type": "Feature", "properties": { "id": 3866 }, "geometry": { "type": "Point", "coordinates": [ 6.54632, 48.94505 ] } },
{ "type": "Feature", "properties": { "id": 3867 }, "geometry": { "type": "Point", "coordinates": [ 6.319084, 49.347323 ] } },
{ "type": "Feature", "properties": { "id": 3868 }, "geometry": { "type": "Point", "coordinates": [ 6.521542, 49.191316 ] } },
{ "type": "Feature", "properties": { "id": 3869 }, "geometry": { "type": "Point", "coordinates": [ 6.30592, 49.069829 ] } },
{ "type": "Feature", "properties": { "id": 3870 }, "geometry": { "type": "Point", "coordinates": [ 7.073484, 49.149069 ] } },
{ "type": "Feature", "properties": { "id": 3871 }, "geometry": { "type": "Point", "coordinates": [ 6.603544, 49.338173 ] } },
{ "type": "Feature", "properties": { "id": 3872 }, "geometry": { "type": "Point", "coordinates": [ 5.789231, 49.085084 ] } },
{ "type": "Feature", "properties": { "id": 3873 }, "geometry": { "type": "Point", "coordinates": [ 6.522294, 49.138674 ] } },
{ "type": "Feature", "properties": { "id": 3874 }, "geometry": { "type": "Point", "coordinates": [ 6.578858, 48.592432 ] } },
{ "type": "Feature", "properties": { "id": 3875 }, "geometry": { "type": "Point", "coordinates": [ 6.244303, 49.369958 ] } },
{ "type": "Feature", "properties": { "id": 3876 }, "geometry": { "type": "Point", "coordinates": [ 6.721468, 48.989416 ] } },
{ "type": "Feature", "properties": { "id": 3877 }, "geometry": { "type": "Point", "coordinates": [ 6.032711, 48.867187 ] } },
{ "type": "Feature", "properties": { "id": 3878 }, "geometry": { "type": "Point", "coordinates": [ 7.345436, 49.119784 ] } },
{ "type": "Feature", "properties": { "id": 3879 }, "geometry": { "type": "Point", "coordinates": [ 6.917777, 49.204477 ] } },
{ "type": "Feature", "properties": { "id": 3880 }, "geometry": { "type": "Point", "coordinates": [ 6.287831, 49.249737 ] } },
{ "type": "Feature", "properties": { "id": 3881 }, "geometry": { "type": "Point", "coordinates": [ 6.416099, 48.98821 ] } },
{ "type": "Feature", "properties": { "id": 3882 }, "geometry": { "type": "Point", "coordinates": [ 6.078093, 49.185012 ] } },
{ "type": "Feature", "properties": { "id": 3883 }, "geometry": { "type": "Point", "coordinates": [ 6.561415, 48.993583 ] } },
{ "type": "Feature", "properties": { "id": 3884 }, "geometry": { "type": "Point", "coordinates": [ 6.723374, 49.042527 ] } },
{ "type": "Feature", "properties": { "id": 3885 }, "geometry": { "type": "Point", "coordinates": [ 5.849675, 49.029426 ] } },
{ "type": "Feature", "properties": { "id": 3886 }, "geometry": { "type": "Point", "coordinates": [ 6.53527, 49.019826 ] } },
{ "type": "Feature", "properties": { "id": 3887 }, "geometry": { "type": "Point", "coordinates": [ 6.311788, 49.335724 ] } },
{ "type": "Feature", "properties": { "id": 3888 }, "geometry": { "type": "Point", "coordinates": [ 7.19021, 48.789277 ] } },
{ "type": "Feature", "properties": { "id": 3889 }, "geometry": { "type": "Point", "coordinates": [ 6.794579, 48.803148 ] } },
{ "type": "Feature", "properties": { "id": 3890 }, "geometry": { "type": "Point", "coordinates": [ 7.083174, 48.631118 ] } },
{ "type": "Feature", "properties": { "id": 3891 }, "geometry": { "type": "Point", "coordinates": [ 6.592458, 48.603773 ] } },
{ "type": "Feature", "properties": { "id": 3892 }, "geometry": { "type": "Point", "coordinates": [ 6.31458, 48.981232 ] } },
{ "type": "Feature", "properties": { "id": 3893 }, "geometry": { "type": "Point", "coordinates": [ 7.347087, 48.720718 ] } },
{ "type": "Feature", "properties": { "id": 3894 }, "geometry": { "type": "Point", "coordinates": [ 6.825167, 48.759156 ] } },
{ "type": "Feature", "properties": { "id": 3895 }, "geometry": { "type": "Point", "coordinates": [ 6.460655, 48.930156 ] } },
{ "type": "Feature", "properties": { "id": 3896 }, "geometry": { "type": "Point", "coordinates": [ 6.57729, 48.816875 ] } },
{ "type": "Feature", "properties": { "id": 3897 }, "geometry": { "type": "Point", "coordinates": [ 7.024301, 49.312163 ] } },
{ "type": "Feature", "properties": { "id": 3898 }, "geometry": { "type": "Point", "coordinates": [ 6.980435, 48.884953 ] } },
{ "type": "Feature", "properties": { "id": 3899 }, "geometry": { "type": "Point", "coordinates": [ 6.499827, 48.919863 ] } },
{ "type": "Feature", "properties": { "id": 3900 }, "geometry": { "type": "Point", "coordinates": [ 6.052418, 48.558148 ] } },
{ "type": "Feature", "properties": { "id": 3901 }, "geometry": { "type": "Point", "coordinates": [ 6.230352, 48.509451 ] } },
{ "type": "Feature", "properties": { "id": 3902 }, "geometry": { "type": "Point", "coordinates": [ 6.82652, 49.015034 ] } },
{ "type": "Feature", "properties": { "id": 3903 }, "geometry": { "type": "Point", "coordinates": [ 7.077106, 49.28719 ] } },
{ "type": "Feature", "properties": { "id": 3904 }, "geometry": { "type": "Point", "coordinates": [ 6.179856, 48.679758 ] } },
{ "type": "Feature", "properties": { "id": 3905 }, "geometry": { "type": "Point", "coordinates": [ 6.646728, 49.094019 ] } },
{ "type": "Feature", "properties": { "id": 3906 }, "geometry": { "type": "Point", "coordinates": [ 6.20041, 48.998778 ] } },
{ "type": "Feature", "properties": { "id": 3907 }, "geometry": { "type": "Point", "coordinates": [ 5.867736, 49.148749 ] } },
{ "type": "Feature", "properties": { "id": 3908 }, "geometry": { "type": "Point", "coordinates": [ 6.052523, 48.913368 ] } },
{ "type": "Feature", "properties": { "id": 3909 }, "geometry": { "type": "Point", "coordinates": [ 6.455423, 48.930647 ] } },
{ "type": "Feature", "properties": { "id": 3910 }, "geometry": { "type": "Point", "coordinates": [ 6.872397, 48.649131 ] } },
{ "type": "Feature", "properties": { "id": 3911 }, "geometry": { "type": "Point", "coordinates": [ 7.170597, 48.632285 ] } },
{ "type": "Feature", "properties": { "id": 3912 }, "geometry": { "type": "Point", "coordinates": [ 6.304312, 48.803977 ] } },
{ "type": "Feature", "properties": { "id": 3913 }, "geometry": { "type": "Point", "coordinates": [ 6.61057, 49.243988 ] } },
{ "type": "Feature", "properties": { "id": 3914 }, "geometry": { "type": "Point", "coordinates": [ 6.85706, 49.210003 ] } },
{ "type": "Feature", "properties": { "id": 3915 }, "geometry": { "type": "Point", "coordinates": [ 5.882016, 48.991926 ] } },
{ "type": "Feature", "properties": { "id": 3916 }, "geometry": { "type": "Point", "coordinates": [ 7.212346, 49.07887 ] } },
{ "type": "Feature", "properties": { "id": 3917 }, "geometry": { "type": "Point", "coordinates": [ 7.199191, 49.20584 ] } },
{ "type": "Feature", "properties": { "id": 3918 }, "geometry": { "type": "Point", "coordinates": [ 6.645592, 49.231376 ] } },
{ "type": "Feature", "properties": { "id": 3919 }, "geometry": { "type": "Point", "coordinates": [ 6.733324, 49.373881 ] } },
{ "type": "Feature", "properties": { "id": 3920 }, "geometry": { "type": "Point", "coordinates": [ 6.287729, 48.525756 ] } },
{ "type": "Feature", "properties": { "id": 3921 }, "geometry": { "type": "Point", "coordinates": [ 6.724523, 48.591472 ] } },
{ "type": "Feature", "properties": { "id": 3922 }, "geometry": { "type": "Point", "coordinates": [ 5.943741, 48.61601 ] } },
{ "type": "Feature", "properties": { "id": 3923 }, "geometry": { "type": "Point", "coordinates": [ 7.166487, 49.288771 ] } },
{ "type": "Feature", "properties": { "id": 3924 }, "geometry": { "type": "Point", "coordinates": [ 6.17617, 49.35928 ] } },
{ "type": "Feature", "properties": { "id": 3925 }, "geometry": { "type": "Point", "coordinates": [ 7.086088, 48.696479 ] } },
{ "type": "Feature", "properties": { "id": 3926 }, "geometry": { "type": "Point", "coordinates": [ 7.14943, 48.919839 ] } },
{ "type": "Feature", "properties": { "id": 3927 }, "geometry": { "type": "Point", "coordinates": [ 7.025088, 48.897067 ] } },
{ "type": "Feature", "properties": { "id": 3928 }, "geometry": { "type": "Point", "coordinates": [ 5.996424, 48.595368 ] } },
{ "type": "Feature", "properties": { "id": 3929 }, "geometry": { "type": "Point", "coordinates": [ 6.815997, 48.54714 ] } },
{ "type": "Feature", "properties": { "id": 3930 }, "geometry": { "type": "Point", "coordinates": [ 6.52801, 48.524723 ] } },
{ "type": "Feature", "properties": { "id": 3931 }, "geometry": { "type": "Point", "coordinates": [ 6.638906, 49.240388 ] } },
{ "type": "Feature", "properties": { "id": 3932 }, "geometry": { "type": "Point", "coordinates": [ 6.36488, 48.59093 ] } },
{ "type": "Feature", "properties": { "id": 3933 }, "geometry": { "type": "Point", "coordinates": [ 6.567599, 49.196122 ] } },
{ "type": "Feature", "properties": { "id": 3934 }, "geometry": { "type": "Point", "coordinates": [ 5.754294, 48.588717 ] } },
{ "type": "Feature", "properties": { "id": 3935 }, "geometry": { "type": "Point", "coordinates": [ 6.289413, 49.052483 ] } },
{ "type": "Feature", "properties": { "id": 3936 }, "geometry": { "type": "Point", "coordinates": [ 6.820937, 49.234812 ] } },
{ "type": "Feature", "properties": { "id": 3937 }, "geometry": { "type": "Point", "coordinates": [ 7.040918, 48.874706 ] } },
{ "type": "Feature", "properties": { "id": 3938 }, "geometry": { "type": "Point", "coordinates": [ 7.258533, 49.147039 ] } },
{ "type": "Feature", "properties": { "id": 3939 }, "geometry": { "type": "Point", "coordinates": [ 6.843118, 49.345566 ] } },
{ "type": "Feature", "properties": { "id": 3940 }, "geometry": { "type": "Point", "coordinates": [ 6.47231, 49.104487 ] } },
{ "type": "Feature", "properties": { "id": 3941 }, "geometry": { "type": "Point", "coordinates": [ 6.875495, 49.003376 ] } },
{ "type": "Feature", "properties": { "id": 3942 }, "geometry": { "type": "Point", "coordinates": [ 5.818447, 49.257153 ] } },
{ "type": "Feature", "properties": { "id": 3943 }, "geometry": { "type": "Point", "coordinates": [ 6.849979, 48.681696 ] } },
{ "type": "Feature", "properties": { "id": 3944 }, "geometry": { "type": "Point", "coordinates": [ 6.041154, 48.554966 ] } },
{ "type": "Feature", "properties": { "id": 3945 }, "geometry": { "type": "Point", "coordinates": [ 6.973581, 49.010829 ] } },
{ "type": "Feature", "properties": { "id": 3946 }, "geometry": { "type": "Point", "coordinates": [ 7.294842, 48.855006 ] } },
{ "type": "Feature", "properties": { "id": 3947 }, "geometry": { "type": "Point", "coordinates": [ 6.969357, 48.917704 ] } },
{ "type": "Feature", "properties": { "id": 3948 }, "geometry": { "type": "Point", "coordinates": [ 6.997696, 49.071819 ] } },
{ "type": "Feature", "properties": { "id": 3949 }, "geometry": { "type": "Point", "coordinates": [ 6.861346, 48.61805 ] } },
{ "type": "Feature", "properties": { "id": 3950 }, "geometry": { "type": "Point", "coordinates": [ 6.212586, 49.255503 ] } },
{ "type": "Feature", "properties": { "id": 3951 }, "geometry": { "type": "Point", "coordinates": [ 6.425295, 48.703313 ] } },
{ "type": "Feature", "properties": { "id": 3952 }, "geometry": { "type": "Point", "coordinates": [ 6.388909, 48.755688 ] } },
{ "type": "Feature", "properties": { "id": 3953 }, "geometry": { "type": "Point", "coordinates": [ 6.908943, 49.154055 ] } },
{ "type": "Feature", "properties": { "id": 3954 }, "geometry": { "type": "Point", "coordinates": [ 6.886969, 49.157593 ] } },
{ "type": "Feature", "properties": { "id": 3955 }, "geometry": { "type": "Point", "coordinates": [ 6.784128, 49.332687 ] } },
{ "type": "Feature", "properties": { "id": 3956 }, "geometry": { "type": "Point", "coordinates": [ 6.588545, 49.175941 ] } },
{ "type": "Feature", "properties": { "id": 3957 }, "geometry": { "type": "Point", "coordinates": [ 6.292835, 49.192928 ] } },
{ "type": "Feature", "properties": { "id": 3958 }, "geometry": { "type": "Point", "coordinates": [ 6.301116, 49.120459 ] } },
{ "type": "Feature", "properties": { "id": 3959 }, "geometry": { "type": "Point", "coordinates": [ 6.645208, 48.808804 ] } },
{ "type": "Feature", "properties": { "id": 3960 }, "geometry": { "type": "Point", "coordinates": [ 6.026915, 49.290488 ] } },
{ "type": "Feature", "properties": { "id": 3961 }, "geometry": { "type": "Point", "coordinates": [ 6.678073, 48.889507 ] } },
{ "type": "Feature", "properties": { "id": 3962 }, "geometry": { "type": "Point", "coordinates": [ 6.127577, 49.196547 ] } },
{ "type": "Feature", "properties": { "id": 3963 }, "geometry": { "type": "Point", "coordinates": [ 5.986796, 48.871164 ] } },
{ "type": "Feature", "properties": { "id": 3964 }, "geometry": { "type": "Point", "coordinates": [ 6.846314, 49.076839 ] } },
{ "type": "Feature", "properties": { "id": 3965 }, "geometry": { "type": "Point", "coordinates": [ 6.159649, 48.626637 ] } },
{ "type": "Feature", "properties": { "id": 3966 }, "geometry": { "type": "Point", "coordinates": [ 7.010841, 49.324173 ] } },
{ "type": "Feature", "properties": { "id": 3967 }, "geometry": { "type": "Point", "coordinates": [ 6.636625, 48.822726 ] } },
{ "type": "Feature", "properties": { "id": 3968 }, "geometry": { "type": "Point", "coordinates": [ 7.080246, 48.541958 ] } },
{ "type": "Feature", "properties": { "id": 3969 }, "geometry": { "type": "Point", "coordinates": [ 6.997325, 49.05846 ] } },
{ "type": "Feature", "properties": { "id": 3970 }, "geometry": { "type": "Point", "coordinates": [ 6.574317, 49.22278 ] } },
{ "type": "Feature", "properties": { "id": 3971 }, "geometry": { "type": "Point", "coordinates": [ 6.402312, 48.840997 ] } },
{ "type": "Feature", "properties": { "id": 3972 }, "geometry": { "type": "Point", "coordinates": [ 6.147249, 48.619483 ] } },
{ "type": "Feature", "properties": { "id": 3973 }, "geometry": { "type": "Point", "coordinates": [ 6.479895, 49.065314 ] } },
{ "type": "Feature", "properties": { "id": 3974 }, "geometry": { "type": "Point", "coordinates": [ 7.067947, 49.041547 ] } },
{ "type": "Feature", "properties": { "id": 3975 }, "geometry": { "type": "Point", "coordinates": [ 6.003329, 48.702095 ] } },
{ "type": "Feature", "properties": { "id": 3976 }, "geometry": { "type": "Point", "coordinates": [ 5.786534, 49.223515 ] } },
{ "type": "Feature", "properties": { "id": 3977 }, "geometry": { "type": "Point", "coordinates": [ 6.382743, 48.563404 ] } },
{ "type": "Feature", "properties": { "id": 3978 }, "geometry": { "type": "Point", "coordinates": [ 7.174995, 49.379454 ] } },
{ "type": "Feature", "properties": { "id": 3979 }, "geometry": { "type": "Point", "coordinates": [ 5.967193, 48.526449 ] } },
{ "type": "Feature", "properties": { "id": 3980 }, "geometry": { "type": "Point", "coordinates": [ 7.108529, 49.112381 ] } },
{ "type": "Feature", "properties": { "id": 3981 }, "geometry": { "type": "Point", "coordinates": [ 7.228715, 48.59277 ] } },
{ "type": "Feature", "properties": { "id": 3982 }, "geometry": { "type": "Point", "coordinates": [ 6.541794, 48.678596 ] } },
{ "type": "Feature", "properties": { "id": 3983 }, "geometry": { "type": "Point", "coordinates": [ 6.572813, 49.377479 ] } },
{ "type": "Feature", "properties": { "id": 3984 }, "geometry": { "type": "Point", "coordinates": [ 6.293525, 48.962537 ] } },
{ "type": "Feature", "properties": { "id": 3985 }, "geometry": { "type": "Point", "coordinates": [ 6.722957, 48.715238 ] } },
{ "type": "Feature", "properties": { "id": 3986 }, "geometry": { "type": "Point", "coordinates": [ 6.661693, 49.168014 ] } },
{ "type": "Feature", "properties": { "id": 3987 }, "geometry": { "type": "Point", "coordinates": [ 7.317122, 48.772497 ] } },
{ "type": "Feature", "properties": { "id": 3988 }, "geometry": { "type": "Point", "coordinates": [ 6.250542, 49.31524 ] } },
{ "type": "Feature", "properties": { "id": 3989 }, "geometry": { "type": "Point", "coordinates": [ 6.78784, 48.525658 ] } },
{ "type": "Feature", "properties": { "id": 3990 }, "geometry": { "type": "Point", "coordinates": [ 7.050282, 48.929037 ] } },
{ "type": "Feature", "properties": { "id": 3991 }, "geometry": { "type": "Point", "coordinates": [ 6.62293, 48.895014 ] } },
{ "type": "Feature", "properties": { "id": 3992 }, "geometry": { "type": "Point", "coordinates": [ 6.983656, 48.88003 ] } },
{ "type": "Feature", "properties": { "id": 3993 }, "geometry": { "type": "Point", "coordinates": [ 6.082265, 49.139516 ] } },
{ "type": "Feature", "properties": { "id": 3994 }, "geometry": { "type": "Point", "coordinates": [ 5.85306, 48.818342 ] } },
{ "type": "Feature", "properties": { "id": 3995 }, "geometry": { "type": "Point", "coordinates": [ 6.297779, 48.856599 ] } },
{ "type": "Feature", "properties": { "id": 3996 }, "geometry": { "type": "Point", "coordinates": [ 6.020977, 49.085298 ] } },
{ "type": "Feature", "properties": { "id": 3997 }, "geometry": { "type": "Point", "coordinates": [ 7.311531, 48.614574 ] } },
{ "type": "Feature", "properties": { "id": 3998 }, "geometry": { "type": "Point", "coordinates": [ 5.799834, 49.229099 ] } },
{ "type": "Feature", "properties": { "id": 3999 }, "geometry": { "type": "Point", "coordinates": [ 6.229303, 49.044933 ] } },
{ "type": "Feature", "properties": { "id": 4000 }, "geometry": { "type": "Point", "coordinates": [ 6.887446, 49.363698 ] } },
{ "type": "Feature", "properties": { "id": 4001 }, "geometry": { "type": "Point", "coordinates": [ 6.683153, 48.998992 ] } },
{ "type": "Feature", "properties": { "id": 4002 }, "geometry": { "type": "Point", "coordinates": [ 6.438582, 48.571658 ] } },
{ "type": "Feature", "properties": { "id": 4003 }, "geometry": { "type": "Point", "coordinates": [ 5.790758, 49.298575 ] } },
{ "type": "Feature", "properties": { "id": 4004 }, "geometry": { "type": "Point", "coordinates": [ 6.508758, 49.398653 ] } },
{ "type": "Feature", "properties": { "id": 4005 }, "geometry": { "type": "Point", "coordinates": [ 6.251648, 48.984583 ] } },
{ "type": "Feature", "properties": { "id": 4006 }, "geometry": { "type": "Point", "coordinates": [ 5.939284, 48.564616 ] } },
{ "type": "Feature", "properties": { "id": 4007 }, "geometry": { "type": "Point", "coordinates": [ 6.665245, 49.296332 ] } },
{ "type": "Feature", "properties": { "id": 4008 }, "geometry": { "type": "Point", "coordinates": [ 6.840426, 48.632727 ] } },
{ "type": "Feature", "properties": { "id": 4009 }, "geometry": { "type": "Point", "coordinates": [ 6.548393, 49.157509 ] } },
{ "type": "Feature", "properties": { "id": 4010 }, "geometry": { "type": "Point", "coordinates": [ 6.720028, 48.905858 ] } },
{ "type": "Feature", "properties": { "id": 4011 }, "geometry": { "type": "Point", "coordinates": [ 6.989262, 49.319566 ] } },
{ "type": "Feature", "properties": { "id": 4012 }, "geometry": { "type": "Point", "coordinates": [ 6.231089, 48.915727 ] } },
{ "type": "Feature", "properties": { "id": 4013 }, "geometry": { "type": "Point", "coordinates": [ 6.488373, 48.972065 ] } },
{ "type": "Feature", "properties": { "id": 4014 }, "geometry": { "type": "Point", "coordinates": [ 6.184166, 49.360003 ] } },
{ "type": "Feature", "properties": { "id": 4015 }, "geometry": { "type": "Point", "coordinates": [ 7.122381, 49.151043 ] } },
{ "type": "Feature", "properties": { "id": 4016 }, "geometry": { "type": "Point", "coordinates": [ 6.039311, 48.669864 ] } },
{ "type": "Feature", "properties": { "id": 4017 }, "geometry": { "type": "Point", "coordinates": [ 6.678777, 49.372557 ] } },
{ "type": "Feature", "properties": { "id": 4018 }, "geometry": { "type": "Point", "coordinates": [ 7.314099, 48.777259 ] } },
{ "type": "Feature", "properties": { "id": 4019 }, "geometry": { "type": "Point", "coordinates": [ 5.875227, 48.69133 ] } },
{ "type": "Feature", "properties": { "id": 4020 }, "geometry": { "type": "Point", "coordinates": [ 6.876542, 48.581758 ] } },
{ "type": "Feature", "properties": { "id": 4021 }, "geometry": { "type": "Point", "coordinates": [ 6.281804, 49.141645 ] } },
{ "type": "Feature", "properties": { "id": 4022 }, "geometry": { "type": "Point", "coordinates": [ 6.904696, 48.622842 ] } },
{ "type": "Feature", "properties": { "id": 4023 }, "geometry": { "type": "Point", "coordinates": [ 6.430229, 49.074721 ] } },
{ "type": "Feature", "properties": { "id": 4024 }, "geometry": { "type": "Point", "coordinates": [ 6.906923, 48.959243 ] } },
{ "type": "Feature", "properties": { "id": 4025 }, "geometry": { "type": "Point", "coordinates": [ 7.044532, 48.973762 ] } },
{ "type": "Feature", "properties": { "id": 4026 }, "geometry": { "type": "Point", "coordinates": [ 5.781947, 49.265804 ] } },
{ "type": "Feature", "properties": { "id": 4027 }, "geometry": { "type": "Point", "coordinates": [ 5.843201, 48.509198 ] } },
{ "type": "Feature", "properties": { "id": 4028 }, "geometry": { "type": "Point", "coordinates": [ 6.489952, 49.227014 ] } },
{ "type": "Feature", "properties": { "id": 4029 }, "geometry": { "type": "Point", "coordinates": [ 7.055153, 49.002723 ] } },
{ "type": "Feature", "properties": { "id": 4030 }, "geometry": { "type": "Point", "coordinates": [ 6.047801, 49.235646 ] } },
{ "type": "Feature", "properties": { "id": 4031 }, "geometry": { "type": "Point", "coordinates": [ 6.417311, 49.186253 ] } },
{ "type": "Feature", "properties": { "id": 4032 }, "geometry": { "type": "Point", "coordinates": [ 6.498539, 48.524422 ] } },
{ "type": "Feature", "properties": { "id": 4033 }, "geometry": { "type": "Point", "coordinates": [ 7.182279, 48.512851 ] } },
{ "type": "Feature", "properties": { "id": 4034 }, "geometry": { "type": "Point", "coordinates": [ 6.540229, 49.041309 ] } },
{ "type": "Feature", "properties": { "id": 4035 }, "geometry": { "type": "Point", "coordinates": [ 6.087341, 48.516317 ] } },
{ "type": "Feature", "properties": { "id": 4036 }, "geometry": { "type": "Point", "coordinates": [ 7.333315, 48.978271 ] } },
{ "type": "Feature", "properties": { "id": 4037 }, "geometry": { "type": "Point", "coordinates": [ 6.610901, 48.969382 ] } },
{ "type": "Feature", "properties": { "id": 4038 }, "geometry": { "type": "Point", "coordinates": [ 7.079082, 49.275343 ] } },
{ "type": "Feature", "properties": { "id": 4039 }, "geometry": { "type": "Point", "coordinates": [ 7.122691, 48.587892 ] } },
{ "type": "Feature", "properties": { "id": 4040 }, "geometry": { "type": "Point", "coordinates": [ 6.882524, 49.184124 ] } },
{ "type": "Feature", "properties": { "id": 4041 }, "geometry": { "type": "Point", "coordinates": [ 7.341706, 48.733223 ] } },
{ "type": "Feature", "properties": { "id": 4042 }, "geometry": { "type": "Point", "coordinates": [ 6.965282, 49.271453 ] } },
{ "type": "Feature", "properties": { "id": 4043 }, "geometry": { "type": "Point", "coordinates": [ 6.088531, 49.171578 ] } },
{ "type": "Feature", "properties": { "id": 4044 }, "geometry": { "type": "Point", "coordinates": [ 5.799367, 49.342005 ] } },
{ "type": "Feature", "properties": { "id": 4045 }, "geometry": { "type": "Point", "coordinates": [ 5.927556, 48.938015 ] } },
{ "type": "Feature", "properties": { "id": 4046 }, "geometry": { "type": "Point", "coordinates": [ 6.112937, 49.027188 ] } },
{ "type": "Feature", "properties": { "id": 4047 }, "geometry": { "type": "Point", "coordinates": [ 5.821317, 49.026708 ] } },
{ "type": "Feature", "properties": { "id": 4048 }, "geometry": { "type": "Point", "coordinates": [ 6.924191, 48.692607 ] } },
{ "type": "Feature", "properties": { "id": 4049 }, "geometry": { "type": "Point", "coordinates": [ 6.13178, 48.673985 ] } },
{ "type": "Feature", "properties": { "id": 4050 }, "geometry": { "type": "Point", "coordinates": [ 6.387374, 48.608492 ] } },
{ "type": "Feature", "properties": { "id": 4051 }, "geometry": { "type": "Point", "coordinates": [ 5.924047, 48.654265 ] } },
{ "type": "Feature", "properties": { "id": 4052 }, "geometry": { "type": "Point", "coordinates": [ 5.885491, 49.283593 ] } },
{ "type": "Feature", "properties": { "id": 4053 }, "geometry": { "type": "Point", "coordinates": [ 6.118306, 48.840694 ] } },
{ "type": "Feature", "properties": { "id": 4054 }, "geometry": { "type": "Point", "coordinates": [ 5.749332, 48.596114 ] } },
{ "type": "Feature", "properties": { "id": 4055 }, "geometry": { "type": "Point", "coordinates": [ 6.014414, 48.832619 ] } },
{ "type": "Feature", "properties": { "id": 4056 }, "geometry": { "type": "Point", "coordinates": [ 6.523988, 48.632274 ] } },
{ "type": "Feature", "properties": { "id": 4057 }, "geometry": { "type": "Point", "coordinates": [ 6.994528, 48.781678 ] } },
{ "type": "Feature", "properties": { "id": 4058 }, "geometry": { "type": "Point", "coordinates": [ 5.810729, 48.778993 ] } },
{ "type": "Feature", "properties": { "id": 4059 }, "geometry": { "type": "Point", "coordinates": [ 5.954428, 49.382794 ] } },
{ "type": "Feature", "properties": { "id": 4060 }, "geometry": { "type": "Point", "coordinates": [ 6.01415, 48.74921 ] } },
{ "type": "Feature", "properties": { "id": 4061 }, "geometry": { "type": "Point", "coordinates": [ 6.801867, 48.635957 ] } },
{ "type": "Feature", "properties": { "id": 4062 }, "geometry": { "type": "Point", "coordinates": [ 5.929918, 48.749174 ] } },
{ "type": "Feature", "properties": { "id": 4063 }, "geometry": { "type": "Point", "coordinates": [ 6.603795, 49.044751 ] } },
{ "type": "Feature", "properties": { "id": 4064 }, "geometry": { "type": "Point", "coordinates": [ 6.662057, 48.930931 ] } },
{ "type": "Feature", "properties": { "id": 4065 }, "geometry": { "type": "Point", "coordinates": [ 6.164472, 49.24115 ] } },
{ "type": "Feature", "properties": { "id": 4066 }, "geometry": { "type": "Point", "coordinates": [ 6.00015, 49.385077 ] } },
{ "type": "Feature", "properties": { "id": 4067 }, "geometry": { "type": "Point", "coordinates": [ 6.348182, 48.836293 ] } },
{ "type": "Feature", "properties": { "id": 4068 }, "geometry": { "type": "Point", "coordinates": [ 5.822032, 49.091053 ] } },
{ "type": "Feature", "properties": { "id": 4069 }, "geometry": { "type": "Point", "coordinates": [ 5.900603, 48.515824 ] } },
{ "type": "Feature", "properties": { "id": 4070 }, "geometry": { "type": "Point", "coordinates": [ 6.54714, 48.875267 ] } },
{ "type": "Feature", "properties": { "id": 4071 }, "geometry": { "type": "Point", "coordinates": [ 7.183486, 49.274302 ] } },
{ "type": "Feature", "properties": { "id": 4072 }, "geometry": { "type": "Point", "coordinates": [ 7.347202, 48.661667 ] } },
{ "type": "Feature", "properties": { "id": 4073 }, "geometry": { "type": "Point", "coordinates": [ 6.208688, 49.045214 ] } },
{ "type": "Feature", "properties": { "id": 4074 }, "geometry": { "type": "Point", "coordinates": [ 7.028075, 48.85378 ] } },
{ "type": "Feature", "properties": { "id": 4075 }, "geometry": { "type": "Point", "coordinates": [ 6.931705, 48.86775 ] } },
{ "type": "Feature", "properties": { "id": 4076 }, "geometry": { "type": "Point", "coordinates": [ 5.89536, 49.369632 ] } },
{ "type": "Feature", "properties": { "id": 4077 }, "geometry": { "type": "Point", "coordinates": [ 7.235636, 48.565368 ] } },
{ "type": "Feature", "properties": { "id": 4078 }, "geometry": { "type": "Point", "coordinates": [ 6.473881, 48.582732 ] } },
{ "type": "Feature", "properties": { "id": 4079 }, "geometry": { "type": "Point", "coordinates": [ 6.74225, 49.09676 ] } },
{ "type": "Feature", "properties": { "id": 4080 }, "geometry": { "type": "Point", "coordinates": [ 7.260579, 48.816424 ] } },
{ "type": "Feature", "properties": { "id": 4081 }, "geometry": { "type": "Point", "coordinates": [ 6.699519, 49.335 ] } },
{ "type": "Feature", "properties": { "id": 4082 }, "geometry": { "type": "Point", "coordinates": [ 6.513278, 49.009475 ] } },
{ "type": "Feature", "properties": { "id": 4083 }, "geometry": { "type": "Point", "coordinates": [ 6.897682, 49.156802 ] } },
{ "type": "Feature", "properties": { "id": 4084 }, "geometry": { "type": "Point", "coordinates": [ 7.050279, 48.566935 ] } },
{ "type": "Feature", "properties": { "id": 4085 }, "geometry": { "type": "Point", "coordinates": [ 6.831065, 48.696029 ] } },
{ "type": "Feature", "properties": { "id": 4086 }, "geometry": { "type": "Point", "coordinates": [ 7.212963, 48.856359 ] } },
{ "type": "Feature", "properties": { "id": 4087 }, "geometry": { "type": "Point", "coordinates": [ 6.238297, 49.02365 ] } },
{ "type": "Feature", "properties": { "id": 4088 }, "geometry": { "type": "Point", "coordinates": [ 6.48146, 48.787557 ] } },
{ "type": "Feature", "properties": { "id": 4089 }, "geometry": { "type": "Point", "coordinates": [ 7.14911, 49.309016 ] } },
{ "type": "Feature", "properties": { "id": 4090 }, "geometry": { "type": "Point", "coordinates": [ 6.081919, 49.129394 ] } },
{ "type": "Feature", "properties": { "id": 4091 }, "geometry": { "type": "Point", "coordinates": [ 7.345408, 48.653407 ] } },
{ "type": "Feature", "properties": { "id": 4092 }, "geometry": { "type": "Point", "coordinates": [ 6.029081, 48.688192 ] } },
{ "type": "Feature", "properties": { "id": 4093 }, "geometry": { "type": "Point", "coordinates": [ 7.207639, 49.238448 ] } },
{ "type": "Feature", "properties": { "id": 4094 }, "geometry": { "type": "Point", "coordinates": [ 6.791542, 48.985771 ] } },
{ "type": "Feature", "properties": { "id": 4095 }, "geometry": { "type": "Point", "coordinates": [ 7.318592, 48.672605 ] } },
{ "type": "Feature", "properties": { "id": 4096 }, "geometry": { "type": "Point", "coordinates": [ 7.241603, 49.28417 ] } },
{ "type": "Feature", "properties": { "id": 4097 }, "geometry": { "type": "Point", "coordinates": [ 6.233683, 48.740757 ] } },
{ "type": "Feature", "properties": { "id": 4098 }, "geometry": { "type": "Point", "coordinates": [ 6.620625, 48.760284 ] } },
{ "type": "Feature", "properties": { "id": 4099 }, "geometry": { "type": "Point", "coordinates": [ 7.154869, 49.362521 ] } },
{ "type": "Feature", "properties": { "id": 4100 }, "geometry": { "type": "Point", "coordinates": [ 5.984818, 48.877967 ] } },
{ "type": "Feature", "properties": { "id": 4101 }, "geometry": { "type": "Point", "coordinates": [ 6.107825, 48.5264 ] } },
{ "type": "Feature", "properties": { "id": 4102 }, "geometry": { "type": "Point", "coordinates": [ 6.780071, 48.762024 ] } },
{ "type": "Feature", "properties": { "id": 4103 }, "geometry": { "type": "Point", "coordinates": [ 6.881348, 48.974119 ] } },
{ "type": "Feature", "properties": { "id": 4104 }, "geometry": { "type": "Point", "coordinates": [ 6.930883, 48.812998 ] } },
{ "type": "Feature", "properties": { "id": 4105 }, "geometry": { "type": "Point", "coordinates": [ 7.333978, 48.96204 ] } },
{ "type": "Feature", "properties": { "id": 4106 }, "geometry": { "type": "Point", "coordinates": [ 5.849763, 49.283986 ] } },
{ "type": "Feature", "properties": { "id": 4107 }, "geometry": { "type": "Point", "coordinates": [ 6.710073, 48.808732 ] } },
{ "type": "Feature", "properties": { "id": 4108 }, "geometry": { "type": "Point", "coordinates": [ 6.665417, 49.267159 ] } },
{ "type": "Feature", "properties": { "id": 4109 }, "geometry": { "type": "Point", "coordinates": [ 6.18144, 48.624902 ] } },
{ "type": "Feature", "properties": { "id": 4110 }, "geometry": { "type": "Point", "coordinates": [ 6.85623, 48.875878 ] } },
{ "type": "Feature", "properties": { "id": 4111 }, "geometry": { "type": "Point", "coordinates": [ 5.95911, 48.519232 ] } },
{ "type": "Feature", "properties": { "id": 4112 }, "geometry": { "type": "Point", "coordinates": [ 7.323594, 49.072896 ] } },
{ "type": "Feature", "properties": { "id": 4113 }, "geometry": { "type": "Point", "coordinates": [ 7.181259, 48.632039 ] } },
{ "type": "Feature", "properties": { "id": 4114 }, "geometry": { "type": "Point", "coordinates": [ 5.838764, 48.955964 ] } },
{ "type": "Feature", "properties": { "id": 4115 }, "geometry": { "type": "Point", "coordinates": [ 5.985534, 49.193634 ] } },
{ "type": "Feature", "properties": { "id": 4116 }, "geometry": { "type": "Point", "coordinates": [ 5.882629, 49.083428 ] } },
{ "type": "Feature", "properties": { "id": 4117 }, "geometry": { "type": "Point", "coordinates": [ 6.522002, 48.654893 ] } },
{ "type": "Feature", "properties": { "id": 4118 }, "geometry": { "type": "Point", "coordinates": [ 7.161462, 49.208422 ] } },
{ "type": "Feature", "properties": { "id": 4119 }, "geometry": { "type": "Point", "coordinates": [ 6.328394, 48.914171 ] } },
{ "type": "Feature", "properties": { "id": 4120 }, "geometry": { "type": "Point", "coordinates": [ 6.2628, 49.021449 ] } },
{ "type": "Feature", "properties": { "id": 4121 }, "geometry": { "type": "Point", "coordinates": [ 6.792022, 48.870716 ] } },
{ "type": "Feature", "properties": { "id": 4122 }, "geometry": { "type": "Point", "coordinates": [ 6.043332, 49.10914 ] } },
{ "type": "Feature", "properties": { "id": 4123 }, "geometry": { "type": "Point", "coordinates": [ 6.004688, 49.038647 ] } },
{ "type": "Feature", "properties": { "id": 4124 }, "geometry": { "type": "Point", "coordinates": [ 7.153658, 48.775236 ] } },
{ "type": "Feature", "properties": { "id": 4125 }, "geometry": { "type": "Point", "coordinates": [ 6.83593, 48.781283 ] } },
{ "type": "Feature", "properties": { "id": 4126 }, "geometry": { "type": "Point", "coordinates": [ 5.815967, 48.750921 ] } },
{ "type": "Feature", "properties": { "id": 4127 }, "geometry": { "type": "Point", "coordinates": [ 5.933754, 48.795237 ] } },
{ "type": "Feature", "properties": { "id": 4128 }, "geometry": { "type": "Point", "coordinates": [ 6.86815, 49.141911 ] } },
{ "type": "Feature", "properties": { "id": 4129 }, "geometry": { "type": "Point", "coordinates": [ 6.038285, 48.589369 ] } },
{ "type": "Feature", "properties": { "id": 4130 }, "geometry": { "type": "Point", "coordinates": [ 6.117015, 49.035819 ] } },
{ "type": "Feature", "properties": { "id": 4131 }, "geometry": { "type": "Point", "coordinates": [ 6.427518, 48.71923 ] } },
{ "type": "Feature", "properties": { "id": 4132 }, "geometry": { "type": "Point", "coordinates": [ 5.784406, 49.346554 ] } },
{ "type": "Feature", "properties": { "id": 4133 }, "geometry": { "type": "Point", "coordinates": [ 5.840745, 48.595535 ] } },
{ "type": "Feature", "properties": { "id": 4134 }, "geometry": { "type": "Point", "coordinates": [ 7.325757, 48.525404 ] } },
{ "type": "Feature", "properties": { "id": 4135 }, "geometry": { "type": "Point", "coordinates": [ 6.365441, 48.534795 ] } },
{ "type": "Feature", "properties": { "id": 4136 }, "geometry": { "type": "Point", "coordinates": [ 5.890092, 48.876276 ] } },
{ "type": "Feature", "properties": { "id": 4137 }, "geometry": { "type": "Point", "coordinates": [ 6.678471, 48.76018 ] } },
{ "type": "Feature", "properties": { "id": 4138 }, "geometry": { "type": "Point", "coordinates": [ 7.203938, 48.914718 ] } },
{ "type": "Feature", "properties": { "id": 4139 }, "geometry": { "type": "Point", "coordinates": [ 7.042698, 49.064575 ] } },
{ "type": "Feature", "properties": { "id": 4140 }, "geometry": { "type": "Point", "coordinates": [ 7.287216, 48.591973 ] } },
{ "type": "Feature", "properties": { "id": 4141 }, "geometry": { "type": "Point", "coordinates": [ 6.186177, 49.076091 ] } },
{ "type": "Feature", "properties": { "id": 4142 }, "geometry": { "type": "Point", "coordinates": [ 6.173082, 48.781953 ] } },
{ "type": "Feature", "properties": { "id": 4143 }, "geometry": { "type": "Point", "coordinates": [ 6.02619, 49.359635 ] } },
{ "type": "Feature", "properties": { "id": 4144 }, "geometry": { "type": "Point", "coordinates": [ 6.669574, 48.592322 ] } },
{ "type": "Feature", "properties": { "id": 4145 }, "geometry": { "type": "Point", "coordinates": [ 7.023228, 49.135968 ] } },
{ "type": "Feature", "properties": { "id": 4146 }, "geometry": { "type": "Point", "coordinates": [ 6.997397, 48.961266 ] } },
{ "type": "Feature", "properties": { "id": 4147 }, "geometry": { "type": "Point", "coordinates": [ 6.409607, 48.920075 ] } },
{ "type": "Feature", "properties": { "id": 4148 }, "geometry": { "type": "Point", "coordinates": [ 5.802971, 48.925431 ] } },
{ "type": "Feature", "properties": { "id": 4149 }, "geometry": { "type": "Point", "coordinates": [ 6.707232, 49.298763 ] } },
{ "type": "Feature", "properties": { "id": 4150 }, "geometry": { "type": "Point", "coordinates": [ 7.306355, 48.96835 ] } },
{ "type": "Feature", "properties": { "id": 4151 }, "geometry": { "type": "Point", "coordinates": [ 7.041337, 49.088948 ] } },
{ "type": "Feature", "properties": { "id": 4152 }, "geometry": { "type": "Point", "coordinates": [ 5.963147, 48.971237 ] } },
{ "type": "Feature", "properties": { "id": 4153 }, "geometry": { "type": "Point", "coordinates": [ 7.175215, 49.348349 ] } },
{ "type": "Feature", "properties": { "id": 4154 }, "geometry": { "type": "Point", "coordinates": [ 6.642721, 48.746003 ] } },
{ "type": "Feature", "properties": { "id": 4155 }, "geometry": { "type": "Point", "coordinates": [ 6.177506, 48.996204 ] } },
{ "type": "Feature", "properties": { "id": 4156 }, "geometry": { "type": "Point", "coordinates": [ 6.515311, 48.895158 ] } },
{ "type": "Feature", "properties": { "id": 4157 }, "geometry": { "type": "Point", "coordinates": [ 5.798406, 48.707787 ] } },
{ "type": "Feature", "properties": { "id": 4158 }, "geometry": { "type": "Point", "coordinates": [ 6.58559, 48.925015 ] } },
{ "type": "Feature", "properties": { "id": 4159 }, "geometry": { "type": "Point", "coordinates": [ 6.503822, 49.137776 ] } },
{ "type": "Feature", "properties": { "id": 4160 }, "geometry": { "type": "Point", "coordinates": [ 6.122175, 49.240094 ] } },
{ "type": "Feature", "properties": { "id": 4161 }, "geometry": { "type": "Point", "coordinates": [ 6.154029, 48.853905 ] } },
{ "type": "Feature", "properties": { "id": 4162 }, "geometry": { "type": "Point", "coordinates": [ 5.81985, 48.946249 ] } },
{ "type": "Feature", "properties": { "id": 4163 }, "geometry": { "type": "Point", "coordinates": [ 7.228186, 48.521731 ] } },
{ "type": "Feature", "properties": { "id": 4164 }, "geometry": { "type": "Point", "coordinates": [ 6.452881, 48.510616 ] } },
{ "type": "Feature", "properties": { "id": 4165 }, "geometry": { "type": "Point", "coordinates": [ 5.88292, 48.579183 ] } },
{ "type": "Feature", "properties": { "id": 4166 }, "geometry": { "type": "Point", "coordinates": [ 6.736977, 48.614545 ] } },
{ "type": "Feature", "properties": { "id": 4167 }, "geometry": { "type": "Point", "coordinates": [ 7.197419, 48.768386 ] } },
{ "type": "Feature", "properties": { "id": 4168 }, "geometry": { "type": "Point", "coordinates": [ 6.70904, 49.258806 ] } },
{ "type": "Feature", "properties": { "id": 4169 }, "geometry": { "type": "Point", "coordinates": [ 6.438457, 49.299854 ] } },
{ "type": "Feature", "properties": { "id": 4170 }, "geometry": { "type": "Point", "coordinates": [ 5.820908, 49.244059 ] } },
{ "type": "Feature", "properties": { "id": 4171 }, "geometry": { "type": "Point", "coordinates": [ 7.236674, 48.900564 ] } },
{ "type": "Feature", "properties": { "id": 4172 }, "geometry": { "type": "Point", "coordinates": [ 7.129572, 48.865891 ] } },
{ "type": "Feature", "properties": { "id": 4173 }, "geometry": { "type": "Point", "coordinates": [ 6.73495, 48.678256 ] } },
{ "type": "Feature", "properties": { "id": 4174 }, "geometry": { "type": "Point", "coordinates": [ 7.137723, 49.02137 ] } },
{ "type": "Feature", "properties": { "id": 4175 }, "geometry": { "type": "Point", "coordinates": [ 6.245888, 49.330109 ] } },
{ "type": "Feature", "properties": { "id": 4176 }, "geometry": { "type": "Point", "coordinates": [ 6.110875, 48.992991 ] } },
{ "type": "Feature", "properties": { "id": 4177 }, "geometry": { "type": "Point", "coordinates": [ 6.192708, 48.589733 ] } },
{ "type": "Feature", "properties": { "id": 4178 }, "geometry": { "type": "Point", "coordinates": [ 6.714684, 48.758668 ] } },
{ "type": "Feature", "properties": { "id": 4179 }, "geometry": { "type": "Point", "coordinates": [ 6.053315, 48.657532 ] } },
{ "type": "Feature", "properties": { "id": 4180 }, "geometry": { "type": "Point", "coordinates": [ 6.053202, 49.239414 ] } },
{ "type": "Feature", "properties": { "id": 4181 }, "geometry": { "type": "Point", "coordinates": [ 7.258442, 48.870943 ] } },
{ "type": "Feature", "properties": { "id": 4182 }, "geometry": { "type": "Point", "coordinates": [ 5.813412, 49.043316 ] } },
{ "type": "Feature", "properties": { "id": 4183 }, "geometry": { "type": "Point", "coordinates": [ 6.747385, 48.746089 ] } },
{ "type": "Feature", "properties": { "id": 4184 }, "geometry": { "type": "Point", "coordinates": [ 5.891822, 49.381606 ] } },
{ "type": "Feature", "properties": { "id": 4185 }, "geometry": { "type": "Point", "coordinates": [ 7.069456, 49.073324 ] } },
{ "type": "Feature", "properties": { "id": 4186 }, "geometry": { "type": "Point", "coordinates": [ 6.472326, 49.375399 ] } },
{ "type": "Feature", "properties": { "id": 4187 }, "geometry": { "type": "Point", "coordinates": [ 6.447156, 48.850584 ] } },
{ "type": "Feature", "properties": { "id": 4188 }, "geometry": { "type": "Point", "coordinates": [ 7.312685, 48.951252 ] } },
{ "type": "Feature", "properties": { "id": 4189 }, "geometry": { "type": "Point", "coordinates": [ 6.710907, 48.849266 ] } },
{ "type": "Feature", "properties": { "id": 4190 }, "geometry": { "type": "Point", "coordinates": [ 6.453567, 48.891088 ] } },
{ "type": "Feature", "properties": { "id": 4191 }, "geometry": { "type": "Point", "coordinates": [ 6.441729, 48.681772 ] } },
{ "type": "Feature", "properties": { "id": 4192 }, "geometry": { "type": "Point", "coordinates": [ 6.735227, 49.025898 ] } },
{ "type": "Feature", "properties": { "id": 4193 }, "geometry": { "type": "Point", "coordinates": [ 5.83349, 49.041507 ] } },
{ "type": "Feature", "properties": { "id": 4194 }, "geometry": { "type": "Point", "coordinates": [ 6.388352, 49.061929 ] } },
{ "type": "Feature", "properties": { "id": 4195 }, "geometry": { "type": "Point", "coordinates": [ 6.032884, 49.357511 ] } },
{ "type": "Feature", "properties": { "id": 4196 }, "geometry": { "type": "Point", "coordinates": [ 6.139106, 49.060687 ] } },
{ "type": "Feature", "properties": { "id": 4197 }, "geometry": { "type": "Point", "coordinates": [ 7.165457, 48.970291 ] } },
{ "type": "Feature", "properties": { "id": 4198 }, "geometry": { "type": "Point", "coordinates": [ 6.352292, 49.06697 ] } },
{ "type": "Feature", "properties": { "id": 4199 }, "geometry": { "type": "Point", "coordinates": [ 6.390765, 49.102205 ] } },
{ "type": "Feature", "properties": { "id": 4200 }, "geometry": { "type": "Point", "coordinates": [ 5.991215, 48.576612 ] } },
{ "type": "Feature", "properties": { "id": 4201 }, "geometry": { "type": "Point", "coordinates": [ 5.997302, 48.927054 ] } },
{ "type": "Feature", "properties": { "id": 4202 }, "geometry": { "type": "Point", "coordinates": [ 6.468249, 49.362736 ] } },
{ "type": "Feature", "properties": { "id": 4203 }, "geometry": { "type": "Point", "coordinates": [ 5.921318, 48.770403 ] } },
{ "type": "Feature", "properties": { "id": 4204 }, "geometry": { "type": "Point", "coordinates": [ 5.837908, 48.951636 ] } },
{ "type": "Feature", "properties": { "id": 4205 }, "geometry": { "type": "Point", "coordinates": [ 6.56297, 48.649871 ] } },
{ "type": "Feature", "properties": { "id": 4206 }, "geometry": { "type": "Point", "coordinates": [ 6.765337, 49.049284 ] } },
{ "type": "Feature", "properties": { "id": 4207 }, "geometry": { "type": "Point", "coordinates": [ 6.933367, 49.21818 ] } },
{ "type": "Feature", "properties": { "id": 4208 }, "geometry": { "type": "Point", "coordinates": [ 6.370245, 48.550704 ] } },
{ "type": "Feature", "properties": { "id": 4209 }, "geometry": { "type": "Point", "coordinates": [ 6.923643, 49.136106 ] } },
{ "type": "Feature", "properties": { "id": 4210 }, "geometry": { "type": "Point", "coordinates": [ 6.747973, 48.904296 ] } },
{ "type": "Feature", "properties": { "id": 4211 }, "geometry": { "type": "Point", "coordinates": [ 6.764985, 48.854306 ] } },
{ "type": "Feature", "properties": { "id": 4212 }, "geometry": { "type": "Point", "coordinates": [ 6.939893, 48.671058 ] } },
{ "type": "Feature", "properties": { "id": 4213 }, "geometry": { "type": "Point", "coordinates": [ 7.318668, 48.564043 ] } },
{ "type": "Feature", "properties": { "id": 4214 }, "geometry": { "type": "Point", "coordinates": [ 5.757931, 48.750127 ] } },
{ "type": "Feature", "properties": { "id": 4215 }, "geometry": { "type": "Point", "coordinates": [ 6.70564, 48.549436 ] } },
{ "type": "Feature", "properties": { "id": 4216 }, "geometry": { "type": "Point", "coordinates": [ 7.054618, 48.862516 ] } },
{ "type": "Feature", "properties": { "id": 4217 }, "geometry": { "type": "Point", "coordinates": [ 6.993966, 49.207939 ] } },
{ "type": "Feature", "properties": { "id": 4218 }, "geometry": { "type": "Point", "coordinates": [ 6.838986, 48.530031 ] } },
{ "type": "Feature", "properties": { "id": 4219 }, "geometry": { "type": "Point", "coordinates": [ 6.396551, 49.154098 ] } },
{ "type": "Feature", "properties": { "id": 4220 }, "geometry": { "type": "Point", "coordinates": [ 6.911982, 48.721984 ] } },
{ "type": "Feature", "properties": { "id": 4221 }, "geometry": { "type": "Point", "coordinates": [ 6.058435, 48.93684 ] } },
{ "type": "Feature", "properties": { "id": 4222 }, "geometry": { "type": "Point", "coordinates": [ 6.590403, 48.840724 ] } },
{ "type": "Feature", "properties": { "id": 4223 }, "geometry": { "type": "Point", "coordinates": [ 6.101713, 48.87588 ] } },
{ "type": "Feature", "properties": { "id": 4224 }, "geometry": { "type": "Point", "coordinates": [ 7.175662, 49.3678 ] } },
{ "type": "Feature", "properties": { "id": 4225 }, "geometry": { "type": "Point", "coordinates": [ 6.315872, 49.172655 ] } },
{ "type": "Feature", "properties": { "id": 4226 }, "geometry": { "type": "Point", "coordinates": [ 6.581139, 48.562073 ] } },
{ "type": "Feature", "properties": { "id": 4227 }, "geometry": { "type": "Point", "coordinates": [ 7.32334, 49.389246 ] } },
{ "type": "Feature", "properties": { "id": 4228 }, "geometry": { "type": "Point", "coordinates": [ 6.741897, 48.694505 ] } },
{ "type": "Feature", "properties": { "id": 4229 }, "geometry": { "type": "Point", "coordinates": [ 6.832704, 48.852727 ] } },
{ "type": "Feature", "properties": { "id": 4230 }, "geometry": { "type": "Point", "coordinates": [ 6.301004, 48.966728 ] } },
{ "type": "Feature", "properties": { "id": 4231 }, "geometry": { "type": "Point", "coordinates": [ 6.194505, 49.1019 ] } },
{ "type": "Feature", "properties": { "id": 4232 }, "geometry": { "type": "Point", "coordinates": [ 5.868268, 48.876391 ] } },
{ "type": "Feature", "properties": { "id": 4233 }, "geometry": { "type": "Point", "coordinates": [ 7.044343, 49.299165 ] } },
{ "type": "Feature", "properties": { "id": 4234 }, "geometry": { "type": "Point", "coordinates": [ 7.263405, 48.882611 ] } },
{ "type": "Feature", "properties": { "id": 4235 }, "geometry": { "type": "Point", "coordinates": [ 6.440866, 49.291107 ] } },
{ "type": "Feature", "properties": { "id": 4236 }, "geometry": { "type": "Point", "coordinates": [ 6.546907, 49.043546 ] } },
{ "type": "Feature", "properties": { "id": 4237 }, "geometry": { "type": "Point", "coordinates": [ 7.087375, 48.95153 ] } },
{ "type": "Feature", "properties": { "id": 4238 }, "geometry": { "type": "Point", "coordinates": [ 5.79114, 48.718679 ] } },
{ "type": "Feature", "properties": { "id": 4239 }, "geometry": { "type": "Point", "coordinates": [ 6.459693, 49.087098 ] } },
{ "type": "Feature", "properties": { "id": 4240 }, "geometry": { "type": "Point", "coordinates": [ 7.345965, 48.850242 ] } },
{ "type": "Feature", "properties": { "id": 4241 }, "geometry": { "type": "Point", "coordinates": [ 6.849498, 49.021156 ] } },
{ "type": "Feature", "properties": { "id": 4242 }, "geometry": { "type": "Point", "coordinates": [ 5.89777, 48.876147 ] } },
{ "type": "Feature", "properties": { "id": 4243 }, "geometry": { "type": "Point", "coordinates": [ 7.224725, 48.720288 ] } },
{ "type": "Feature", "properties": { "id": 4244 }, "geometry": { "type": "Point", "coordinates": [ 7.17653, 49.001405 ] } },
{ "type": "Feature", "properties": { "id": 4245 }, "geometry": { "type": "Point", "coordinates": [ 6.286041, 49.286363 ] } },
{ "type": "Feature", "properties": { "id": 4246 }, "geometry": { "type": "Point", "coordinates": [ 6.268338, 48.728494 ] } },
{ "type": "Feature", "properties": { "id": 4247 }, "geometry": { "type": "Point", "coordinates": [ 6.418221, 48.98374 ] } },
{ "type": "Feature", "properties": { "id": 4248 }, "geometry": { "type": "Point", "coordinates": [ 6.025884, 49.272773 ] } },
{ "type": "Feature", "properties": { "id": 4249 }, "geometry": { "type": "Point", "coordinates": [ 6.18443, 49.144531 ] } },
{ "type": "Feature", "properties": { "id": 4250 }, "geometry": { "type": "Point", "coordinates": [ 6.495081, 48.799377 ] } },
{ "type": "Feature", "properties": { "id": 4251 }, "geometry": { "type": "Point", "coordinates": [ 6.776011, 48.567665 ] } },
{ "type": "Feature", "properties": { "id": 4252 }, "geometry": { "type": "Point", "coordinates": [ 7.124139, 48.657073 ] } },
{ "type": "Feature", "properties": { "id": 4253 }, "geometry": { "type": "Point", "coordinates": [ 6.421412, 48.605852 ] } },
{ "type": "Feature", "properties": { "id": 4254 }, "geometry": { "type": "Point", "coordinates": [ 6.449253, 49.308709 ] } },
{ "type": "Feature", "properties": { "id": 4255 }, "geometry": { "type": "Point", "coordinates": [ 6.317229, 48.991526 ] } },
{ "type": "Feature", "properties": { "id": 4256 }, "geometry": { "type": "Point", "coordinates": [ 6.642825, 48.909629 ] } },
{ "type": "Feature", "properties": { "id": 4257 }, "geometry": { "type": "Point", "coordinates": [ 6.504486, 48.5183 ] } },
{ "type": "Feature", "properties": { "id": 4258 }, "geometry": { "type": "Point", "coordinates": [ 5.943278, 48.540877 ] } },
{ "type": "Feature", "properties": { "id": 4259 }, "geometry": { "type": "Point", "coordinates": [ 5.909642, 49.323666 ] } },
{ "type": "Feature", "properties": { "id": 4260 }, "geometry": { "type": "Point", "coordinates": [ 7.16226, 48.980678 ] } },
{ "type": "Feature", "properties": { "id": 4261 }, "geometry": { "type": "Point", "coordinates": [ 6.013727, 48.618509 ] } },
{ "type": "Feature", "properties": { "id": 4262 }, "geometry": { "type": "Point", "coordinates": [ 6.125706, 48.830005 ] } },
{ "type": "Feature", "properties": { "id": 4263 }, "geometry": { "type": "Point", "coordinates": [ 7.187506, 49.056271 ] } },
{ "type": "Feature", "properties": { "id": 4264 }, "geometry": { "type": "Point", "coordinates": [ 5.796811, 48.927636 ] } },
{ "type": "Feature", "properties": { "id": 4265 }, "geometry": { "type": "Point", "coordinates": [ 6.28782, 48.904848 ] } },
{ "type": "Feature", "properties": { "id": 4266 }, "geometry": { "type": "Point", "coordinates": [ 6.126785, 48.980001 ] } },
{ "type": "Feature", "properties": { "id": 4267 }, "geometry": { "type": "Point", "coordinates": [ 6.254943, 48.673881 ] } },
{ "type": "Feature", "properties": { "id": 4268 }, "geometry": { "type": "Point", "coordinates": [ 5.955623, 48.563714 ] } },
{ "type": "Feature", "properties": { "id": 4269 }, "geometry": { "type": "Point", "coordinates": [ 5.952396, 48.599192 ] } },
{ "type": "Feature", "properties": { "id": 4270 }, "geometry": { "type": "Point", "coordinates": [ 6.373123, 48.520219 ] } },
{ "type": "Feature", "properties": { "id": 4271 }, "geometry": { "type": "Point", "coordinates": [ 5.760656, 48.803743 ] } },
{ "type": "Feature", "properties": { "id": 4272 }, "geometry": { "type": "Point", "coordinates": [ 5.800929, 48.932503 ] } },
{ "type": "Feature", "properties": { "id": 4273 }, "geometry": { "type": "Point", "coordinates": [ 6.846882, 49.379836 ] } },
{ "type": "Feature", "properties": { "id": 4274 }, "geometry": { "type": "Point", "coordinates": [ 6.430641, 48.895697 ] } },
{ "type": "Feature", "properties": { "id": 4275 }, "geometry": { "type": "Point", "coordinates": [ 6.148008, 48.809592 ] } },
{ "type": "Feature", "properties": { "id": 4276 }, "geometry": { "type": "Point", "coordinates": [ 6.95039, 49.285552 ] } },
{ "type": "Feature", "properties": { "id": 4277 }, "geometry": { "type": "Point", "coordinates": [ 6.6455, 48.826445 ] } },
{ "type": "Feature", "properties": { "id": 4278 }, "geometry": { "type": "Point", "coordinates": [ 6.708339, 49.303875 ] } },
{ "type": "Feature", "properties": { "id": 4279 }, "geometry": { "type": "Point", "coordinates": [ 6.108038, 48.975701 ] } },
{ "type": "Feature", "properties": { "id": 4280 }, "geometry": { "type": "Point", "coordinates": [ 7.297732, 49.34022 ] } },
{ "type": "Feature", "properties": { "id": 4281 }, "geometry": { "type": "Point", "coordinates": [ 6.8202, 48.68932 ] } },
{ "type": "Feature", "properties": { "id": 4282 }, "geometry": { "type": "Point", "coordinates": [ 7.024847, 48.762295 ] } },
{ "type": "Feature", "properties": { "id": 4283 }, "geometry": { "type": "Point", "coordinates": [ 5.967948, 48.99736 ] } },
{ "type": "Feature", "properties": { "id": 4284 }, "geometry": { "type": "Point", "coordinates": [ 7.138071, 49.03777 ] } },
{ "type": "Feature", "properties": { "id": 4285 }, "geometry": { "type": "Point", "coordinates": [ 6.068279, 49.123444 ] } },
{ "type": "Feature", "properties": { "id": 4286 }, "geometry": { "type": "Point", "coordinates": [ 6.015994, 49.071015 ] } },
{ "type": "Feature", "properties": { "id": 4287 }, "geometry": { "type": "Point", "coordinates": [ 7.304632, 49.379961 ] } },
{ "type": "Feature", "properties": { "id": 4288 }, "geometry": { "type": "Point", "coordinates": [ 5.984691, 49.216882 ] } },
{ "type": "Feature", "properties": { "id": 4289 }, "geometry": { "type": "Point", "coordinates": [ 6.68385, 49.140907 ] } },
{ "type": "Feature", "properties": { "id": 4290 }, "geometry": { "type": "Point", "coordinates": [ 5.913233, 48.556346 ] } },
{ "type": "Feature", "properties": { "id": 4291 }, "geometry": { "type": "Point", "coordinates": [ 6.533542, 48.867189 ] } },
{ "type": "Feature", "properties": { "id": 4292 }, "geometry": { "type": "Point", "coordinates": [ 5.822526, 48.773033 ] } },
{ "type": "Feature", "properties": { "id": 4293 }, "geometry": { "type": "Point", "coordinates": [ 6.957442, 49.086059 ] } },
{ "type": "Feature", "properties": { "id": 4294 }, "geometry": { "type": "Point", "coordinates": [ 6.835143, 48.66595 ] } },
{ "type": "Feature", "properties": { "id": 4295 }, "geometry": { "type": "Point", "coordinates": [ 7.059268, 48.742135 ] } },
{ "type": "Feature", "properties": { "id": 4296 }, "geometry": { "type": "Point", "coordinates": [ 6.456852, 48.712647 ] } },
{ "type": "Feature", "properties": { "id": 4297 }, "geometry": { "type": "Point", "coordinates": [ 6.534372, 49.359663 ] } },
{ "type": "Feature", "properties": { "id": 4298 }, "geometry": { "type": "Point", "coordinates": [ 6.622543, 49.061958 ] } },
{ "type": "Feature", "properties": { "id": 4299 }, "geometry": { "type": "Point", "coordinates": [ 6.775588, 48.753939 ] } },
{ "type": "Feature", "properties": { "id": 4300 }, "geometry": { "type": "Point", "coordinates": [ 6.358535, 48.919075 ] } },
{ "type": "Feature", "properties": { "id": 4301 }, "geometry": { "type": "Point", "coordinates": [ 6.348691, 49.09588 ] } },
{ "type": "Feature", "properties": { "id": 4302 }, "geometry": { "type": "Point", "coordinates": [ 7.19188, 48.669743 ] } },
{ "type": "Feature", "properties": { "id": 4303 }, "geometry": { "type": "Point", "coordinates": [ 6.348527, 48.635526 ] } },
{ "type": "Feature", "properties": { "id": 4304 }, "geometry": { "type": "Point", "coordinates": [ 7.293896, 49.319905 ] } },
{ "type": "Feature", "properties": { "id": 4305 }, "geometry": { "type": "Point", "coordinates": [ 7.179199, 48.884243 ] } },
{ "type": "Feature", "properties": { "id": 4306 }, "geometry": { "type": "Point", "coordinates": [ 6.191677, 49.33646 ] } },
{ "type": "Feature", "properties": { "id": 4307 }, "geometry": { "type": "Point", "coordinates": [ 5.899384, 49.24475 ] } },
{ "type": "Feature", "properties": { "id": 4308 }, "geometry": { "type": "Point", "coordinates": [ 6.931498, 49.260498 ] } },
{ "type": "Feature", "properties": { "id": 4309 }, "geometry": { "type": "Point", "coordinates": [ 6.47801, 49.188859 ] } },
{ "type": "Feature", "properties": { "id": 4310 }, "geometry": { "type": "Point", "coordinates": [ 6.332157, 48.761995 ] } },
{ "type": "Feature", "properties": { "id": 4311 }, "geometry": { "type": "Point", "coordinates": [ 7.184145, 48.558581 ] } },
{ "type": "Feature", "properties": { "id": 4312 }, "geometry": { "type": "Point", "coordinates": [ 6.653081, 48.945047 ] } },
{ "type": "Feature", "properties": { "id": 4313 }, "geometry": { "type": "Point", "coordinates": [ 6.811676, 48.937854 ] } },
{ "type": "Feature", "properties": { "id": 4314 }, "geometry": { "type": "Point", "coordinates": [ 6.046, 49.054455 ] } },
{ "type": "Feature", "properties": { "id": 4315 }, "geometry": { "type": "Point", "coordinates": [ 6.449552, 49.006281 ] } },
{ "type": "Feature", "properties": { "id": 4316 }, "geometry": { "type": "Point", "coordinates": [ 7.24879, 48.975586 ] } },
{ "type": "Feature", "properties": { "id": 4317 }, "geometry": { "type": "Point", "coordinates": [ 7.007623, 48.791606 ] } },
{ "type": "Feature", "properties": { "id": 4318 }, "geometry": { "type": "Point", "coordinates": [ 7.058771, 49.003832 ] } },
{ "type": "Feature", "properties": { "id": 4319 }, "geometry": { "type": "Point", "coordinates": [ 6.120663, 49.377339 ] } },
{ "type": "Feature", "properties": { "id": 4320 }, "geometry": { "type": "Point", "coordinates": [ 6.633218, 49.288292 ] } },
{ "type": "Feature", "properties": { "id": 4321 }, "geometry": { "type": "Point", "coordinates": [ 6.884796, 48.718773 ] } },
{ "type": "Feature", "properties": { "id": 4322 }, "geometry": { "type": "Point", "coordinates": [ 5.813971, 49.215832 ] } },
{ "type": "Feature", "properties": { "id": 4323 }, "geometry": { "type": "Point", "coordinates": [ 6.364612, 48.987078 ] } },
{ "type": "Feature", "properties": { "id": 4324 }, "geometry": { "type": "Point", "coordinates": [ 7.035143, 49.345352 ] } },
{ "type": "Feature", "properties": { "id": 4325 }, "geometry": { "type": "Point", "coordinates": [ 6.050814, 48.700831 ] } },
{ "type": "Feature", "properties": { "id": 4326 }, "geometry": { "type": "Point", "coordinates": [ 5.860375, 49.095145 ] } },
{ "type": "Feature", "properties": { "id": 4327 }, "geometry": { "type": "Point", "coordinates": [ 5.968651, 48.661053 ] } },
{ "type": "Feature", "properties": { "id": 4328 }, "geometry": { "type": "Point", "coordinates": [ 6.703974, 49.040718 ] } },
{ "type": "Feature", "properties": { "id": 4329 }, "geometry": { "type": "Point", "coordinates": [ 5.898917, 49.360881 ] } },
{ "type": "Feature", "properties": { "id": 4330 }, "geometry": { "type": "Point", "coordinates": [ 7.00023, 48.90385 ] } },
{ "type": "Feature", "properties": { "id": 4331 }, "geometry": { "type": "Point", "coordinates": [ 6.469462, 48.896229 ] } },
{ "type": "Feature", "properties": { "id": 4332 }, "geometry": { "type": "Point", "coordinates": [ 6.432983, 49.077695 ] } },
{ "type": "Feature", "properties": { "id": 4333 }, "geometry": { "type": "Point", "coordinates": [ 7.262219, 48.597286 ] } },
{ "type": "Feature", "properties": { "id": 4334 }, "geometry": { "type": "Point", "coordinates": [ 6.757615, 49.037558 ] } },
{ "type": "Feature", "properties": { "id": 4335 }, "geometry": { "type": "Point", "coordinates": [ 7.048721, 48.984187 ] } },
{ "type": "Feature", "properties": { "id": 4336 }, "geometry": { "type": "Point", "coordinates": [ 5.866132, 49.209453 ] } },
{ "type": "Feature", "properties": { "id": 4337 }, "geometry": { "type": "Point", "coordinates": [ 7.320185, 48.659243 ] } },
{ "type": "Feature", "properties": { "id": 4338 }, "geometry": { "type": "Point", "coordinates": [ 6.948151, 49.078135 ] } },
{ "type": "Feature", "properties": { "id": 4339 }, "geometry": { "type": "Point", "coordinates": [ 5.773474, 48.883955 ] } },
{ "type": "Feature", "properties": { "id": 4340 }, "geometry": { "type": "Point", "coordinates": [ 6.199012, 48.570985 ] } },
{ "type": "Feature", "properties": { "id": 4341 }, "geometry": { "type": "Point", "coordinates": [ 5.9756, 48.531127 ] } },
{ "type": "Feature", "properties": { "id": 4342 }, "geometry": { "type": "Point", "coordinates": [ 7.29804, 49.109157 ] } },
{ "type": "Feature", "properties": { "id": 4343 }, "geometry": { "type": "Point", "coordinates": [ 6.152452, 48.972009 ] } },
{ "type": "Feature", "properties": { "id": 4344 }, "geometry": { "type": "Point", "coordinates": [ 6.287497, 48.61585 ] } },
{ "type": "Feature", "properties": { "id": 4345 }, "geometry": { "type": "Point", "coordinates": [ 6.515619, 48.972591 ] } },
{ "type": "Feature", "properties": { "id": 4346 }, "geometry": { "type": "Point", "coordinates": [ 6.327815, 49.320405 ] } },
{ "type": "Feature", "properties": { "id": 4347 }, "geometry": { "type": "Point", "coordinates": [ 5.800272, 48.558019 ] } },
{ "type": "Feature", "properties": { "id": 4348 }, "geometry": { "type": "Point", "coordinates": [ 7.287684, 49.344305 ] } },
{ "type": "Feature", "properties": { "id": 4349 }, "geometry": { "type": "Point", "coordinates": [ 6.519152, 49.121888 ] } },
{ "type": "Feature", "properties": { "id": 4350 }, "geometry": { "type": "Point", "coordinates": [ 6.95282, 49.333603 ] } },
{ "type": "Feature", "properties": { "id": 4351 }, "geometry": { "type": "Point", "coordinates": [ 6.728494, 49.202662 ] } },
{ "type": "Feature", "properties": { "id": 4352 }, "geometry": { "type": "Point", "coordinates": [ 6.825264, 49.072542 ] } },
{ "type": "Feature", "properties": { "id": 4353 }, "geometry": { "type": "Point", "coordinates": [ 6.580394, 48.644376 ] } },
{ "type": "Feature", "properties": { "id": 4354 }, "geometry": { "type": "Point", "coordinates": [ 6.721253, 48.851409 ] } },
{ "type": "Feature", "properties": { "id": 4355 }, "geometry": { "type": "Point", "coordinates": [ 6.557548, 48.668437 ] } },
{ "type": "Feature", "properties": { "id": 4356 }, "geometry": { "type": "Point", "coordinates": [ 6.816879, 48.865358 ] } },
{ "type": "Feature", "properties": { "id": 4357 }, "geometry": { "type": "Point", "coordinates": [ 7.17447, 49.072769 ] } },
{ "type": "Feature", "properties": { "id": 4358 }, "geometry": { "type": "Point", "coordinates": [ 5.778522, 49.327448 ] } },
{ "type": "Feature", "properties": { "id": 4359 }, "geometry": { "type": "Point", "coordinates": [ 6.424413, 49.054853 ] } },
{ "type": "Feature", "properties": { "id": 4360 }, "geometry": { "type": "Point", "coordinates": [ 7.121513, 48.849666 ] } },
{ "type": "Feature", "properties": { "id": 4361 }, "geometry": { "type": "Point", "coordinates": [ 7.020085, 48.657944 ] } },
{ "type": "Feature", "properties": { "id": 4362 }, "geometry": { "type": "Point", "coordinates": [ 5.950302, 48.616042 ] } },
{ "type": "Feature", "properties": { "id": 4363 }, "geometry": { "type": "Point", "coordinates": [ 6.498794, 48.704893 ] } },
{ "type": "Feature", "properties": { "id": 4364 }, "geometry": { "type": "Point", "coordinates": [ 6.701458, 49.035568 ] } },
{ "type": "Feature", "properties": { "id": 4365 }, "geometry": { "type": "Point", "coordinates": [ 6.92467, 49.040677 ] } },
{ "type": "Feature", "properties": { "id": 4366 }, "geometry": { "type": "Point", "coordinates": [ 6.066107, 49.215231 ] } },
{ "type": "Feature", "properties": { "id": 4367 }, "geometry": { "type": "Point", "coordinates": [ 6.56218, 48.5381 ] } },
{ "type": "Feature", "properties": { "id": 4368 }, "geometry": { "type": "Point", "coordinates": [ 6.733457, 49.323251 ] } },
{ "type": "Feature", "properties": { "id": 4369 }, "geometry": { "type": "Point", "coordinates": [ 6.132806, 48.622895 ] } },
{ "type": "Feature", "properties": { "id": 4370 }, "geometry": { "type": "Point", "coordinates": [ 6.242442, 48.890216 ] } },
{ "type": "Feature", "properties": { "id": 4371 }, "geometry": { "type": "Point", "coordinates": [ 6.40689, 48.985493 ] } },
{ "type": "Feature", "properties": { "id": 4372 }, "geometry": { "type": "Point", "coordinates": [ 6.151287, 48.824364 ] } },
{ "type": "Feature", "properties": { "id": 4373 }, "geometry": { "type": "Point", "coordinates": [ 6.900664, 48.825362 ] } },
{ "type": "Feature", "properties": { "id": 4374 }, "geometry": { "type": "Point", "coordinates": [ 5.882334, 48.953321 ] } },
{ "type": "Feature", "properties": { "id": 4375 }, "geometry": { "type": "Point", "coordinates": [ 5.915304, 49.144003 ] } },
{ "type": "Feature", "properties": { "id": 4376 }, "geometry": { "type": "Point", "coordinates": [ 6.775702, 48.821055 ] } },
{ "type": "Feature", "properties": { "id": 4377 }, "geometry": { "type": "Point", "coordinates": [ 5.757016, 48.849685 ] } },
{ "type": "Feature", "properties": { "id": 4378 }, "geometry": { "type": "Point", "coordinates": [ 6.236542, 48.786074 ] } },
{ "type": "Feature", "properties": { "id": 4379 }, "geometry": { "type": "Point", "coordinates": [ 6.848982, 48.862459 ] } },
{ "type": "Feature", "properties": { "id": 4380 }, "geometry": { "type": "Point", "coordinates": [ 7.006255, 48.57699 ] } },
{ "type": "Feature", "properties": { "id": 4381 }, "geometry": { "type": "Point", "coordinates": [ 7.210848, 49.196381 ] } },
{ "type": "Feature", "properties": { "id": 4382 }, "geometry": { "type": "Point", "coordinates": [ 6.476685, 48.941061 ] } },
{ "type": "Feature", "properties": { "id": 4383 }, "geometry": { "type": "Point", "coordinates": [ 6.979418, 49.135348 ] } },
{ "type": "Feature", "properties": { "id": 4384 }, "geometry": { "type": "Point", "coordinates": [ 5.784968, 48.726538 ] } },
{ "type": "Feature", "properties": { "id": 4385 }, "geometry": { "type": "Point", "coordinates": [ 6.144233, 48.501941 ] } },
{ "type": "Feature", "properties": { "id": 4386 }, "geometry": { "type": "Point", "coordinates": [ 6.599706, 48.876795 ] } },
{ "type": "Feature", "properties": { "id": 4387 }, "geometry": { "type": "Point", "coordinates": [ 6.162842, 48.915553 ] } },
{ "type": "Feature", "properties": { "id": 4388 }, "geometry": { "type": "Point", "coordinates": [ 6.520036, 49.339392 ] } },
{ "type": "Feature", "properties": { "id": 4389 }, "geometry": { "type": "Point", "coordinates": [ 6.279957, 48.786014 ] } },
{ "type": "Feature", "properties": { "id": 4390 }, "geometry": { "type": "Point", "coordinates": [ 5.972708, 48.899046 ] } },
{ "type": "Feature", "properties": { "id": 4391 }, "geometry": { "type": "Point", "coordinates": [ 5.870438, 48.814017 ] } },
{ "type": "Feature", "properties": { "id": 4392 }, "geometry": { "type": "Point", "coordinates": [ 7.269308, 48.608414 ] } },
{ "type": "Feature", "properties": { "id": 4393 }, "geometry": { "type": "Point", "coordinates": [ 5.970521, 48.897473 ] } },
{ "type": "Feature", "properties": { "id": 4394 }, "geometry": { "type": "Point", "coordinates": [ 6.917279, 48.992653 ] } },
{ "type": "Feature", "properties": { "id": 4395 }, "geometry": { "type": "Point", "coordinates": [ 6.729292, 49.090221 ] } },
{ "type": "Feature", "properties": { "id": 4396 }, "geometry": { "type": "Point", "coordinates": [ 7.257194, 49.230688 ] } },
{ "type": "Feature", "properties": { "id": 4397 }, "geometry": { "type": "Point", "coordinates": [ 6.659363, 48.922203 ] } },
{ "type": "Feature", "properties": { "id": 4398 }, "geometry": { "type": "Point", "coordinates": [ 6.954875, 49.237162 ] } },
{ "type": "Feature", "properties": { "id": 4399 }, "geometry": { "type": "Point", "coordinates": [ 6.71009, 48.911644 ] } },
{ "type": "Feature", "properties": { "id": 4400 }, "geometry": { "type": "Point", "coordinates": [ 6.610574, 48.997038 ] } },
{ "type": "Feature", "properties": { "id": 4401 }, "geometry": { "type": "Point", "coordinates": [ 6.722087, 49.133662 ] } },
{ "type": "Feature", "properties": { "id": 4402 }, "geometry": { "type": "Point", "coordinates": [ 6.696596, 48.689816 ] } },
{ "type": "Feature", "properties": { "id": 4403 }, "geometry": { "type": "Point", "coordinates": [ 6.214869, 49.080298 ] } },
{ "type": "Feature", "properties": { "id": 4404 }, "geometry": { "type": "Point", "coordinates": [ 6.37056, 48.643502 ] } },
{ "type": "Feature", "properties": { "id": 4405 }, "geometry": { "type": "Point", "coordinates": [ 5.764251, 48.910607 ] } },
{ "type": "Feature", "properties": { "id": 4406 }, "geometry": { "type": "Point", "coordinates": [ 7.122058, 48.511786 ] } },
{ "type": "Feature", "properties": { "id": 4407 }, "geometry": { "type": "Point", "coordinates": [ 7.026642, 49.391605 ] } },
{ "type": "Feature", "properties": { "id": 4408 }, "geometry": { "type": "Point", "coordinates": [ 6.178708, 48.960297 ] } },
{ "type": "Feature", "properties": { "id": 4409 }, "geometry": { "type": "Point", "coordinates": [ 6.060649, 48.852127 ] } },
{ "type": "Feature", "properties": { "id": 4410 }, "geometry": { "type": "Point", "coordinates": [ 7.348965, 49.033912 ] } },
{ "type": "Feature", "properties": { "id": 4411 }, "geometry": { "type": "Point", "coordinates": [ 7.247205, 49.35667 ] } },
{ "type": "Feature", "properties": { "id": 4412 }, "geometry": { "type": "Point", "coordinates": [ 6.363979, 49.074652 ] } },
{ "type": "Feature", "properties": { "id": 4413 }, "geometry": { "type": "Point", "coordinates": [ 6.529557, 49.09114 ] } },
{ "type": "Feature", "properties": { "id": 4414 }, "geometry": { "type": "Point", "coordinates": [ 7.280821, 48.826322 ] } },
{ "type": "Feature", "properties": { "id": 4415 }, "geometry": { "type": "Point", "coordinates": [ 6.68486, 49.050039 ] } },
{ "type": "Feature", "properties": { "id": 4416 }, "geometry": { "type": "Point", "coordinates": [ 6.870945, 48.775449 ] } },
{ "type": "Feature", "properties": { "id": 4417 }, "geometry": { "type": "Point", "coordinates": [ 6.155135, 48.530136 ] } },
{ "type": "Feature", "properties": { "id": 4418 }, "geometry": { "type": "Point", "coordinates": [ 6.584411, 48.669054 ] } },
{ "type": "Feature", "properties": { "id": 4419 }, "geometry": { "type": "Point", "coordinates": [ 6.685915, 49.075699 ] } },
{ "type": "Feature", "properties": { "id": 4420 }, "geometry": { "type": "Point", "coordinates": [ 6.487003, 49.266232 ] } },
{ "type": "Feature", "properties": { "id": 4421 }, "geometry": { "type": "Point", "coordinates": [ 6.029518, 49.305499 ] } },
{ "type": "Feature", "properties": { "id": 4422 }, "geometry": { "type": "Point", "coordinates": [ 5.807287, 48.737039 ] } },
{ "type": "Feature", "properties": { "id": 4423 }, "geometry": { "type": "Point", "coordinates": [ 6.012024, 49.206064 ] } },
{ "type": "Feature", "properties": { "id": 4424 }, "geometry": { "type": "Point", "coordinates": [ 6.90739, 48.967034 ] } },
{ "type": "Feature", "properties": { "id": 4425 }, "geometry": { "type": "Point", "coordinates": [ 7.086313, 49.211474 ] } },
{ "type": "Feature", "properties": { "id": 4426 }, "geometry": { "type": "Point", "coordinates": [ 6.611834, 48.981852 ] } },
{ "type": "Feature", "properties": { "id": 4427 }, "geometry": { "type": "Point", "coordinates": [ 6.955671, 49.087157 ] } },
{ "type": "Feature", "properties": { "id": 4428 }, "geometry": { "type": "Point", "coordinates": [ 5.820692, 49.239602 ] } },
{ "type": "Feature", "properties": { "id": 4429 }, "geometry": { "type": "Point", "coordinates": [ 6.018034, 49.204161 ] } },
{ "type": "Feature", "properties": { "id": 4430 }, "geometry": { "type": "Point", "coordinates": [ 6.912898, 48.623494 ] } },
{ "type": "Feature", "properties": { "id": 4431 }, "geometry": { "type": "Point", "coordinates": [ 7.24117, 49.355324 ] } },
{ "type": "Feature", "properties": { "id": 4432 }, "geometry": { "type": "Point", "coordinates": [ 6.717629, 49.376479 ] } },
{ "type": "Feature", "properties": { "id": 4433 }, "geometry": { "type": "Point", "coordinates": [ 6.931075, 48.829015 ] } },
{ "type": "Feature", "properties": { "id": 4434 }, "geometry": { "type": "Point", "coordinates": [ 6.416998, 48.938771 ] } },
{ "type": "Feature", "properties": { "id": 4435 }, "geometry": { "type": "Point", "coordinates": [ 5.828394, 48.859325 ] } },
{ "type": "Feature", "properties": { "id": 4436 }, "geometry": { "type": "Point", "coordinates": [ 6.428743, 48.660086 ] } },
{ "type": "Feature", "properties": { "id": 4437 }, "geometry": { "type": "Point", "coordinates": [ 6.508168, 49.266948 ] } },
{ "type": "Feature", "properties": { "id": 4438 }, "geometry": { "type": "Point", "coordinates": [ 7.259488, 48.755742 ] } },
{ "type": "Feature", "properties": { "id": 4439 }, "geometry": { "type": "Point", "coordinates": [ 6.70269, 48.573511 ] } },
{ "type": "Feature", "properties": { "id": 4440 }, "geometry": { "type": "Point", "coordinates": [ 7.019079, 48.924026 ] } },
{ "type": "Feature", "properties": { "id": 4441 }, "geometry": { "type": "Point", "coordinates": [ 5.938589, 49.015232 ] } },
{ "type": "Feature", "properties": { "id": 4442 }, "geometry": { "type": "Point", "coordinates": [ 5.984363, 49.029407 ] } },
{ "type": "Feature", "properties": { "id": 4443 }, "geometry": { "type": "Point", "coordinates": [ 6.467599, 48.917488 ] } },
{ "type": "Feature", "properties": { "id": 4444 }, "geometry": { "type": "Point", "coordinates": [ 5.832124, 49.329832 ] } },
{ "type": "Feature", "properties": { "id": 4445 }, "geometry": { "type": "Point", "coordinates": [ 6.572365, 49.288681 ] } },
{ "type": "Feature", "properties": { "id": 4446 }, "geometry": { "type": "Point", "coordinates": [ 5.758653, 49.39463 ] } },
{ "type": "Feature", "properties": { "id": 4447 }, "geometry": { "type": "Point", "coordinates": [ 6.879886, 48.8825 ] } },
{ "type": "Feature", "properties": { "id": 4448 }, "geometry": { "type": "Point", "coordinates": [ 5.819397, 48.874437 ] } },
{ "type": "Feature", "properties": { "id": 4449 }, "geometry": { "type": "Point", "coordinates": [ 5.768838, 48.827679 ] } },
{ "type": "Feature", "properties": { "id": 4450 }, "geometry": { "type": "Point", "coordinates": [ 5.985641, 49.012592 ] } },
{ "type": "Feature", "properties": { "id": 4451 }, "geometry": { "type": "Point", "coordinates": [ 6.763234, 48.986607 ] } },
{ "type": "Feature", "properties": { "id": 4452 }, "geometry": { "type": "Point", "coordinates": [ 6.737256, 49.147003 ] } },
{ "type": "Feature", "properties": { "id": 4453 }, "geometry": { "type": "Point", "coordinates": [ 7.280311, 49.058538 ] } },
{ "type": "Feature", "properties": { "id": 4454 }, "geometry": { "type": "Point", "coordinates": [ 6.449445, 48.65507 ] } },
{ "type": "Feature", "properties": { "id": 4455 }, "geometry": { "type": "Point", "coordinates": [ 7.286728, 49.040979 ] } },
{ "type": "Feature", "properties": { "id": 4456 }, "geometry": { "type": "Point", "coordinates": [ 7.099197, 48.569736 ] } },
{ "type": "Feature", "properties": { "id": 4457 }, "geometry": { "type": "Point", "coordinates": [ 5.962115, 48.825067 ] } },
{ "type": "Feature", "properties": { "id": 4458 }, "geometry": { "type": "Point", "coordinates": [ 6.584752, 48.651105 ] } },
{ "type": "Feature", "properties": { "id": 4459 }, "geometry": { "type": "Point", "coordinates": [ 7.071295, 49.136277 ] } },
{ "type": "Feature", "properties": { "id": 4460 }, "geometry": { "type": "Point", "coordinates": [ 7.301916, 49.364241 ] } },
{ "type": "Feature", "properties": { "id": 4461 }, "geometry": { "type": "Point", "coordinates": [ 7.157656, 49.333734 ] } },
{ "type": "Feature", "properties": { "id": 4462 }, "geometry": { "type": "Point", "coordinates": [ 6.630764, 48.890191 ] } },
{ "type": "Feature", "properties": { "id": 4463 }, "geometry": { "type": "Point", "coordinates": [ 6.763551, 48.808448 ] } },
{ "type": "Feature", "properties": { "id": 4464 }, "geometry": { "type": "Point", "coordinates": [ 6.543801, 48.808179 ] } },
{ "type": "Feature", "properties": { "id": 4465 }, "geometry": { "type": "Point", "coordinates": [ 6.663087, 49.000292 ] } },
{ "type": "Feature", "properties": { "id": 4466 }, "geometry": { "type": "Point", "coordinates": [ 6.454004, 48.967228 ] } },
{ "type": "Feature", "properties": { "id": 4467 }, "geometry": { "type": "Point", "coordinates": [ 6.757344, 48.983555 ] } },
{ "type": "Feature", "properties": { "id": 4468 }, "geometry": { "type": "Point", "coordinates": [ 6.955295, 48.857625 ] } },
{ "type": "Feature", "properties": { "id": 4469 }, "geometry": { "type": "Point", "coordinates": [ 7.02727, 49.393172 ] } },
{ "type": "Feature", "properties": { "id": 4470 }, "geometry": { "type": "Point", "coordinates": [ 6.993922, 48.650285 ] } },
{ "type": "Feature", "properties": { "id": 4471 }, "geometry": { "type": "Point", "coordinates": [ 6.366596, 49.17068 ] } },
{ "type": "Feature", "properties": { "id": 4472 }, "geometry": { "type": "Point", "coordinates": [ 6.604681, 48.584599 ] } },
{ "type": "Feature", "properties": { "id": 4473 }, "geometry": { "type": "Point", "coordinates": [ 6.330749, 48.735275 ] } },
{ "type": "Feature", "properties": { "id": 4474 }, "geometry": { "type": "Point", "coordinates": [ 7.287809, 48.791092 ] } },
{ "type": "Feature", "properties": { "id": 4475 }, "geometry": { "type": "Point", "coordinates": [ 7.209922, 49.143451 ] } },
{ "type": "Feature", "properties": { "id": 4476 }, "geometry": { "type": "Point", "coordinates": [ 6.639042, 48.906609 ] } },
{ "type": "Feature", "properties": { "id": 4477 }, "geometry": { "type": "Point", "coordinates": [ 7.182985, 48.909516 ] } },
{ "type": "Feature", "properties": { "id": 4478 }, "geometry": { "type": "Point", "coordinates": [ 6.658294, 48.606713 ] } },
{ "type": "Feature", "properties": { "id": 4479 }, "geometry": { "type": "Point", "coordinates": [ 6.539207, 48.888493 ] } },
{ "type": "Feature", "properties": { "id": 4480 }, "geometry": { "type": "Point", "coordinates": [ 7.314503, 48.6768 ] } },
{ "type": "Feature", "properties": { "id": 4481 }, "geometry": { "type": "Point", "coordinates": [ 6.308596, 49.372524 ] } },
{ "type": "Feature", "properties": { "id": 4482 }, "geometry": { "type": "Point", "coordinates": [ 5.927124, 49.31851 ] } },
{ "type": "Feature", "properties": { "id": 4483 }, "geometry": { "type": "Point", "coordinates": [ 7.008987, 48.948306 ] } },
{ "type": "Feature", "properties": { "id": 4484 }, "geometry": { "type": "Point", "coordinates": [ 7.033854, 49.253829 ] } },
{ "type": "Feature", "properties": { "id": 4485 }, "geometry": { "type": "Point", "coordinates": [ 6.148491, 49.243978 ] } },
{ "type": "Feature", "properties": { "id": 4486 }, "geometry": { "type": "Point", "coordinates": [ 7.25431, 49.043712 ] } },
{ "type": "Feature", "properties": { "id": 4487 }, "geometry": { "type": "Point", "coordinates": [ 6.158494, 49.22656 ] } },
{ "type": "Feature", "properties": { "id": 4488 }, "geometry": { "type": "Point", "coordinates": [ 6.049372, 49.282284 ] } },
{ "type": "Feature", "properties": { "id": 4489 }, "geometry": { "type": "Point", "coordinates": [ 6.610454, 48.687792 ] } },
{ "type": "Feature", "properties": { "id": 4490 }, "geometry": { "type": "Point", "coordinates": [ 7.045691, 48.98404 ] } },
{ "type": "Feature", "properties": { "id": 4491 }, "geometry": { "type": "Point", "coordinates": [ 6.386427, 48.507987 ] } },
{ "type": "Feature", "properties": { "id": 4492 }, "geometry": { "type": "Point", "coordinates": [ 6.189848, 48.7138 ] } },
{ "type": "Feature", "properties": { "id": 4493 }, "geometry": { "type": "Point", "coordinates": [ 7.107294, 49.387877 ] } },
{ "type": "Feature", "properties": { "id": 4494 }, "geometry": { "type": "Point", "coordinates": [ 7.031411, 48.52972 ] } },
{ "type": "Feature", "properties": { "id": 4495 }, "geometry": { "type": "Point", "coordinates": [ 5.760823, 49.284431 ] } },
{ "type": "Feature", "properties": { "id": 4496 }, "geometry": { "type": "Point", "coordinates": [ 6.712524, 49.132551 ] } },
{ "type": "Feature", "properties": { "id": 4497 }, "geometry": { "type": "Point", "coordinates": [ 5.760192, 48.720158 ] } },
{ "type": "Feature", "properties": { "id": 4498 }, "geometry": { "type": "Point", "coordinates": [ 6.444995, 49.258354 ] } },
{ "type": "Feature", "properties": { "id": 4499 }, "geometry": { "type": "Point", "coordinates": [ 6.71061, 49.157801 ] } },
{ "type": "Feature", "properties": { "id": 4500 }, "geometry": { "type": "Point", "coordinates": [ 6.262792, 48.900126 ] } },
{ "type": "Feature", "properties": { "id": 4501 }, "geometry": { "type": "Point", "coordinates": [ 6.184413, 49.111521 ] } },
{ "type": "Feature", "properties": { "id": 4502 }, "geometry": { "type": "Point", "coordinates": [ 6.417112, 48.748085 ] } },
{ "type": "Feature", "properties": { "id": 4503 }, "geometry": { "type": "Point", "coordinates": [ 7.131309, 48.881716 ] } },
{ "type": "Feature", "properties": { "id": 4504 }, "geometry": { "type": "Point", "coordinates": [ 7.261833, 48.55408 ] } },
{ "type": "Feature", "properties": { "id": 4505 }, "geometry": { "type": "Point", "coordinates": [ 6.513258, 48.936981 ] } },
{ "type": "Feature", "properties": { "id": 4506 }, "geometry": { "type": "Point", "coordinates": [ 7.276203, 49.396926 ] } },
{ "type": "Feature", "properties": { "id": 4507 }, "geometry": { "type": "Point", "coordinates": [ 7.180344, 48.654257 ] } },
{ "type": "Feature", "properties": { "id": 4508 }, "geometry": { "type": "Point", "coordinates": [ 5.779321, 48.733326 ] } },
{ "type": "Feature", "properties": { "id": 4509 }, "geometry": { "type": "Point", "coordinates": [ 5.843213, 48.586667 ] } },
{ "type": "Feature", "properties": { "id": 4510 }, "geometry": { "type": "Point", "coordinates": [ 6.890789, 49.034078 ] } },
{ "type": "Feature", "properties": { "id": 4511 }, "geometry": { "type": "Point", "coordinates": [ 6.998322, 48.65529 ] } },
{ "type": "Feature", "properties": { "id": 4512 }, "geometry": { "type": "Point", "coordinates": [ 6.095774, 48.930472 ] } },
{ "type": "Feature", "properties": { "id": 4513 }, "geometry": { "type": "Point", "coordinates": [ 6.421484, 48.717067 ] } },
{ "type": "Feature", "properties": { "id": 4514 }, "geometry": { "type": "Point", "coordinates": [ 6.269037, 49.269796 ] } },
{ "type": "Feature", "properties": { "id": 4515 }, "geometry": { "type": "Point", "coordinates": [ 6.494857, 48.688519 ] } },
{ "type": "Feature", "properties": { "id": 4516 }, "geometry": { "type": "Point", "coordinates": [ 6.064271, 48.899989 ] } },
{ "type": "Feature", "properties": { "id": 4517 }, "geometry": { "type": "Point", "coordinates": [ 6.249025, 48.952108 ] } },
{ "type": "Feature", "properties": { "id": 4518 }, "geometry": { "type": "Point", "coordinates": [ 7.169688, 49.300444 ] } },
{ "type": "Feature", "properties": { "id": 4519 }, "geometry": { "type": "Point", "coordinates": [ 6.608791, 48.91698 ] } },
{ "type": "Feature", "properties": { "id": 4520 }, "geometry": { "type": "Point", "coordinates": [ 7.290591, 49.096294 ] } },
{ "type": "Feature", "properties": { "id": 4521 }, "geometry": { "type": "Point", "coordinates": [ 6.784968, 49.324182 ] } },
{ "type": "Feature", "properties": { "id": 4522 }, "geometry": { "type": "Point", "coordinates": [ 5.953519, 48.711899 ] } },
{ "type": "Feature", "properties": { "id": 4523 }, "geometry": { "type": "Point", "coordinates": [ 7.112376, 48.636318 ] } },
{ "type": "Feature", "properties": { "id": 4524 }, "geometry": { "type": "Point", "coordinates": [ 6.538402, 48.904865 ] } },
{ "type": "Feature", "properties": { "id": 4525 }, "geometry": { "type": "Point", "coordinates": [ 7.062488, 48.55261 ] } },
{ "type": "Feature", "properties": { "id": 4526 }, "geometry": { "type": "Point", "coordinates": [ 6.26992, 48.566526 ] } },
{ "type": "Feature", "properties": { "id": 4527 }, "geometry": { "type": "Point", "coordinates": [ 7.043449, 48.535834 ] } },
{ "type": "Feature", "properties": { "id": 4528 }, "geometry": { "type": "Point", "coordinates": [ 7.250624, 48.946468 ] } },
{ "type": "Feature", "properties": { "id": 4529 }, "geometry": { "type": "Point", "coordinates": [ 6.224531, 48.987541 ] } },
{ "type": "Feature", "properties": { "id": 4530 }, "geometry": { "type": "Point", "coordinates": [ 7.272916, 48.781228 ] } },
{ "type": "Feature", "properties": { "id": 4531 }, "geometry": { "type": "Point", "coordinates": [ 6.199342, 49.382279 ] } },
{ "type": "Feature", "properties": { "id": 4532 }, "geometry": { "type": "Point", "coordinates": [ 5.930247, 49.143924 ] } },
{ "type": "Feature", "properties": { "id": 4533 }, "geometry": { "type": "Point", "coordinates": [ 7.203945, 48.906057 ] } },
{ "type": "Feature", "properties": { "id": 4534 }, "geometry": { "type": "Point", "coordinates": [ 7.19508, 49.333035 ] } },
{ "type": "Feature", "properties": { "id": 4535 }, "geometry": { "type": "Point", "coordinates": [ 5.959897, 48.62344 ] } },
{ "type": "Feature", "properties": { "id": 4536 }, "geometry": { "type": "Point", "coordinates": [ 7.065846, 48.876283 ] } },
{ "type": "Feature", "properties": { "id": 4537 }, "geometry": { "type": "Point", "coordinates": [ 6.356836, 48.620105 ] } },
{ "type": "Feature", "properties": { "id": 4538 }, "geometry": { "type": "Point", "coordinates": [ 7.15163, 49.346829 ] } },
{ "type": "Feature", "properties": { "id": 4539 }, "geometry": { "type": "Point", "coordinates": [ 6.151879, 49.203299 ] } },
{ "type": "Feature", "properties": { "id": 4540 }, "geometry": { "type": "Point", "coordinates": [ 6.270111, 49.122264 ] } },
{ "type": "Feature", "properties": { "id": 4541 }, "geometry": { "type": "Point", "coordinates": [ 7.320901, 48.683861 ] } },
{ "type": "Feature", "properties": { "id": 4542 }, "geometry": { "type": "Point", "coordinates": [ 6.665636, 49.077699 ] } },
{ "type": "Feature", "properties": { "id": 4543 }, "geometry": { "type": "Point", "coordinates": [ 5.839287, 48.906415 ] } },
{ "type": "Feature", "properties": { "id": 4544 }, "geometry": { "type": "Point", "coordinates": [ 7.294266, 48.941672 ] } },
{ "type": "Feature", "properties": { "id": 4545 }, "geometry": { "type": "Point", "coordinates": [ 6.615785, 49.249779 ] } },
{ "type": "Feature", "properties": { "id": 4546 }, "geometry": { "type": "Point", "coordinates": [ 6.91532, 48.894634 ] } },
{ "type": "Feature", "properties": { "id": 4547 }, "geometry": { "type": "Point", "coordinates": [ 6.120429, 48.677506 ] } },
{ "type": "Feature", "properties": { "id": 4548 }, "geometry": { "type": "Point", "coordinates": [ 6.420021, 48.753967 ] } },
{ "type": "Feature", "properties": { "id": 4549 }, "geometry": { "type": "Point", "coordinates": [ 6.624147, 49.233599 ] } },
{ "type": "Feature", "properties": { "id": 4550 }, "geometry": { "type": "Point", "coordinates": [ 6.207931, 48.785777 ] } },
{ "type": "Feature", "properties": { "id": 4551 }, "geometry": { "type": "Point", "coordinates": [ 6.117081, 49.362769 ] } },
{ "type": "Feature", "properties": { "id": 4552 }, "geometry": { "type": "Point", "coordinates": [ 7.088228, 48.903717 ] } },
{ "type": "Feature", "properties": { "id": 4553 }, "geometry": { "type": "Point", "coordinates": [ 6.161366, 48.69699 ] } },
{ "type": "Feature", "properties": { "id": 4554 }, "geometry": { "type": "Point", "coordinates": [ 6.611267, 48.533008 ] } },
{ "type": "Feature", "properties": { "id": 4555 }, "geometry": { "type": "Point", "coordinates": [ 6.155568, 49.211078 ] } },
{ "type": "Feature", "properties": { "id": 4556 }, "geometry": { "type": "Point", "coordinates": [ 7.017146, 49.271148 ] } },
{ "type": "Feature", "properties": { "id": 4557 }, "geometry": { "type": "Point", "coordinates": [ 7.085552, 48.850849 ] } },
{ "type": "Feature", "properties": { "id": 4558 }, "geometry": { "type": "Point", "coordinates": [ 5.831268, 49.221441 ] } },
{ "type": "Feature", "properties": { "id": 4559 }, "geometry": { "type": "Point", "coordinates": [ 6.133141, 49.18778 ] } },
{ "type": "Feature", "properties": { "id": 4560 }, "geometry": { "type": "Point", "coordinates": [ 6.004823, 48.844318 ] } },
{ "type": "Feature", "properties": { "id": 4561 }, "geometry": { "type": "Point", "coordinates": [ 6.686793, 48.755925 ] } },
{ "type": "Feature", "properties": { "id": 4562 }, "geometry": { "type": "Point", "coordinates": [ 6.149192, 48.628164 ] } },
{ "type": "Feature", "properties": { "id": 4563 }, "geometry": { "type": "Point", "coordinates": [ 6.075006, 48.920616 ] } },
{ "type": "Feature", "properties": { "id": 4564 }, "geometry": { "type": "Point", "coordinates": [ 6.539655, 49.018846 ] } },
{ "type": "Feature", "properties": { "id": 4565 }, "geometry": { "type": "Point", "coordinates": [ 6.398635, 48.506668 ] } },
{ "type": "Feature", "properties": { "id": 4566 }, "geometry": { "type": "Point", "coordinates": [ 7.141582, 49.121197 ] } },
{ "type": "Feature", "properties": { "id": 4567 }, "geometry": { "type": "Point", "coordinates": [ 5.954996, 49.274415 ] } },
{ "type": "Feature", "properties": { "id": 4568 }, "geometry": { "type": "Point", "coordinates": [ 6.358872, 49.099016 ] } },
{ "type": "Feature", "properties": { "id": 4569 }, "geometry": { "type": "Point", "coordinates": [ 5.796053, 48.611167 ] } },
{ "type": "Feature", "properties": { "id": 4570 }, "geometry": { "type": "Point", "coordinates": [ 5.857793, 48.747517 ] } },
{ "type": "Feature", "properties": { "id": 4571 }, "geometry": { "type": "Point", "coordinates": [ 7.227639, 49.370828 ] } },
{ "type": "Feature", "properties": { "id": 4572 }, "geometry": { "type": "Point", "coordinates": [ 5.894672, 48.738203 ] } },
{ "type": "Feature", "properties": { "id": 4573 }, "geometry": { "type": "Point", "coordinates": [ 5.767422, 49.023785 ] } },
{ "type": "Feature", "properties": { "id": 4574 }, "geometry": { "type": "Point", "coordinates": [ 7.111927, 48.897246 ] } },
{ "type": "Feature", "properties": { "id": 4575 }, "geometry": { "type": "Point", "coordinates": [ 6.375443, 48.89367 ] } },
{ "type": "Feature", "properties": { "id": 4576 }, "geometry": { "type": "Point", "coordinates": [ 7.14963, 48.951806 ] } },
{ "type": "Feature", "properties": { "id": 4577 }, "geometry": { "type": "Point", "coordinates": [ 6.509736, 49.089485 ] } },
{ "type": "Feature", "properties": { "id": 4578 }, "geometry": { "type": "Point", "coordinates": [ 6.800348, 49.195564 ] } },
{ "type": "Feature", "properties": { "id": 4579 }, "geometry": { "type": "Point", "coordinates": [ 6.732441, 48.887895 ] } },
{ "type": "Feature", "properties": { "id": 4580 }, "geometry": { "type": "Point", "coordinates": [ 6.601279, 48.948232 ] } },
{ "type": "Feature", "properties": { "id": 4581 }, "geometry": { "type": "Point", "coordinates": [ 7.290793, 48.813029 ] } },
{ "type": "Feature", "properties": { "id": 4582 }, "geometry": { "type": "Point", "coordinates": [ 5.943075, 48.881287 ] } },
{ "type": "Feature", "properties": { "id": 4583 }, "geometry": { "type": "Point", "coordinates": [ 6.017316, 48.792271 ] } },
{ "type": "Feature", "properties": { "id": 4584 }, "geometry": { "type": "Point", "coordinates": [ 6.890853, 48.577859 ] } },
{ "type": "Feature", "properties": { "id": 4585 }, "geometry": { "type": "Point", "coordinates": [ 7.101252, 49.017153 ] } },
{ "type": "Feature", "properties": { "id": 4586 }, "geometry": { "type": "Point", "coordinates": [ 6.081199, 48.85816 ] } },
{ "type": "Feature", "properties": { "id": 4587 }, "geometry": { "type": "Point", "coordinates": [ 6.830564, 48.700904 ] } },
{ "type": "Feature", "properties": { "id": 4588 }, "geometry": { "type": "Point", "coordinates": [ 7.226975, 49.373606 ] } },
{ "type": "Feature", "properties": { "id": 4589 }, "geometry": { "type": "Point", "coordinates": [ 6.394647, 48.947896 ] } },
{ "type": "Feature", "properties": { "id": 4590 }, "geometry": { "type": "Point", "coordinates": [ 6.525194, 48.64266 ] } },
{ "type": "Feature", "properties": { "id": 4591 }, "geometry": { "type": "Point", "coordinates": [ 6.457649, 48.775511 ] } },
{ "type": "Feature", "properties": { "id": 4592 }, "geometry": { "type": "Point", "coordinates": [ 7.058524, 49.076633 ] } },
{ "type": "Feature", "properties": { "id": 4593 }, "geometry": { "type": "Point", "coordinates": [ 7.146657, 49.213711 ] } },
{ "type": "Feature", "properties": { "id": 4594 }, "geometry": { "type": "Point", "coordinates": [ 7.292806, 48.844783 ] } },
{ "type": "Feature", "properties": { "id": 4595 }, "geometry": { "type": "Point", "coordinates": [ 6.649283, 48.767653 ] } },
{ "type": "Feature", "properties": { "id": 4596 }, "geometry": { "type": "Point", "coordinates": [ 6.291835, 49.132996 ] } },
{ "type": "Feature", "properties": { "id": 4597 }, "geometry": { "type": "Point", "coordinates": [ 6.824004, 49.060086 ] } },
{ "type": "Feature", "properties": { "id": 4598 }, "geometry": { "type": "Point", "coordinates": [ 5.764763, 48.662545 ] } },
{ "type": "Feature", "properties": { "id": 4599 }, "geometry": { "type": "Point", "coordinates": [ 6.925087, 49.104793 ] } },
{ "type": "Feature", "properties": { "id": 4600 }, "geometry": { "type": "Point", "coordinates": [ 7.335932, 48.711731 ] } },
{ "type": "Feature", "properties": { "id": 4601 }, "geometry": { "type": "Point", "coordinates": [ 6.967584, 48.582539 ] } },
{ "type": "Feature", "properties": { "id": 4602 }, "geometry": { "type": "Point", "coordinates": [ 6.151519, 49.075919 ] } },
{ "type": "Feature", "properties": { "id": 4603 }, "geometry": { "type": "Point", "coordinates": [ 6.104842, 48.605305 ] } },
{ "type": "Feature", "properties": { "id": 4604 }, "geometry": { "type": "Point", "coordinates": [ 6.304052, 49.24924 ] } },
{ "type": "Feature", "properties": { "id": 4605 }, "geometry": { "type": "Point", "coordinates": [ 6.235908, 49.311074 ] } },
{ "type": "Feature", "properties": { "id": 4606 }, "geometry": { "type": "Point", "coordinates": [ 5.77281, 49.173676 ] } },
{ "type": "Feature", "properties": { "id": 4607 }, "geometry": { "type": "Point", "coordinates": [ 6.817054, 48.961102 ] } },
{ "type": "Feature", "properties": { "id": 4608 }, "geometry": { "type": "Point", "coordinates": [ 5.781431, 49.271985 ] } },
{ "type": "Feature", "properties": { "id": 4609 }, "geometry": { "type": "Point", "coordinates": [ 7.33819, 49.023014 ] } },
{ "type": "Feature", "properties": { "id": 4610 }, "geometry": { "type": "Point", "coordinates": [ 5.879776, 48.889655 ] } },
{ "type": "Feature", "properties": { "id": 4611 }, "geometry": { "type": "Point", "coordinates": [ 6.816947, 48.526257 ] } },
{ "type": "Feature", "properties": { "id": 4612 }, "geometry": { "type": "Point", "coordinates": [ 6.434677, 49.263498 ] } },
{ "type": "Feature", "properties": { "id": 4613 }, "geometry": { "type": "Point", "coordinates": [ 6.200795, 49.123493 ] } },
{ "type": "Feature", "properties": { "id": 4614 }, "geometry": { "type": "Point", "coordinates": [ 6.17943, 49.291277 ] } },
{ "type": "Feature", "properties": { "id": 4615 }, "geometry": { "type": "Point", "coordinates": [ 6.44771, 48.787664 ] } },
{ "type": "Feature", "properties": { "id": 4616 }, "geometry": { "type": "Point", "coordinates": [ 6.462579, 49.324537 ] } },
{ "type": "Feature", "properties": { "id": 4617 }, "geometry": { "type": "Point", "coordinates": [ 7.21457, 49.137957 ] } },
{ "type": "Feature", "properties": { "id": 4618 }, "geometry": { "type": "Point", "coordinates": [ 5.951055, 49.227373 ] } },
{ "type": "Feature", "properties": { "id": 4619 }, "geometry": { "type": "Point", "coordinates": [ 7.117421, 48.835579 ] } },
{ "type": "Feature", "properties": { "id": 4620 }, "geometry": { "type": "Point", "coordinates": [ 6.251106, 48.864751 ] } },
{ "type": "Feature", "properties": { "id": 4621 }, "geometry": { "type": "Point", "coordinates": [ 6.727515, 48.600137 ] } },
{ "type": "Feature", "properties": { "id": 4622 }, "geometry": { "type": "Point", "coordinates": [ 6.17191, 48.55851 ] } },
{ "type": "Feature", "properties": { "id": 4623 }, "geometry": { "type": "Point", "coordinates": [ 6.528471, 49.31883 ] } },
{ "type": "Feature", "properties": { "id": 4624 }, "geometry": { "type": "Point", "coordinates": [ 6.400874, 48.571981 ] } },
{ "type": "Feature", "properties": { "id": 4625 }, "geometry": { "type": "Point", "coordinates": [ 5.755263, 49.11235 ] } },
{ "type": "Feature", "properties": { "id": 4626 }, "geometry": { "type": "Point", "coordinates": [ 5.921115, 49.196637 ] } },
{ "type": "Feature", "properties": { "id": 4627 }, "geometry": { "type": "Point", "coordinates": [ 6.082713, 49.218966 ] } },
{ "type": "Feature", "properties": { "id": 4628 }, "geometry": { "type": "Point", "coordinates": [ 6.109864, 48.815569 ] } },
{ "type": "Feature", "properties": { "id": 4629 }, "geometry": { "type": "Point", "coordinates": [ 6.939774, 48.845003 ] } },
{ "type": "Feature", "properties": { "id": 4630 }, "geometry": { "type": "Point", "coordinates": [ 6.086383, 49.355906 ] } },
{ "type": "Feature", "properties": { "id": 4631 }, "geometry": { "type": "Point", "coordinates": [ 6.79575, 49.125554 ] } },
{ "type": "Feature", "properties": { "id": 4632 }, "geometry": { "type": "Point", "coordinates": [ 6.28196, 48.604432 ] } },
{ "type": "Feature", "properties": { "id": 4633 }, "geometry": { "type": "Point", "coordinates": [ 6.697508, 48.794139 ] } },
{ "type": "Feature", "properties": { "id": 4634 }, "geometry": { "type": "Point", "coordinates": [ 7.340092, 49.270017 ] } },
{ "type": "Feature", "properties": { "id": 4635 }, "geometry": { "type": "Point", "coordinates": [ 7.021961, 49.114492 ] } },
{ "type": "Feature", "properties": { "id": 4636 }, "geometry": { "type": "Point", "coordinates": [ 6.890572, 48.836836 ] } },
{ "type": "Feature", "properties": { "id": 4637 }, "geometry": { "type": "Point", "coordinates": [ 6.777236, 48.638612 ] } },
{ "type": "Feature", "properties": { "id": 4638 }, "geometry": { "type": "Point", "coordinates": [ 6.476893, 48.534137 ] } },
{ "type": "Feature", "properties": { "id": 4639 }, "geometry": { "type": "Point", "coordinates": [ 6.545744, 48.507565 ] } },
{ "type": "Feature", "properties": { "id": 4640 }, "geometry": { "type": "Point", "coordinates": [ 5.773806, 48.890073 ] } },
{ "type": "Feature", "properties": { "id": 4641 }, "geometry": { "type": "Point", "coordinates": [ 6.413041, 49.32087 ] } },
{ "type": "Feature", "properties": { "id": 4642 }, "geometry": { "type": "Point", "coordinates": [ 6.591097, 49.194143 ] } },
{ "type": "Feature", "properties": { "id": 4643 }, "geometry": { "type": "Point", "coordinates": [ 6.454823, 49.193088 ] } },
{ "type": "Feature", "properties": { "id": 4644 }, "geometry": { "type": "Point", "coordinates": [ 5.910133, 49.102729 ] } },
{ "type": "Feature", "properties": { "id": 4645 }, "geometry": { "type": "Point", "coordinates": [ 6.437959, 48.531596 ] } },
{ "type": "Feature", "properties": { "id": 4646 }, "geometry": { "type": "Point", "coordinates": [ 6.356561, 49.129926 ] } },
{ "type": "Feature", "properties": { "id": 4647 }, "geometry": { "type": "Point", "coordinates": [ 5.90497, 48.603617 ] } },
{ "type": "Feature", "properties": { "id": 4648 }, "geometry": { "type": "Point", "coordinates": [ 5.95324, 48.54584 ] } },
{ "type": "Feature", "properties": { "id": 4649 }, "geometry": { "type": "Point", "coordinates": [ 7.149861, 49.078883 ] } },
{ "type": "Feature", "properties": { "id": 4650 }, "geometry": { "type": "Point", "coordinates": [ 7.075565, 48.804833 ] } },
{ "type": "Feature", "properties": { "id": 4651 }, "geometry": { "type": "Point", "coordinates": [ 5.91054, 48.579 ] } },
{ "type": "Feature", "properties": { "id": 4652 }, "geometry": { "type": "Point", "coordinates": [ 5.969362, 48.656852 ] } },
{ "type": "Feature", "properties": { "id": 4653 }, "geometry": { "type": "Point", "coordinates": [ 5.888569, 48.549948 ] } },
{ "type": "Feature", "properties": { "id": 4654 }, "geometry": { "type": "Point", "coordinates": [ 6.234037, 49.357659 ] } },
{ "type": "Feature", "properties": { "id": 4655 }, "geometry": { "type": "Point", "coordinates": [ 6.142733, 49.288336 ] } },
{ "type": "Feature", "properties": { "id": 4656 }, "geometry": { "type": "Point", "coordinates": [ 6.75655, 49.290319 ] } },
{ "type": "Feature", "properties": { "id": 4657 }, "geometry": { "type": "Point", "coordinates": [ 7.334833, 49.100384 ] } },
{ "type": "Feature", "properties": { "id": 4658 }, "geometry": { "type": "Point", "coordinates": [ 6.717691, 48.810809 ] } },
{ "type": "Feature", "properties": { "id": 4659 }, "geometry": { "type": "Point", "coordinates": [ 5.803369, 48.515384 ] } },
{ "type": "Feature", "properties": { "id": 4660 }, "geometry": { "type": "Point", "coordinates": [ 6.547117, 48.521018 ] } },
{ "type": "Feature", "properties": { "id": 4661 }, "geometry": { "type": "Point", "coordinates": [ 6.882972, 49.174572 ] } },
{ "type": "Feature", "properties": { "id": 4662 }, "geometry": { "type": "Point", "coordinates": [ 7.259356, 48.697058 ] } },
{ "type": "Feature", "properties": { "id": 4663 }, "geometry": { "type": "Point", "coordinates": [ 6.564292, 49.361494 ] } },
{ "type": "Feature", "properties": { "id": 4664 }, "geometry": { "type": "Point", "coordinates": [ 6.40315, 48.766437 ] } },
{ "type": "Feature", "properties": { "id": 4665 }, "geometry": { "type": "Point", "coordinates": [ 7.140977, 48.549866 ] } },
{ "type": "Feature", "properties": { "id": 4666 }, "geometry": { "type": "Point", "coordinates": [ 7.1909, 49.106019 ] } },
{ "type": "Feature", "properties": { "id": 4667 }, "geometry": { "type": "Point", "coordinates": [ 7.155064, 49.361311 ] } },
{ "type": "Feature", "properties": { "id": 4668 }, "geometry": { "type": "Point", "coordinates": [ 6.411627, 49.224098 ] } },
{ "type": "Feature", "properties": { "id": 4669 }, "geometry": { "type": "Point", "coordinates": [ 6.534574, 49.274119 ] } },
{ "type": "Feature", "properties": { "id": 4670 }, "geometry": { "type": "Point", "coordinates": [ 6.774787, 48.764333 ] } },
{ "type": "Feature", "properties": { "id": 4671 }, "geometry": { "type": "Point", "coordinates": [ 7.024613, 48.791098 ] } },
{ "type": "Feature", "properties": { "id": 4672 }, "geometry": { "type": "Point", "coordinates": [ 7.282, 49.168042 ] } },
{ "type": "Feature", "properties": { "id": 4673 }, "geometry": { "type": "Point", "coordinates": [ 5.881663, 48.533481 ] } },
{ "type": "Feature", "properties": { "id": 4674 }, "geometry": { "type": "Point", "coordinates": [ 6.844049, 48.627713 ] } },
{ "type": "Feature", "properties": { "id": 4675 }, "geometry": { "type": "Point", "coordinates": [ 6.862949, 48.710015 ] } },
{ "type": "Feature", "properties": { "id": 4676 }, "geometry": { "type": "Point", "coordinates": [ 5.857179, 49.098039 ] } },
{ "type": "Feature", "properties": { "id": 4677 }, "geometry": { "type": "Point", "coordinates": [ 6.00351, 48.753839 ] } },
{ "type": "Feature", "properties": { "id": 4678 }, "geometry": { "type": "Point", "coordinates": [ 6.017815, 49.301534 ] } },
{ "type": "Feature", "properties": { "id": 4679 }, "geometry": { "type": "Point", "coordinates": [ 6.326905, 48.732186 ] } },
{ "type": "Feature", "properties": { "id": 4680 }, "geometry": { "type": "Point", "coordinates": [ 7.04311, 48.644392 ] } },
{ "type": "Feature", "properties": { "id": 4681 }, "geometry": { "type": "Point", "coordinates": [ 6.522281, 49.227177 ] } },
{ "type": "Feature", "properties": { "id": 4682 }, "geometry": { "type": "Point", "coordinates": [ 6.252298, 49.073751 ] } },
{ "type": "Feature", "properties": { "id": 4683 }, "geometry": { "type": "Point", "coordinates": [ 6.088111, 49.25555 ] } },
{ "type": "Feature", "properties": { "id": 4684 }, "geometry": { "type": "Point", "coordinates": [ 6.008185, 49.124578 ] } },
{ "type": "Feature", "properties": { "id": 4685 }, "geometry": { "type": "Point", "coordinates": [ 6.617054, 49.318375 ] } },
{ "type": "Feature", "properties": { "id": 4686 }, "geometry": { "type": "Point", "coordinates": [ 5.944033, 48.960021 ] } },
{ "type": "Feature", "properties": { "id": 4687 }, "geometry": { "type": "Point", "coordinates": [ 5.822792, 48.640114 ] } },
{ "type": "Feature", "properties": { "id": 4688 }, "geometry": { "type": "Point", "coordinates": [ 5.985191, 48.555884 ] } },
{ "type": "Feature", "properties": { "id": 4689 }, "geometry": { "type": "Point", "coordinates": [ 6.061834, 49.056965 ] } },
{ "type": "Feature", "properties": { "id": 4690 }, "geometry": { "type": "Point", "coordinates": [ 6.62509, 49.134961 ] } },
{ "type": "Feature", "properties": { "id": 4691 }, "geometry": { "type": "Point", "coordinates": [ 6.135731, 48.584437 ] } },
{ "type": "Feature", "properties": { "id": 4692 }, "geometry": { "type": "Point", "coordinates": [ 6.878708, 48.981353 ] } },
{ "type": "Feature", "properties": { "id": 4693 }, "geometry": { "type": "Point", "coordinates": [ 6.273128, 48.562223 ] } },
{ "type": "Feature", "properties": { "id": 4694 }, "geometry": { "type": "Point", "coordinates": [ 7.090228, 49.066813 ] } },
{ "type": "Feature", "properties": { "id": 4695 }, "geometry": { "type": "Point", "coordinates": [ 6.315154, 49.389665 ] } },
{ "type": "Feature", "properties": { "id": 4696 }, "geometry": { "type": "Point", "coordinates": [ 6.583962, 49.081519 ] } },
{ "type": "Feature", "properties": { "id": 4697 }, "geometry": { "type": "Point", "coordinates": [ 6.884087, 48.763934 ] } },
{ "type": "Feature", "properties": { "id": 4698 }, "geometry": { "type": "Point", "coordinates": [ 6.512513, 48.726336 ] } },
{ "type": "Feature", "properties": { "id": 4699 }, "geometry": { "type": "Point", "coordinates": [ 5.913951, 48.539703 ] } },
{ "type": "Feature", "properties": { "id": 4700 }, "geometry": { "type": "Point", "coordinates": [ 7.189979, 48.508347 ] } },
{ "type": "Feature", "properties": { "id": 4701 }, "geometry": { "type": "Point", "coordinates": [ 6.245105, 49.149112 ] } },
{ "type": "Feature", "properties": { "id": 4702 }, "geometry": { "type": "Point", "coordinates": [ 6.97219, 48.952345 ] } },
{ "type": "Feature", "properties": { "id": 4703 }, "geometry": { "type": "Point", "coordinates": [ 6.638215, 48.988249 ] } },
{ "type": "Feature", "properties": { "id": 4704 }, "geometry": { "type": "Point", "coordinates": [ 6.754866, 48.912417 ] } },
{ "type": "Feature", "properties": { "id": 4705 }, "geometry": { "type": "Point", "coordinates": [ 6.976362, 49.065094 ] } },
{ "type": "Feature", "properties": { "id": 4706 }, "geometry": { "type": "Point", "coordinates": [ 7.006615, 49.232597 ] } },
{ "type": "Feature", "properties": { "id": 4707 }, "geometry": { "type": "Point", "coordinates": [ 7.197576, 49.326528 ] } },
{ "type": "Feature", "properties": { "id": 4708 }, "geometry": { "type": "Point", "coordinates": [ 5.7715, 48.915837 ] } },
{ "type": "Feature", "properties": { "id": 4709 }, "geometry": { "type": "Point", "coordinates": [ 7.270921, 49.316393 ] } },
{ "type": "Feature", "properties": { "id": 4710 }, "geometry": { "type": "Point", "coordinates": [ 6.191374, 48.601131 ] } },
{ "type": "Feature", "properties": { "id": 4711 }, "geometry": { "type": "Point", "coordinates": [ 6.66055, 49.056327 ] } },
{ "type": "Feature", "properties": { "id": 4712 }, "geometry": { "type": "Point", "coordinates": [ 7.000924, 48.516536 ] } },
{ "type": "Feature", "properties": { "id": 4713 }, "geometry": { "type": "Point", "coordinates": [ 6.379493, 49.106341 ] } },
{ "type": "Feature", "properties": { "id": 4714 }, "geometry": { "type": "Point", "coordinates": [ 6.691213, 49.301921 ] } },
{ "type": "Feature", "properties": { "id": 4715 }, "geometry": { "type": "Point", "coordinates": [ 6.116325, 49.125506 ] } },
{ "type": "Feature", "properties": { "id": 4716 }, "geometry": { "type": "Point", "coordinates": [ 6.315834, 48.715992 ] } },
{ "type": "Feature", "properties": { "id": 4717 }, "geometry": { "type": "Point", "coordinates": [ 6.963786, 48.62083 ] } },
{ "type": "Feature", "properties": { "id": 4718 }, "geometry": { "type": "Point", "coordinates": [ 6.813867, 48.694626 ] } },
{ "type": "Feature", "properties": { "id": 4719 }, "geometry": { "type": "Point", "coordinates": [ 6.558783, 49.272549 ] } },
{ "type": "Feature", "properties": { "id": 4720 }, "geometry": { "type": "Point", "coordinates": [ 5.994796, 49.314446 ] } },
{ "type": "Feature", "properties": { "id": 4721 }, "geometry": { "type": "Point", "coordinates": [ 6.181334, 49.263697 ] } },
{ "type": "Feature", "properties": { "id": 4722 }, "geometry": { "type": "Point", "coordinates": [ 6.588168, 48.585403 ] } },
{ "type": "Feature", "properties": { "id": 4723 }, "geometry": { "type": "Point", "coordinates": [ 6.569556, 48.688941 ] } },
{ "type": "Feature", "properties": { "id": 4724 }, "geometry": { "type": "Point", "coordinates": [ 5.822087, 49.357909 ] } },
{ "type": "Feature", "properties": { "id": 4725 }, "geometry": { "type": "Point", "coordinates": [ 6.00391, 49.036252 ] } },
{ "type": "Feature", "properties": { "id": 4726 }, "geometry": { "type": "Point", "coordinates": [ 6.771457, 48.878701 ] } },
{ "type": "Feature", "properties": { "id": 4727 }, "geometry": { "type": "Point", "coordinates": [ 6.321247, 48.840174 ] } },
{ "type": "Feature", "properties": { "id": 4728 }, "geometry": { "type": "Point", "coordinates": [ 7.256355, 48.95585 ] } },
{ "type": "Feature", "properties": { "id": 4729 }, "geometry": { "type": "Point", "coordinates": [ 5.967926, 48.986824 ] } },
{ "type": "Feature", "properties": { "id": 4730 }, "geometry": { "type": "Point", "coordinates": [ 6.671082, 48.830843 ] } },
{ "type": "Feature", "properties": { "id": 4731 }, "geometry": { "type": "Point", "coordinates": [ 6.427175, 48.732181 ] } },
{ "type": "Feature", "properties": { "id": 4732 }, "geometry": { "type": "Point", "coordinates": [ 7.271563, 49.321849 ] } },
{ "type": "Feature", "properties": { "id": 4733 }, "geometry": { "type": "Point", "coordinates": [ 6.067902, 49.201318 ] } },
{ "type": "Feature", "properties": { "id": 4734 }, "geometry": { "type": "Point", "coordinates": [ 6.640018, 48.584288 ] } },
{ "type": "Feature", "properties": { "id": 4735 }, "geometry": { "type": "Point", "coordinates": [ 6.078177, 49.226708 ] } },
{ "type": "Feature", "properties": { "id": 4736 }, "geometry": { "type": "Point", "coordinates": [ 6.874165, 48.632804 ] } },
{ "type": "Feature", "properties": { "id": 4737 }, "geometry": { "type": "Point", "coordinates": [ 7.25425, 48.831976 ] } },
{ "type": "Feature", "properties": { "id": 4738 }, "geometry": { "type": "Point", "coordinates": [ 6.304293, 48.703145 ] } },
{ "type": "Feature", "properties": { "id": 4739 }, "geometry": { "type": "Point", "coordinates": [ 5.8397, 48.570878 ] } },
{ "type": "Feature", "properties": { "id": 4740 }, "geometry": { "type": "Point", "coordinates": [ 7.287615, 48.656636 ] } },
{ "type": "Feature", "properties": { "id": 4741 }, "geometry": { "type": "Point", "coordinates": [ 7.073159, 48.780609 ] } },
{ "type": "Feature", "properties": { "id": 4742 }, "geometry": { "type": "Point", "coordinates": [ 6.573897, 49.268881 ] } },
{ "type": "Feature", "properties": { "id": 4743 }, "geometry": { "type": "Point", "coordinates": [ 6.959001, 49.01038 ] } },
{ "type": "Feature", "properties": { "id": 4744 }, "geometry": { "type": "Point", "coordinates": [ 6.511635, 48.613909 ] } },
{ "type": "Feature", "properties": { "id": 4745 }, "geometry": { "type": "Point", "coordinates": [ 6.226378, 49.235633 ] } },
{ "type": "Feature", "properties": { "id": 4746 }, "geometry": { "type": "Point", "coordinates": [ 6.224011, 48.710398 ] } },
{ "type": "Feature", "properties": { "id": 4747 }, "geometry": { "type": "Point", "coordinates": [ 6.804092, 48.933931 ] } },
{ "type": "Feature", "properties": { "id": 4748 }, "geometry": { "type": "Point", "coordinates": [ 7.186711, 48.889764 ] } },
{ "type": "Feature", "properties": { "id": 4749 }, "geometry": { "type": "Point", "coordinates": [ 5.981357, 48.702679 ] } },
{ "type": "Feature", "properties": { "id": 4750 }, "geometry": { "type": "Point", "coordinates": [ 6.422451, 49.14582 ] } },
{ "type": "Feature", "properties": { "id": 4751 }, "geometry": { "type": "Point", "coordinates": [ 5.767378, 49.091662 ] } },
{ "type": "Feature", "properties": { "id": 4752 }, "geometry": { "type": "Point", "coordinates": [ 6.562455, 49.175847 ] } },
{ "type": "Feature", "properties": { "id": 4753 }, "geometry": { "type": "Point", "coordinates": [ 6.714874, 49.156675 ] } },
{ "type": "Feature", "properties": { "id": 4754 }, "geometry": { "type": "Point", "coordinates": [ 5.838012, 48.687305 ] } },
{ "type": "Feature", "properties": { "id": 4755 }, "geometry": { "type": "Point", "coordinates": [ 6.900791, 49.139797 ] } },
{ "type": "Feature", "properties": { "id": 4756 }, "geometry": { "type": "Point", "coordinates": [ 6.534819, 48.798951 ] } },
{ "type": "Feature", "properties": { "id": 4757 }, "geometry": { "type": "Point", "coordinates": [ 6.112999, 49.208618 ] } },
{ "type": "Feature", "properties": { "id": 4758 }, "geometry": { "type": "Point", "coordinates": [ 7.243014, 48.678471 ] } },
{ "type": "Feature", "properties": { "id": 4759 }, "geometry": { "type": "Point", "coordinates": [ 7.162668, 49.387231 ] } },
{ "type": "Feature", "properties": { "id": 4760 }, "geometry": { "type": "Point", "coordinates": [ 6.141303, 49.300047 ] } },
{ "type": "Feature", "properties": { "id": 4761 }, "geometry": { "type": "Point", "coordinates": [ 5.929333, 49.072755 ] } },
{ "type": "Feature", "properties": { "id": 4762 }, "geometry": { "type": "Point", "coordinates": [ 6.453116, 49.078326 ] } },
{ "type": "Feature", "properties": { "id": 4763 }, "geometry": { "type": "Point", "coordinates": [ 6.414585, 49.200875 ] } },
{ "type": "Feature", "properties": { "id": 4764 }, "geometry": { "type": "Point", "coordinates": [ 5.843814, 49.004072 ] } },
{ "type": "Feature", "properties": { "id": 4765 }, "geometry": { "type": "Point", "coordinates": [ 6.125192, 48.909129 ] } },
{ "type": "Feature", "properties": { "id": 4766 }, "geometry": { "type": "Point", "coordinates": [ 7.023903, 48.686746 ] } },
{ "type": "Feature", "properties": { "id": 4767 }, "geometry": { "type": "Point", "coordinates": [ 6.536427, 48.709045 ] } },
{ "type": "Feature", "properties": { "id": 4768 }, "geometry": { "type": "Point", "coordinates": [ 6.061756, 49.276806 ] } },
{ "type": "Feature", "properties": { "id": 4769 }, "geometry": { "type": "Point", "coordinates": [ 7.125106, 48.737522 ] } },
{ "type": "Feature", "properties": { "id": 4770 }, "geometry": { "type": "Point", "coordinates": [ 6.727349, 49.343759 ] } },
{ "type": "Feature", "properties": { "id": 4771 }, "geometry": { "type": "Point", "coordinates": [ 6.338481, 49.263516 ] } },
{ "type": "Feature", "properties": { "id": 4772 }, "geometry": { "type": "Point", "coordinates": [ 5.802575, 49.393339 ] } },
{ "type": "Feature", "properties": { "id": 4773 }, "geometry": { "type": "Point", "coordinates": [ 6.686726, 48.583753 ] } },
{ "type": "Feature", "properties": { "id": 4774 }, "geometry": { "type": "Point", "coordinates": [ 7.251574, 48.606071 ] } },
{ "type": "Feature", "properties": { "id": 4775 }, "geometry": { "type": "Point", "coordinates": [ 5.792767, 48.727661 ] } },
{ "type": "Feature", "properties": { "id": 4776 }, "geometry": { "type": "Point", "coordinates": [ 5.811882, 49.354951 ] } },
{ "type": "Feature", "properties": { "id": 4777 }, "geometry": { "type": "Point", "coordinates": [ 5.877062, 48.730629 ] } },
{ "type": "Feature", "properties": { "id": 4778 }, "geometry": { "type": "Point", "coordinates": [ 7.060881, 49.100208 ] } },
{ "type": "Feature", "properties": { "id": 4779 }, "geometry": { "type": "Point", "coordinates": [ 6.985647, 49.281966 ] } },
{ "type": "Feature", "properties": { "id": 4780 }, "geometry": { "type": "Point", "coordinates": [ 6.898822, 49.302838 ] } },
{ "type": "Feature", "properties": { "id": 4781 }, "geometry": { "type": "Point", "coordinates": [ 6.21771, 49.384894 ] } },
{ "type": "Feature", "properties": { "id": 4782 }, "geometry": { "type": "Point", "coordinates": [ 7.097319, 48.928464 ] } },
{ "type": "Feature", "properties": { "id": 4783 }, "geometry": { "type": "Point", "coordinates": [ 6.519507, 48.853024 ] } },
{ "type": "Feature", "properties": { "id": 4784 }, "geometry": { "type": "Point", "coordinates": [ 6.377575, 48.528994 ] } },
{ "type": "Feature", "properties": { "id": 4785 }, "geometry": { "type": "Point", "coordinates": [ 6.944523, 48.550249 ] } },
{ "type": "Feature", "properties": { "id": 4786 }, "geometry": { "type": "Point", "coordinates": [ 6.215472, 49.286224 ] } },
{ "type": "Feature", "properties": { "id": 4787 }, "geometry": { "type": "Point", "coordinates": [ 6.723599, 48.889266 ] } },
{ "type": "Feature", "properties": { "id": 4788 }, "geometry": { "type": "Point", "coordinates": [ 6.669486, 48.643142 ] } },
{ "type": "Feature", "properties": { "id": 4789 }, "geometry": { "type": "Point", "coordinates": [ 6.349332, 48.927422 ] } },
{ "type": "Feature", "properties": { "id": 4790 }, "geometry": { "type": "Point", "coordinates": [ 7.157949, 48.823691 ] } },
{ "type": "Feature", "properties": { "id": 4791 }, "geometry": { "type": "Point", "coordinates": [ 6.901491, 48.885848 ] } },
{ "type": "Feature", "properties": { "id": 4792 }, "geometry": { "type": "Point", "coordinates": [ 6.683664, 49.053202 ] } },
{ "type": "Feature", "properties": { "id": 4793 }, "geometry": { "type": "Point", "coordinates": [ 6.218383, 49.016329 ] } },
{ "type": "Feature", "properties": { "id": 4794 }, "geometry": { "type": "Point", "coordinates": [ 7.16799, 48.540599 ] } },
{ "type": "Feature", "properties": { "id": 4795 }, "geometry": { "type": "Point", "coordinates": [ 6.865808, 49.171167 ] } },
{ "type": "Feature", "properties": { "id": 4796 }, "geometry": { "type": "Point", "coordinates": [ 6.474774, 48.64232 ] } },
{ "type": "Feature", "properties": { "id": 4797 }, "geometry": { "type": "Point", "coordinates": [ 6.413771, 49.393658 ] } },
{ "type": "Feature", "properties": { "id": 4798 }, "geometry": { "type": "Point", "coordinates": [ 6.956814, 48.857785 ] } },
{ "type": "Feature", "properties": { "id": 4799 }, "geometry": { "type": "Point", "coordinates": [ 7.133862, 49.233799 ] } },
{ "type": "Feature", "properties": { "id": 4800 }, "geometry": { "type": "Point", "coordinates": [ 6.660739, 49.086374 ] } },
{ "type": "Feature", "properties": { "id": 4801 }, "geometry": { "type": "Point", "coordinates": [ 6.546038, 49.071638 ] } },
{ "type": "Feature", "properties": { "id": 4802 }, "geometry": { "type": "Point", "coordinates": [ 6.633722, 48.624731 ] } },
{ "type": "Feature", "properties": { "id": 4803 }, "geometry": { "type": "Point", "coordinates": [ 7.189937, 48.98527 ] } },
{ "type": "Feature", "properties": { "id": 4804 }, "geometry": { "type": "Point", "coordinates": [ 6.81698, 48.625958 ] } },
{ "type": "Feature", "properties": { "id": 4805 }, "geometry": { "type": "Point", "coordinates": [ 6.488175, 48.910997 ] } },
{ "type": "Feature", "properties": { "id": 4806 }, "geometry": { "type": "Point", "coordinates": [ 7.328037, 49.393888 ] } },
{ "type": "Feature", "properties": { "id": 4807 }, "geometry": { "type": "Point", "coordinates": [ 6.331732, 48.906559 ] } },
{ "type": "Feature", "properties": { "id": 4808 }, "geometry": { "type": "Point", "coordinates": [ 6.967911, 49.317597 ] } },
{ "type": "Feature", "properties": { "id": 4809 }, "geometry": { "type": "Point", "coordinates": [ 5.839291, 48.6051 ] } },
{ "type": "Feature", "properties": { "id": 4810 }, "geometry": { "type": "Point", "coordinates": [ 6.238078, 49.362279 ] } },
{ "type": "Feature", "properties": { "id": 4811 }, "geometry": { "type": "Point", "coordinates": [ 7.31882, 49.2896 ] } },
{ "type": "Feature", "properties": { "id": 4812 }, "geometry": { "type": "Point", "coordinates": [ 5.983517, 49.30271 ] } },
{ "type": "Feature", "properties": { "id": 4813 }, "geometry": { "type": "Point", "coordinates": [ 6.480536, 48.948663 ] } },
{ "type": "Feature", "properties": { "id": 4814 }, "geometry": { "type": "Point", "coordinates": [ 5.923339, 49.185158 ] } },
{ "type": "Feature", "properties": { "id": 4815 }, "geometry": { "type": "Point", "coordinates": [ 5.862223, 48.984813 ] } },
{ "type": "Feature", "properties": { "id": 4816 }, "geometry": { "type": "Point", "coordinates": [ 6.751806, 49.02142 ] } },
{ "type": "Feature", "properties": { "id": 4817 }, "geometry": { "type": "Point", "coordinates": [ 7.255368, 49.075415 ] } },
{ "type": "Feature", "properties": { "id": 4818 }, "geometry": { "type": "Point", "coordinates": [ 6.672903, 48.566047 ] } },
{ "type": "Feature", "properties": { "id": 4819 }, "geometry": { "type": "Point", "coordinates": [ 7.180966, 49.184463 ] } },
{ "type": "Feature", "properties": { "id": 4820 }, "geometry": { "type": "Point", "coordinates": [ 6.491869, 49.195963 ] } },
{ "type": "Feature", "properties": { "id": 4821 }, "geometry": { "type": "Point", "coordinates": [ 5.942954, 49.160367 ] } },
{ "type": "Feature", "properties": { "id": 4822 }, "geometry": { "type": "Point", "coordinates": [ 6.173036, 49.167814 ] } },
{ "type": "Feature", "properties": { "id": 4823 }, "geometry": { "type": "Point", "coordinates": [ 6.240637, 49.380015 ] } },
{ "type": "Feature", "properties": { "id": 4824 }, "geometry": { "type": "Point", "coordinates": [ 6.483796, 49.097705 ] } },
{ "type": "Feature", "properties": { "id": 4825 }, "geometry": { "type": "Point", "coordinates": [ 6.464385, 49.185472 ] } },
{ "type": "Feature", "properties": { "id": 4826 }, "geometry": { "type": "Point", "coordinates": [ 6.28692, 48.73744 ] } },
{ "type": "Feature", "properties": { "id": 4827 }, "geometry": { "type": "Point", "coordinates": [ 5.90203, 48.504824 ] } },
{ "type": "Feature", "properties": { "id": 4828 }, "geometry": { "type": "Point", "coordinates": [ 5.943859, 49.152948 ] } },
{ "type": "Feature", "properties": { "id": 4829 }, "geometry": { "type": "Point", "coordinates": [ 6.816332, 48.727392 ] } },
{ "type": "Feature", "properties": { "id": 4830 }, "geometry": { "type": "Point", "coordinates": [ 7.011082, 49.30459 ] } },
{ "type": "Feature", "properties": { "id": 4831 }, "geometry": { "type": "Point", "coordinates": [ 5.980437, 48.562994 ] } },
{ "type": "Feature", "properties": { "id": 4832 }, "geometry": { "type": "Point", "coordinates": [ 5.968758, 49.316628 ] } },
{ "type": "Feature", "properties": { "id": 4833 }, "geometry": { "type": "Point", "coordinates": [ 6.761128, 48.655208 ] } },
{ "type": "Feature", "properties": { "id": 4834 }, "geometry": { "type": "Point", "coordinates": [ 5.822013, 48.875789 ] } },
{ "type": "Feature", "properties": { "id": 4835 }, "geometry": { "type": "Point", "coordinates": [ 6.447591, 48.630259 ] } },
{ "type": "Feature", "properties": { "id": 4836 }, "geometry": { "type": "Point", "coordinates": [ 6.29711, 48.856522 ] } },
{ "type": "Feature", "properties": { "id": 4837 }, "geometry": { "type": "Point", "coordinates": [ 5.884792, 48.879868 ] } },
{ "type": "Feature", "properties": { "id": 4838 }, "geometry": { "type": "Point", "coordinates": [ 6.692747, 49.254743 ] } },
{ "type": "Feature", "properties": { "id": 4839 }, "geometry": { "type": "Point", "coordinates": [ 6.73218, 49.001005 ] } },
{ "type": "Feature", "properties": { "id": 4840 }, "geometry": { "type": "Point", "coordinates": [ 6.460331, 49.175341 ] } },
{ "type": "Feature", "properties": { "id": 4841 }, "geometry": { "type": "Point", "coordinates": [ 6.040803, 48.723423 ] } },
{ "type": "Feature", "properties": { "id": 4842 }, "geometry": { "type": "Point", "coordinates": [ 7.116955, 48.831724 ] } },
{ "type": "Feature", "properties": { "id": 4843 }, "geometry": { "type": "Point", "coordinates": [ 6.535146, 48.590845 ] } },
{ "type": "Feature", "properties": { "id": 4844 }, "geometry": { "type": "Point", "coordinates": [ 6.609678, 48.832546 ] } },
{ "type": "Feature", "properties": { "id": 4845 }, "geometry": { "type": "Point", "coordinates": [ 7.080376, 49.104256 ] } },
{ "type": "Feature", "properties": { "id": 4846 }, "geometry": { "type": "Point", "coordinates": [ 6.425584, 49.077756 ] } },
{ "type": "Feature", "properties": { "id": 4847 }, "geometry": { "type": "Point", "coordinates": [ 6.110158, 48.824767 ] } },
{ "type": "Feature", "properties": { "id": 4848 }, "geometry": { "type": "Point", "coordinates": [ 7.262882, 49.093447 ] } },
{ "type": "Feature", "properties": { "id": 4849 }, "geometry": { "type": "Point", "coordinates": [ 7.030917, 49.161428 ] } },
{ "type": "Feature", "properties": { "id": 4850 }, "geometry": { "type": "Point", "coordinates": [ 7.295878, 48.665079 ] } },
{ "type": "Feature", "properties": { "id": 4851 }, "geometry": { "type": "Point", "coordinates": [ 6.432167, 48.692028 ] } },
{ "type": "Feature", "properties": { "id": 4852 }, "geometry": { "type": "Point", "coordinates": [ 6.579729, 48.855783 ] } },
{ "type": "Feature", "properties": { "id": 4853 }, "geometry": { "type": "Point", "coordinates": [ 6.796484, 49.19506 ] } },
{ "type": "Feature", "properties": { "id": 4854 }, "geometry": { "type": "Point", "coordinates": [ 6.063534, 48.867967 ] } },
{ "type": "Feature", "properties": { "id": 4855 }, "geometry": { "type": "Point", "coordinates": [ 6.695147, 49.142449 ] } },
{ "type": "Feature", "properties": { "id": 4856 }, "geometry": { "type": "Point", "coordinates": [ 6.602038, 48.674936 ] } },
{ "type": "Feature", "properties": { "id": 4857 }, "geometry": { "type": "Point", "coordinates": [ 5.79075, 48.66812 ] } },
{ "type": "Feature", "properties": { "id": 4858 }, "geometry": { "type": "Point", "coordinates": [ 6.003377, 48.606544 ] } },
{ "type": "Feature", "properties": { "id": 4859 }, "geometry": { "type": "Point", "coordinates": [ 5.805631, 48.760738 ] } },
{ "type": "Feature", "properties": { "id": 4860 }, "geometry": { "type": "Point", "coordinates": [ 7.001937, 49.027076 ] } },
{ "type": "Feature", "properties": { "id": 4861 }, "geometry": { "type": "Point", "coordinates": [ 6.97564, 49.200937 ] } },
{ "type": "Feature", "properties": { "id": 4862 }, "geometry": { "type": "Point", "coordinates": [ 6.025173, 49.359569 ] } },
{ "type": "Feature", "properties": { "id": 4863 }, "geometry": { "type": "Point", "coordinates": [ 6.56869, 48.733702 ] } },
{ "type": "Feature", "properties": { "id": 4864 }, "geometry": { "type": "Point", "coordinates": [ 5.856525, 48.701005 ] } },
{ "type": "Feature", "properties": { "id": 4865 }, "geometry": { "type": "Point", "coordinates": [ 6.466433, 49.012895 ] } },
{ "type": "Feature", "properties": { "id": 4866 }, "geometry": { "type": "Point", "coordinates": [ 5.940005, 48.614301 ] } },
{ "type": "Feature", "properties": { "id": 4867 }, "geometry": { "type": "Point", "coordinates": [ 6.982593, 48.637093 ] } },
{ "type": "Feature", "properties": { "id": 4868 }, "geometry": { "type": "Point", "coordinates": [ 6.079452, 48.902003 ] } },
{ "type": "Feature", "properties": { "id": 4869 }, "geometry": { "type": "Point", "coordinates": [ 6.381654, 48.512162 ] } },
{ "type": "Feature", "properties": { "id": 4870 }, "geometry": { "type": "Point", "coordinates": [ 7.11818, 49.224906 ] } },
{ "type": "Feature", "properties": { "id": 4871 }, "geometry": { "type": "Point", "coordinates": [ 6.110589, 48.521503 ] } },
{ "type": "Feature", "properties": { "id": 4872 }, "geometry": { "type": "Point", "coordinates": [ 7.030642, 48.946563 ] } },
{ "type": "Feature", "properties": { "id": 4873 }, "geometry": { "type": "Point", "coordinates": [ 7.035268, 48.550337 ] } },
{ "type": "Feature", "properties": { "id": 4874 }, "geometry": { "type": "Point", "coordinates": [ 6.704522, 49.304684 ] } },
{ "type": "Feature", "properties": { "id": 4875 }, "geometry": { "type": "Point", "coordinates": [ 5.827404, 49.199171 ] } },
{ "type": "Feature", "properties": { "id": 4876 }, "geometry": { "type": "Point", "coordinates": [ 7.082174, 48.930385 ] } },
{ "type": "Feature", "properties": { "id": 4877 }, "geometry": { "type": "Point", "coordinates": [ 7.12587, 48.798708 ] } },
{ "type": "Feature", "properties": { "id": 4878 }, "geometry": { "type": "Point", "coordinates": [ 6.855424, 48.954956 ] } },
{ "type": "Feature", "properties": { "id": 4879 }, "geometry": { "type": "Point", "coordinates": [ 6.164323, 48.911733 ] } },
{ "type": "Feature", "properties": { "id": 4880 }, "geometry": { "type": "Point", "coordinates": [ 6.452904, 49.05312 ] } },
{ "type": "Feature", "properties": { "id": 4881 }, "geometry": { "type": "Point", "coordinates": [ 6.320197, 48.858337 ] } },
{ "type": "Feature", "properties": { "id": 4882 }, "geometry": { "type": "Point", "coordinates": [ 7.232499, 49.265251 ] } },
{ "type": "Feature", "properties": { "id": 4883 }, "geometry": { "type": "Point", "coordinates": [ 7.095683, 48.68535 ] } },
{ "type": "Feature", "properties": { "id": 4884 }, "geometry": { "type": "Point", "coordinates": [ 5.933245, 48.796825 ] } },
{ "type": "Feature", "properties": { "id": 4885 }, "geometry": { "type": "Point", "coordinates": [ 6.134535, 48.625386 ] } },
{ "type": "Feature", "properties": { "id": 4886 }, "geometry": { "type": "Point", "coordinates": [ 6.572704, 49.117477 ] } },
{ "type": "Feature", "properties": { "id": 4887 }, "geometry": { "type": "Point", "coordinates": [ 6.190584, 49.400739 ] } },
{ "type": "Feature", "properties": { "id": 4888 }, "geometry": { "type": "Point", "coordinates": [ 7.117576, 48.834909 ] } },
{ "type": "Feature", "properties": { "id": 4889 }, "geometry": { "type": "Point", "coordinates": [ 6.626886, 48.696463 ] } },
{ "type": "Feature", "properties": { "id": 4890 }, "geometry": { "type": "Point", "coordinates": [ 5.989699, 48.655232 ] } },
{ "type": "Feature", "properties": { "id": 4891 }, "geometry": { "type": "Point", "coordinates": [ 5.799018, 49.317685 ] } },
{ "type": "Feature", "properties": { "id": 4892 }, "geometry": { "type": "Point", "coordinates": [ 6.843701, 48.825499 ] } },
{ "type": "Feature", "properties": { "id": 4893 }, "geometry": { "type": "Point", "coordinates": [ 7.088239, 49.074986 ] } },
{ "type": "Feature", "properties": { "id": 4894 }, "geometry": { "type": "Point", "coordinates": [ 6.280308, 49.10747 ] } },
{ "type": "Feature", "properties": { "id": 4895 }, "geometry": { "type": "Point", "coordinates": [ 6.450173, 48.90248 ] } },
{ "type": "Feature", "properties": { "id": 4896 }, "geometry": { "type": "Point", "coordinates": [ 6.214821, 48.645991 ] } },
{ "type": "Feature", "properties": { "id": 4897 }, "geometry": { "type": "Point", "coordinates": [ 6.551308, 48.993875 ] } },
{ "type": "Feature", "properties": { "id": 4898 }, "geometry": { "type": "Point", "coordinates": [ 7.002127, 49.331939 ] } },
{ "type": "Feature", "properties": { "id": 4899 }, "geometry": { "type": "Point", "coordinates": [ 6.306077, 48.56296 ] } },
{ "type": "Feature", "properties": { "id": 4900 }, "geometry": { "type": "Point", "coordinates": [ 6.391612, 48.876541 ] } },
{ "type": "Feature", "properties": { "id": 4901 }, "geometry": { "type": "Point", "coordinates": [ 7.331503, 48.930542 ] } },
{ "type": "Feature", "properties": { "id": 4902 }, "geometry": { "type": "Point", "coordinates": [ 6.342516, 48.807492 ] } },
{ "type": "Feature", "properties": { "id": 4903 }, "geometry": { "type": "Point", "coordinates": [ 6.91488, 49.006529 ] } },
{ "type": "Feature", "properties": { "id": 4904 }, "geometry": { "type": "Point", "coordinates": [ 6.560821, 48.611646 ] } },
{ "type": "Feature", "properties": { "id": 4905 }, "geometry": { "type": "Point", "coordinates": [ 5.821212, 48.99238 ] } },
{ "type": "Feature", "properties": { "id": 4906 }, "geometry": { "type": "Point", "coordinates": [ 6.621284, 48.847937 ] } },
{ "type": "Feature", "properties": { "id": 4907 }, "geometry": { "type": "Point", "coordinates": [ 6.559645, 48.775178 ] } },
{ "type": "Feature", "properties": { "id": 4908 }, "geometry": { "type": "Point", "coordinates": [ 6.066841, 48.767813 ] } },
{ "type": "Feature", "properties": { "id": 4909 }, "geometry": { "type": "Point", "coordinates": [ 5.877246, 48.881231 ] } },
{ "type": "Feature", "properties": { "id": 4910 }, "geometry": { "type": "Point", "coordinates": [ 6.69393, 48.896043 ] } },
{ "type": "Feature", "properties": { "id": 4911 }, "geometry": { "type": "Point", "coordinates": [ 6.831135, 48.544716 ] } },
{ "type": "Feature", "properties": { "id": 4912 }, "geometry": { "type": "Point", "coordinates": [ 6.000651, 49.205933 ] } },
{ "type": "Feature", "properties": { "id": 4913 }, "geometry": { "type": "Point", "coordinates": [ 6.387261, 49.223261 ] } },
{ "type": "Feature", "properties": { "id": 4914 }, "geometry": { "type": "Point", "coordinates": [ 5.841609, 49.277456 ] } },
{ "type": "Feature", "properties": { "id": 4915 }, "geometry": { "type": "Point", "coordinates": [ 6.033629, 49.139043 ] } },
{ "type": "Feature", "properties": { "id": 4916 }, "geometry": { "type": "Point", "coordinates": [ 6.616954, 48.831076 ] } },
{ "type": "Feature", "properties": { "id": 4917 }, "geometry": { "type": "Point", "coordinates": [ 6.35139, 49.206018 ] } },
{ "type": "Feature", "properties": { "id": 4918 }, "geometry": { "type": "Point", "coordinates": [ 6.686747, 48.724257 ] } },
{ "type": "Feature", "properties": { "id": 4919 }, "geometry": { "type": "Point", "coordinates": [ 6.470135, 48.757806 ] } },
{ "type": "Feature", "properties": { "id": 4920 }, "geometry": { "type": "Point", "coordinates": [ 6.919585, 48.898398 ] } },
{ "type": "Feature", "properties": { "id": 4921 }, "geometry": { "type": "Point", "coordinates": [ 6.394425, 48.762068 ] } },
{ "type": "Feature", "properties": { "id": 4922 }, "geometry": { "type": "Point", "coordinates": [ 7.139688, 49.029283 ] } },
{ "type": "Feature", "properties": { "id": 4923 }, "geometry": { "type": "Point", "coordinates": [ 6.400449, 48.570348 ] } },
{ "type": "Feature", "properties": { "id": 4924 }, "geometry": { "type": "Point", "coordinates": [ 6.407243, 49.161374 ] } },
{ "type": "Feature", "properties": { "id": 4925 }, "geometry": { "type": "Point", "coordinates": [ 6.820629, 48.624857 ] } },
{ "type": "Feature", "properties": { "id": 4926 }, "geometry": { "type": "Point", "coordinates": [ 6.166058, 48.910616 ] } },
{ "type": "Feature", "properties": { "id": 4927 }, "geometry": { "type": "Point", "coordinates": [ 7.200078, 48.52743 ] } },
{ "type": "Feature", "properties": { "id": 4928 }, "geometry": { "type": "Point", "coordinates": [ 6.915311, 48.512014 ] } },
{ "type": "Feature", "properties": { "id": 4929 }, "geometry": { "type": "Point", "coordinates": [ 6.936179, 49.358045 ] } },
{ "type": "Feature", "properties": { "id": 4930 }, "geometry": { "type": "Point", "coordinates": [ 5.846234, 48.966191 ] } },
{ "type": "Feature", "properties": { "id": 4931 }, "geometry": { "type": "Point", "coordinates": [ 6.508835, 49.13917 ] } },
{ "type": "Feature", "properties": { "id": 4932 }, "geometry": { "type": "Point", "coordinates": [ 6.852102, 48.955428 ] } },
{ "type": "Feature", "properties": { "id": 4933 }, "geometry": { "type": "Point", "coordinates": [ 6.810343, 48.61579 ] } },
{ "type": "Feature", "properties": { "id": 4934 }, "geometry": { "type": "Point", "coordinates": [ 6.054672, 48.754973 ] } },
{ "type": "Feature", "properties": { "id": 4935 }, "geometry": { "type": "Point", "coordinates": [ 5.825622, 48.533741 ] } },
{ "type": "Feature", "properties": { "id": 4936 }, "geometry": { "type": "Point", "coordinates": [ 5.774762, 48.642903 ] } },
{ "type": "Feature", "properties": { "id": 4937 }, "geometry": { "type": "Point", "coordinates": [ 6.815603, 49.285731 ] } },
{ "type": "Feature", "properties": { "id": 4938 }, "geometry": { "type": "Point", "coordinates": [ 6.735801, 48.60182 ] } },
{ "type": "Feature", "properties": { "id": 4939 }, "geometry": { "type": "Point", "coordinates": [ 7.090563, 49.075236 ] } },
{ "type": "Feature", "properties": { "id": 4940 }, "geometry": { "type": "Point", "coordinates": [ 7.113265, 49.013219 ] } },
{ "type": "Feature", "properties": { "id": 4941 }, "geometry": { "type": "Point", "coordinates": [ 6.919489, 49.171358 ] } },
{ "type": "Feature", "properties": { "id": 4942 }, "geometry": { "type": "Point", "coordinates": [ 6.986367, 49.065891 ] } },
{ "type": "Feature", "properties": { "id": 4943 }, "geometry": { "type": "Point", "coordinates": [ 6.363159, 48.531239 ] } },
{ "type": "Feature", "properties": { "id": 4944 }, "geometry": { "type": "Point", "coordinates": [ 6.358964, 48.509434 ] } },
{ "type": "Feature", "properties": { "id": 4945 }, "geometry": { "type": "Point", "coordinates": [ 5.786225, 48.904141 ] } },
{ "type": "Feature", "properties": { "id": 4946 }, "geometry": { "type": "Point", "coordinates": [ 6.80879, 48.982855 ] } },
{ "type": "Feature", "properties": { "id": 4947 }, "geometry": { "type": "Point", "coordinates": [ 6.741078, 48.995434 ] } },
{ "type": "Feature", "properties": { "id": 4948 }, "geometry": { "type": "Point", "coordinates": [ 6.870669, 48.95038 ] } },
{ "type": "Feature", "properties": { "id": 4949 }, "geometry": { "type": "Point", "coordinates": [ 6.249434, 49.242252 ] } },
{ "type": "Feature", "properties": { "id": 4950 }, "geometry": { "type": "Point", "coordinates": [ 5.94519, 48.645796 ] } },
{ "type": "Feature", "properties": { "id": 4951 }, "geometry": { "type": "Point", "coordinates": [ 6.863107, 48.601679 ] } },
{ "type": "Feature", "properties": { "id": 4952 }, "geometry": { "type": "Point", "coordinates": [ 6.167885, 49.290102 ] } },
{ "type": "Feature", "properties": { "id": 4953 }, "geometry": { "type": "Point", "coordinates": [ 7.328082, 49.083749 ] } },
{ "type": "Feature", "properties": { "id": 4954 }, "geometry": { "type": "Point", "coordinates": [ 6.444056, 49.243616 ] } },
{ "type": "Feature", "properties": { "id": 4955 }, "geometry": { "type": "Point", "coordinates": [ 6.391848, 48.9232 ] } },
{ "type": "Feature", "properties": { "id": 4956 }, "geometry": { "type": "Point", "coordinates": [ 6.484595, 49.150495 ] } },
{ "type": "Feature", "properties": { "id": 4957 }, "geometry": { "type": "Point", "coordinates": [ 6.962084, 48.862673 ] } },
{ "type": "Feature", "properties": { "id": 4958 }, "geometry": { "type": "Point", "coordinates": [ 5.978783, 48.836178 ] } },
{ "type": "Feature", "properties": { "id": 4959 }, "geometry": { "type": "Point", "coordinates": [ 7.129196, 48.695959 ] } },
{ "type": "Feature", "properties": { "id": 4960 }, "geometry": { "type": "Point", "coordinates": [ 6.271217, 49.169653 ] } },
{ "type": "Feature", "properties": { "id": 4961 }, "geometry": { "type": "Point", "coordinates": [ 7.136018, 49.369948 ] } },
{ "type": "Feature", "properties": { "id": 4962 }, "geometry": { "type": "Point", "coordinates": [ 7.34467, 48.925475 ] } },
{ "type": "Feature", "properties": { "id": 4963 }, "geometry": { "type": "Point", "coordinates": [ 6.233503, 48.714836 ] } },
{ "type": "Feature", "properties": { "id": 4964 }, "geometry": { "type": "Point", "coordinates": [ 5.771795, 49.035569 ] } },
{ "type": "Feature", "properties": { "id": 4965 }, "geometry": { "type": "Point", "coordinates": [ 6.600878, 48.864893 ] } },
{ "type": "Feature", "properties": { "id": 4966 }, "geometry": { "type": "Point", "coordinates": [ 6.60303, 49.257008 ] } },
{ "type": "Feature", "properties": { "id": 4967 }, "geometry": { "type": "Point", "coordinates": [ 5.843581, 48.943918 ] } },
{ "type": "Feature", "properties": { "id": 4968 }, "geometry": { "type": "Point", "coordinates": [ 7.247261, 48.92302 ] } },
{ "type": "Feature", "properties": { "id": 4969 }, "geometry": { "type": "Point", "coordinates": [ 6.423682, 48.600099 ] } },
{ "type": "Feature", "properties": { "id": 4970 }, "geometry": { "type": "Point", "coordinates": [ 5.875874, 48.529516 ] } },
{ "type": "Feature", "properties": { "id": 4971 }, "geometry": { "type": "Point", "coordinates": [ 6.675014, 48.627225 ] } },
{ "type": "Feature", "properties": { "id": 4972 }, "geometry": { "type": "Point", "coordinates": [ 6.627727, 48.85717 ] } },
{ "type": "Feature", "properties": { "id": 4973 }, "geometry": { "type": "Point", "coordinates": [ 7.196273, 49.209226 ] } },
{ "type": "Feature", "properties": { "id": 4974 }, "geometry": { "type": "Point", "coordinates": [ 6.279684, 48.94558 ] } },
{ "type": "Feature", "properties": { "id": 4975 }, "geometry": { "type": "Point", "coordinates": [ 6.255438, 48.994558 ] } },
{ "type": "Feature", "properties": { "id": 4976 }, "geometry": { "type": "Point", "coordinates": [ 6.407786, 48.582899 ] } },
{ "type": "Feature", "properties": { "id": 4977 }, "geometry": { "type": "Point", "coordinates": [ 6.889769, 48.657167 ] } },
{ "type": "Feature", "properties": { "id": 4978 }, "geometry": { "type": "Point", "coordinates": [ 6.201471, 48.791096 ] } },
{ "type": "Feature", "properties": { "id": 4979 }, "geometry": { "type": "Point", "coordinates": [ 6.014137, 49.152558 ] } },
{ "type": "Feature", "properties": { "id": 4980 }, "geometry": { "type": "Point", "coordinates": [ 6.95588, 49.136587 ] } },
{ "type": "Feature", "properties": { "id": 4981 }, "geometry": { "type": "Point", "coordinates": [ 6.1386, 48.927914 ] } },
{ "type": "Feature", "properties": { "id": 4982 }, "geometry": { "type": "Point", "coordinates": [ 7.255813, 48.977465 ] } },
{ "type": "Feature", "properties": { "id": 4983 }, "geometry": { "type": "Point", "coordinates": [ 6.005409, 49.017278 ] } },
{ "type": "Feature", "properties": { "id": 4984 }, "geometry": { "type": "Point", "coordinates": [ 6.313008, 49.290483 ] } },
{ "type": "Feature", "properties": { "id": 4985 }, "geometry": { "type": "Point", "coordinates": [ 6.111335, 49.258019 ] } },
{ "type": "Feature", "properties": { "id": 4986 }, "geometry": { "type": "Point", "coordinates": [ 5.953275, 49.350381 ] } },
{ "type": "Feature", "properties": { "id": 4987 }, "geometry": { "type": "Point", "coordinates": [ 5.873839, 48.509451 ] } },
{ "type": "Feature", "properties": { "id": 4988 }, "geometry": { "type": "Point", "coordinates": [ 5.936763, 49.138846 ] } },
{ "type": "Feature", "properties": { "id": 4989 }, "geometry": { "type": "Point", "coordinates": [ 7.240021, 48.942697 ] } },
{ "type": "Feature", "properties": { "id": 4990 }, "geometry": { "type": "Point", "coordinates": [ 6.347387, 49.231642 ] } },
{ "type": "Feature", "properties": { "id": 4991 }, "geometry": { "type": "Point", "coordinates": [ 6.956433, 48.983316 ] } },
{ "type": "Feature", "properties": { "id": 4992 }, "geometry": { "type": "Point", "coordinates": [ 7.203234, 48.937095 ] } },
{ "type": "Feature", "properties": { "id": 4993 }, "geometry": { "type": "Point", "coordinates": [ 7.242524, 48.598489 ] } },
{ "type": "Feature", "properties": { "id": 4994 }, "geometry": { "type": "Point", "coordinates": [ 6.866266, 48.749566 ] } },
{ "type": "Feature", "properties": { "id": 4995 }, "geometry": { "type": "Point", "coordinates": [ 6.099481, 49.158383 ] } },
{ "type": "Feature", "properties": { "id": 4996 }, "geometry": { "type": "Point", "coordinates": [ 6.311153, 49.116493 ] } },
{ "type": "Feature", "properties": { "id": 4997 }, "geometry": { "type": "Point", "coordinates": [ 6.119457, 48.738616 ] } },
{ "type": "Feature", "properties": { "id": 4998 }, "geometry": { "type": "Point", "coordinates": [ 5.802628, 48.786284 ] } },
{ "type": "Feature", "properties": { "id": 4999 }, "geometry": { "type": "Point", "coordinates": [ 7.107036, 48.676796 ] } }
]
}
