{
"type": "FeatureCollection",
"name": "polygons_shifted_1000",
"crs": { "type": "name", "properties": { "name": "urn:ogc:def:crs:OGC:1.3:CRS84" } },
"features": [
{ "type": "Feature", "properties": { }, "geometry": { "type": "MultiPolygon", "coordinates": [ [ [ [ 7.034028, 49.929388 ], [ 7.038263, 49.929423 ], [ 7.038268, 49.928518 ], [ 7.037693, 49.928513 ], [ 7.037693, 49.928113 ], [ 7.038293, 49.928118 ], [ 7.038298, 49.927143 ], [ 7.037673, 49.927143 ], [ 7.037678, 49.926348 ], [ 7.038308, 49.926348 ], [ 7.038313, 49.925358 ], [ 7.037723, 49.925358 ], [ 7.037728, 49.924943 ], [ 7.038338, 49.924948 ], [ 7.038343, 49.924018 ], [ 7.034658, 49.924003 ], [ 7.034668, 49.922468 ], [ 7.033998, 49.922463 ], [ 7.033958, 49.924373 ], [ 7.033918, 49.925638 ], [ 7.033918, 49.926898 ], [ 7.033533, 49.926908 ], [ 7.033528, 49.927733 ], [ 7.033528, 49.928408 ], [ 7.033688, 49.928418 ], [ 7.033683, 49.928583 ], [ 7.033878, 49.928583 ], [ 7.033883, 49.929028 ], [ 7.034058, 49.929033 ], [ 7.034028, 49.929388 ] ], [ [ 7.034518, 49.928433 ], [ 7.034583, 49.928433 ], [ 7.034588, 49.928073 ], [ 7.034513, 49.928068 ], [ 7.034528, 49.927983 ], [ 7.034568, 49.927953 ], [ 7.034743, 49.927953 ], [ 7.034743, 49.928008 ], [ 7.036303, 49.928033 ], [ 7.036313, 49.927968 ], [ 7.036493, 49.927968 ], [ 7.036533, 49.928018 ], [ 7.036528, 49.928553 ], [ 7.036458, 49.928598 ], [ 7.036283, 49.928593 ], [ 7.036278, 49.928538 ], [ 7.034738, 49.928513 ], [ 7.034733, 49.928578 ], [ 7.034548, 49.928578 ], [ 7.034518, 49.928523 ], [ 7.034518, 49.928433 ] ], [ [ 7.034528, 49.927163 ], [ 7.034528, 49.926893 ], [ 7.034588, 49.926893 ], [ 7.034603, 49.926498 ], [ 7.034553, 49.926493 ], [ 7.034543, 49.926253 ], [ 7.034573, 49.926203 ], [ 7.035148, 49.926198 ], [ 7.035148, 49.926258 ], [ 7.035938, 49.926273 ], [ 7.035948, 49.926218 ], [ 7.036523, 49.926228 ], [ 7.036558, 49.926258 ], [ 7.036563, 49.926518 ], [ 7.036498, 49.926518 ], [ 7.036493, 49.926913 ], [ 7.036543, 49.926918 ], [ 7.036553, 49.927168 ], [ 7.036513, 49.927208 ], [ 7.035798, 49.927208 ], [ 7.035798, 49.927158 ], [ 7.035263, 49.927143 ], [ 7.035263, 49.927193 ], [ 7.034558, 49.927188 ], [ 7.034528, 49.927163 ] ], [ [ 7.034588, 49.924808 ], [ 7.034793, 49.924813 ], [ 7.034798, 49.924863 ], [ 7.036333, 49.924883 ], [ 7.036333, 49.924833 ], [ 7.036533, 49.924823 ], [ 7.036588, 49.924863 ], [ 7.036593, 49.924963 ], [ 7.036523, 49.924963 ], [ 7.036508, 49.925298 ], [ 7.036578, 49.925303 ], [ 7.036573, 49.925428 ], [ 7.036543, 49.925458 ], [ 7.036348, 49.925458 ], [ 7.036358, 49.925398 ], [ 7.036118, 49.925393 ], [ 7.036108, 49.925463 ], [ 7.035953, 49.925458 ], [ 7.035953, 49.925388 ], [ 7.035183, 49.925383 ], [ 7.035183, 49.925448 ], [ 7.035008, 49.925443 ], [ 7.035013, 49.925378 ], [ 7.034788, 49.925383 ], [ 7.034788, 49.925438 ], [ 7.034608, 49.925443 ], [ 7.034548, 49.925408 ], [ 7.034553, 49.925283 ], [ 7.034633, 49.925288 ], [ 7.034633, 49.924938 ], [ 7.034563, 49.924938 ], [ 7.034563, 49.924838 ], [ 7.034588, 49.924808 ] ] ] ] } },
{ "type": "Feature", "properties": { }, "geometry": { "type": "MultiPolygon", "coordinates": [ [ [ [ 7.027973, 49.850243 ], [ 7.027963, 49.851543 ], [ 7.027958, 49.851778 ], [ 7.028533, 49.851783 ], [ 7.028538, 49.851658 ], [ 7.028548, 49.850278 ], [ 7.027973, 49.850243 ] ] ] ] } },
{ "type": "Feature", "properties": { }, "geometry": { "type": "MultiPolygon", "coordinates": [ [ [ [ 7.040413, 49.857408 ], [ 7.042183, 49.857423 ], [ 7.042188, 49.856998 ], [ 7.040418, 49.856983 ], [ 7.040413, 49.857408 ] ] ] ] } },
{ "type": "Feature", "properties": { }, "geometry": { "type": "MultiPolygon", "coordinates": [ [ [ [ 7.040333, 49.863863 ], [ 7.040328, 49.864498 ], [ 7.041573, 49.864513 ], [ 7.041573, 49.864308 ], [ 7.041813, 49.864308 ], [ 7.041818, 49.864018 ], [ 7.041273, 49.864013 ], [ 7.041273, 49.863868 ], [ 7.040333, 49.863863 ] ] ] ] } },
{ "type": "Feature", "properties": { }, "geometry": { "type": "MultiPolygon", "coordinates": [ [ [ [ 7.297188, 50.034528 ], [ 7.297958, 50.034398 ], [ 7.298553, 50.034018 ], [ 7.298843, 50.033423 ], [ 7.298768, 50.032788 ], [ 7.298493, 50.032258 ], [ 7.297813, 50.031873 ], [ 7.297018, 50.031968 ], [ 7.296243, 50.032478 ], [ 7.295978, 50.033263 ], [ 7.296113, 50.033943 ], [ 7.296488, 50.034313 ], [ 7.297188, 50.034528 ] ] ] ] } },
{ "type": "Feature", "properties": { }, "geometry": { "type": "MultiPolygon", "coordinates": [ [ [ [ 6.959133, 49.857603 ], [ 6.960118, 49.857613 ], [ 6.960148, 49.854853 ], [ 6.959158, 49.854843 ], [ 6.959133, 49.857603 ] ] ] ] } },
{ "type": "Feature", "properties": { }, "geometry": { "type": "MultiPolygon", "coordinates": [ [ [ [ 6.665163, 50.052153 ], [ 6.665338, 50.052153 ], [ 6.665338, 50.052178 ], [ 6.666013, 50.052178 ], [ 6.666013, 50.052153 ], [ 6.666168, 50.052153 ], [ 6.666168, 50.052168 ], [ 6.667293, 50.052168 ], [ 6.667293, 50.053083 ], [ 6.667718, 50.053083 ], [ 6.667718, 50.052063 ], [ 6.667313, 50.052063 ], [ 6.667313, 50.051803 ], [ 6.666218, 50.051803 ], [ 6.666218, 50.051788 ], [ 6.666178, 50.051788 ], [ 6.666178, 50.051758 ], [ 6.665958, 50.051758 ], [ 6.665958, 50.051788 ], [ 6.665363, 50.051788 ], [ 6.665363, 50.051768 ], [ 6.665163, 50.051768 ], [ 6.665163, 50.052153 ] ] ] ] } },
{ "type": "Feature", "properties": { }, "geometry": { "type": "MultiPolygon", "coordinates": [ [ [ [ 6.672273, 50.052508 ], [ 6.672273, 50.053533 ], [ 6.672698, 50.053533 ], [ 6.672698, 50.053808 ], [ 6.673833, 50.053808 ], [ 6.673833, 50.053418 ], [ 6.672708, 50.053418 ], [ 6.672708, 50.052508 ], [ 6.672273, 50.052508 ] ] ] ] } },
{ "type": "Feature", "properties": { }, "geometry": { "type": "MultiPolygon", "coordinates": [ [ [ [ 7.051133, 49.696248 ], [ 7.051128, 49.696648 ], [ 7.051373, 49.696648 ], [ 7.051368, 49.696893 ], [ 7.052358, 49.696903 ], [ 7.052363, 49.696253 ], [ 7.051133, 49.696248 ] ] ] ] } },
{ "type": "Feature", "properties": { }, "geometry": { "type": "MultiPolygon", "coordinates": [ [ [ [ 6.877948, 49.884998 ], [ 6.881173, 49.885033 ], [ 6.881193, 49.883678 ], [ 6.877968, 49.883643 ], [ 6.877948, 49.884998 ] ] ] ] } },
{ "type": "Feature", "properties": { }, "geometry": { "type": "MultiPolygon", "coordinates": [ [ [ [ 7.195603, 50.107023 ], [ 7.196338, 50.107028 ], [ 7.196338, 50.106943 ], [ 7.196558, 50.106948 ], [ 7.196558, 50.106628 ], [ 7.196253, 50.106623 ], [ 7.196253, 50.106083 ], [ 7.195703, 50.106083 ], [ 7.195703, 50.106788 ], [ 7.195603, 50.106788 ], [ 7.195603, 50.107023 ] ] ] ] } },
{ "type": "Feature", "properties": { }, "geometry": { "type": "MultiPolygon", "coordinates": [ [ [ [ 7.200058, 50.109698 ], [ 7.200063, 50.109283 ], [ 7.199948, 50.109283 ], [ 7.199953, 50.108798 ], [ 7.200088, 50.108798 ], [ 7.200088, 50.108658 ], [ 7.199193, 50.108648 ], [ 7.199193, 50.108798 ], [ 7.199268, 50.108798 ], [ 7.199258, 50.109668 ], [ 7.199418, 50.109673 ], [ 7.199418, 50.109723 ], [ 7.199558, 50.109723 ], [ 7.199558, 50.109688 ], [ 7.199703, 50.109688 ], [ 7.199703, 50.109738 ], [ 7.199888, 50.109743 ], [ 7.199888, 50.109693 ], [ 7.200058, 50.109698 ] ] ] ] } },
{ "type": "Feature", "properties": { }, "geometry": { "type": "MultiPolygon", "coordinates": [ [ [ [ 7.068133, 49.518338 ], [ 7.068373, 49.518338 ], [ 7.068368, 49.516273 ], [ 7.068128, 49.516273 ], [ 7.068133, 49.518338 ] ] ] ] } },
{ "type": "Feature", "properties": { }, "geometry": { "type": "MultiPolygon", "coordinates": [ [ [ [ 6.802973, 49.631203 ], [ 6.810318, 49.631263 ], [ 6.810363, 49.627283 ], [ 6.809728, 49.627278 ], [ 6.809233, 49.626833 ], [ 6.808603, 49.626828 ], [ 6.808608, 49.626293 ], [ 6.807553, 49.626288 ], [ 6.807548, 49.626823 ], [ 6.803863, 49.626793 ], [ 6.803848, 49.627823 ], [ 6.803008, 49.627818 ], [ 6.802973, 49.631203 ] ] ] ] } },
{ "type": "Feature", "properties": { }, "geometry": { "type": "MultiPolygon", "coordinates": [ [ [ [ 7.295833, 49.993448 ], [ 7.299783, 49.990448 ], [ 7.299258, 49.989908 ], [ 7.295323, 49.992908 ], [ 7.295833, 49.993448 ] ] ] ] } },
{ "type": "Feature", "properties": { }, "geometry": { "type": "MultiPolygon", "coordinates": [ [ [ [ 7.266008, 49.920763 ], [ 7.266013, 49.919788 ], [ 7.262928, 49.919768 ], [ 7.262918, 49.920743 ], [ 7.266008, 49.920763 ] ] ] ] } },
{ "type": "Feature", "properties": { }, "geometry": { "type": "MultiPolygon", "coordinates": [ [ [ [ 7.353328, 50.003553 ], [ 7.353803, 50.004858 ], [ 7.354233, 50.004743 ], [ 7.353768, 50.003423 ], [ 7.353328, 50.003553 ] ] ] ] } },
{ "type": "Feature", "properties": { }, "geometry": { "type": "MultiPolygon", "coordinates": [ [ [ [ 7.356478, 49.994113 ], [ 7.356933, 49.994118 ], [ 7.356933, 49.993058 ], [ 7.356488, 49.993058 ], [ 7.356478, 49.994113 ] ] ] ] } },
{ "type": "Feature", "properties": { }, "geometry": { "type": "MultiPolygon", "coordinates": [ [ [ [ 6.808853, 49.699958 ], [ 6.807828, 49.699948 ], [ 6.807803, 49.702298 ], [ 6.808828, 49.702308 ], [ 6.808848, 49.700448 ], [ 6.808933, 49.700448 ], [ 6.809008, 49.700428 ], [ 6.809063, 49.700398 ], [ 6.809128, 49.700348 ], [ 6.809173, 49.700288 ], [ 6.809198, 49.700213 ], [ 6.809208, 49.700143 ], [ 6.809198, 49.700048 ], [ 6.809178, 49.700003 ], [ 6.808853, 49.700008 ], [ 6.808853, 49.699958 ] ] ] ] } },
{ "type": "Feature", "properties": { }, "geometry": { "type": "MultiPolygon", "coordinates": [ [ [ [ 7.053518, 49.772728 ], [ 7.054173, 49.772753 ], [ 7.054228, 49.772643 ], [ 7.054468, 49.772643 ], [ 7.054468, 49.772198 ], [ 7.054308, 49.772183 ], [ 7.054328, 49.771888 ], [ 7.053538, 49.771903 ], [ 7.053518, 49.772728 ] ] ] ] } },
{ "type": "Feature", "properties": { }, "geometry": { "type": "MultiPolygon", "coordinates": [ [ [ [ 7.348973, 49.582898 ], [ 7.349828, 49.582913 ], [ 7.349833, 49.582548 ], [ 7.348983, 49.582533 ], [ 7.348973, 49.582898 ] ] ] ] } },
{ "type": "Feature", "properties": { }, "geometry": { "type": "MultiPolygon", "coordinates": [ [ [ [ 7.281938, 49.597048 ], [ 7.282238, 49.597053 ], [ 7.282238, 49.596883 ], [ 7.281938, 49.596883 ], [ 7.281938, 49.597048 ] ] ] ] } },
{ "type": "Feature", "properties": { }, "geometry": { "type": "MultiPolygon", "coordinates": [ [ [ [ 7.308218, 49.761193 ], [ 7.308213, 49.761313 ], [ 7.308348, 49.761318 ], [ 7.308348, 49.761198 ], [ 7.308218, 49.761193 ] ] ] ] } },
{ "type": "Feature", "properties": { }, "geometry": { "type": "MultiPolygon", "coordinates": [ [ [ [ 7.341328, 49.536558 ], [ 7.342133, 49.536553 ], [ 7.342133, 49.536183 ], [ 7.341328, 49.536188 ], [ 7.341328, 49.536558 ] ] ] ] } },
{ "type": "Feature", "properties": { }, "geometry": { "type": "MultiPolygon", "coordinates": [ [ [ [ 7.372223, 49.537273 ], [ 7.372208, 49.538568 ], [ 7.372128, 49.538563 ], [ 7.372128, 49.538728 ], [ 7.376008, 49.538758 ], [ 7.376008, 49.538583 ], [ 7.375943, 49.538583 ], [ 7.375958, 49.537298 ], [ 7.372223, 49.537273 ] ] ] ] } },
{ "type": "Feature", "properties": { }, "geometry": { "type": "MultiPolygon", "coordinates": [ [ [ [ 7.258248, 49.780493 ], [ 7.258558, 49.780478 ], [ 7.258548, 49.780348 ], [ 7.258243, 49.780358 ], [ 7.258248, 49.780493 ] ] ] ] } },
{ "type": "Feature", "properties": { }, "geometry": { "type": "MultiPolygon", "coordinates": [ [ [ [ 7.275828, 49.740413 ], [ 7.276633, 49.740408 ], [ 7.276628, 49.739693 ], [ 7.275828, 49.739698 ], [ 7.275828, 49.740413 ] ] ] ] } },
{ "type": "Feature", "properties": { }, "geometry": { "type": "MultiPolygon", "coordinates": [ [ [ [ 7.189418, 49.993043 ], [ 7.189418, 49.993308 ], [ 7.189623, 49.993308 ], [ 7.189628, 49.993043 ], [ 7.189418, 49.993043 ] ] ] ] } },
{ "type": "Feature", "properties": { }, "geometry": { "type": "MultiPolygon", "coordinates": [ [ [ [ 7.253728, 50.052988 ], [ 7.254258, 50.052993 ], [ 7.254268, 50.052528 ], [ 7.253738, 50.052518 ], [ 7.253728, 50.052988 ] ] ] ] } },
{ "type": "Feature", "properties": { }, "geometry": { "type": "MultiPolygon", "coordinates": [ [ [ [ 7.298708, 50.102978 ], [ 7.298703, 50.103423 ], [ 7.298943, 50.103423 ], [ 7.298948, 50.102978 ], [ 7.298708, 50.102978 ] ] ] ] } },
{ "type": "Feature", "properties": { }, "geometry": { "type": "MultiPolygon", "coordinates": [ [ [ [ 7.073393, 50.090668 ], [ 7.073838, 50.090668 ], [ 7.073838, 50.090243 ], [ 7.073393, 50.090243 ], [ 7.073393, 50.090668 ] ] ] ] } },
{ "type": "Feature", "properties": { }, "geometry": { "type": "MultiPolygon", "coordinates": [ [ [ [ 7.058338, 50.108033 ], [ 7.057893, 50.108033 ], [ 7.057888, 50.108893 ], [ 7.058333, 50.108893 ], [ 7.058338, 50.108033 ] ] ] ] } },
{ "type": "Feature", "properties": { }, "geometry": { "type": "MultiPolygon", "coordinates": [ [ [ [ 7.010988, 50.185478 ], [ 7.011063, 50.185583 ], [ 7.011158, 50.185673 ], [ 7.011268, 50.185753 ], [ 7.011393, 50.185813 ], [ 7.011528, 50.185853 ], [ 7.011668, 50.185878 ], [ 7.011808, 50.185878 ], [ 7.011948, 50.185858 ], [ 7.012083, 50.185818 ], [ 7.012208, 50.185758 ], [ 7.012323, 50.185683 ], [ 7.012423, 50.185593 ], [ 7.012498, 50.185488 ], [ 7.012558, 50.185378 ], [ 7.012593, 50.185258 ], [ 7.012608, 50.185133 ], [ 7.012598, 50.185008 ], [ 7.012563, 50.184883 ], [ 7.012508, 50.184773 ], [ 7.012433, 50.184668 ], [ 7.012338, 50.184573 ], [ 7.012223, 50.184498 ], [ 7.012098, 50.184433 ], [ 7.011968, 50.184393 ], [ 7.011828, 50.184373 ], [ 7.011683, 50.184373 ], [ 7.011543, 50.184393 ], [ 7.011408, 50.184428 ], [ 7.011283, 50.184488 ], [ 7.011168, 50.184563 ], [ 7.011073, 50.184653 ], [ 7.010993, 50.184758 ], [ 7.010938, 50.184873 ], [ 7.010898, 50.184993 ], [ 7.010888, 50.185118 ], [ 7.010898, 50.185243 ], [ 7.010933, 50.185363 ], [ 7.010988, 50.185478 ] ] ] ] } },
{ "type": "Feature", "properties": { }, "geometry": { "type": "MultiPolygon", "coordinates": [ [ [ [ 6.790053, 50.179673 ], [ 6.790398, 50.179793 ], [ 6.790528, 50.179508 ], [ 6.790188, 50.179388 ], [ 6.790053, 50.179673 ] ] ] ] } },
{ "type": "Feature", "properties": { }, "geometry": { "type": "MultiPolygon", "coordinates": [ [ [ [ 6.761353, 50.045878 ], [ 6.761743, 50.045873 ], [ 6.761738, 50.045708 ], [ 6.761353, 50.045708 ], [ 6.761353, 50.045878 ] ] ] ] } },
{ "type": "Feature", "properties": { }, "geometry": { "type": "MultiPolygon", "coordinates": [ [ [ [ 6.808288, 50.060353 ], [ 6.808268, 50.065108 ], [ 6.811123, 50.065173 ], [ 6.811138, 50.060373 ], [ 6.808288, 50.060353 ] ] ] ] } },
{ "type": "Feature", "properties": { }, "geometry": { "type": "MultiPolygon", "coordinates": [ [ [ [ 6.788223, 50.081583 ], [ 6.788153, 50.087378 ], [ 6.790338, 50.087398 ], [ 6.790408, 50.081603 ], [ 6.788223, 50.081583 ] ] ] ] } },
{ "type": "Feature", "properties": { }, "geometry": { "type": "MultiPolygon", "coordinates": [ [ [ [ 6.854293, 50.082943 ], [ 6.855533, 50.082948 ], [ 6.855538, 50.082328 ], [ 6.854298, 50.082328 ], [ 6.854293, 50.082943 ] ] ] ] } },
{ "type": "Feature", "properties": { }, "geometry": { "type": "MultiPolygon", "coordinates": [ [ [ [ 6.735528, 50.029503 ], [ 6.737343, 50.028188 ], [ 6.736848, 50.027658 ], [ 6.735033, 50.028973 ], [ 6.735528, 50.029503 ] ] ] ] } },
{ "type": "Feature", "properties": { }, "geometry": { "type": "MultiPolygon", "coordinates": [ [ [ [ 7.066398, 50.090388 ], [ 7.066378, 50.090458 ], [ 7.066408, 50.090538 ], [ 7.066533, 50.090683 ], [ 7.066818, 50.090703 ], [ 7.068253, 50.090518 ], [ 7.068263, 50.090423 ], [ 7.068303, 50.089708 ], [ 7.068158, 50.088973 ], [ 7.067833, 50.088953 ], [ 7.067468, 50.089283 ], [ 7.066398, 50.090388 ] ] ] ] } },
{ "type": "Feature", "properties": { }, "geometry": { "type": "MultiPolygon", "coordinates": [ [ [ [ 7.294523, 49.959613 ], [ 7.295223, 49.959718 ], [ 7.295413, 49.958763 ], [ 7.295728, 49.957158 ], [ 7.295028, 49.957053 ], [ 7.294523, 49.959613 ] ] ] ] } },
{ "type": "Feature", "properties": { }, "geometry": { "type": "MultiPolygon", "coordinates": [ [ [ [ 6.857213, 49.909473 ], [ 6.858098, 49.909483 ], [ 6.858903, 49.909493 ], [ 6.858913, 49.909193 ], [ 6.860563, 49.909218 ], [ 6.860583, 49.907958 ], [ 6.860043, 49.907953 ], [ 6.860093, 49.905248 ], [ 6.859173, 49.905233 ], [ 6.859123, 49.907943 ], [ 6.857198, 49.907918 ], [ 6.857243, 49.905608 ], [ 6.859073, 49.905633 ], [ 6.859083, 49.905193 ], [ 6.856443, 49.905158 ], [ 6.856393, 49.907873 ], [ 6.856793, 49.907878 ], [ 6.856773, 49.909038 ], [ 6.857218, 49.909048 ], [ 6.857218, 49.909258 ], [ 6.857213, 49.909473 ] ] ] ] } },
{ "type": "Feature", "properties": { }, "geometry": { "type": "MultiPolygon", "coordinates": [ [ [ [ 7.370208, 50.023278 ], [ 7.371683, 50.023268 ], [ 7.371668, 50.022428 ], [ 7.370198, 50.022428 ], [ 7.370208, 50.023278 ] ] ] ] } },
{ "type": "Feature", "properties": { }, "geometry": { "type": "MultiPolygon", "coordinates": [ [ [ [ 7.362293, 50.013723 ], [ 7.363988, 50.013703 ], [ 7.363973, 50.013153 ], [ 7.362308, 50.013168 ], [ 7.362293, 50.013723 ] ] ] ] } },
{ "type": "Feature", "properties": { }, "geometry": { "type": "MultiPolygon", "coordinates": [ [ [ [ 7.323908, 49.986423 ], [ 7.324048, 49.986388 ], [ 7.324083, 49.986493 ], [ 7.324508, 49.986378 ], [ 7.324463, 49.986253 ], [ 7.324783, 49.986163 ], [ 7.324323, 49.984858 ], [ 7.323823, 49.984993 ], [ 7.323923, 49.985278 ], [ 7.324143, 49.985218 ], [ 7.324218, 49.985433 ], [ 7.324143, 49.985453 ], [ 7.324168, 49.985528 ], [ 7.323938, 49.985593 ], [ 7.323913, 49.985513 ], [ 7.323618, 49.985593 ], [ 7.323908, 49.986423 ] ] ] ] } },
{ "type": "Feature", "properties": { }, "geometry": { "type": "MultiPolygon", "coordinates": [ [ [ [ 7.314653, 49.976733 ], [ 7.314978, 49.976868 ], [ 7.314953, 49.976913 ], [ 7.315473, 49.977133 ], [ 7.315513, 49.977058 ], [ 7.315608, 49.977098 ], [ 7.315773, 49.976788 ], [ 7.315208, 49.976553 ], [ 7.315178, 49.976603 ], [ 7.314803, 49.976448 ], [ 7.314653, 49.976733 ] ] ] ] } },
{ "type": "Feature", "properties": { }, "geometry": { "type": "MultiPolygon", "coordinates": [ [ [ [ 7.316998, 49.976428 ], [ 7.317338, 49.976578 ], [ 7.317438, 49.976393 ], [ 7.317533, 49.976438 ], [ 7.317878, 49.975818 ], [ 7.317573, 49.975683 ], [ 7.317393, 49.976008 ], [ 7.317263, 49.975953 ], [ 7.316998, 49.976428 ] ] ] ] } },
{ "type": "Feature", "properties": { }, "geometry": { "type": "MultiPolygon", "coordinates": [ [ [ [ 7.280543, 49.986543 ], [ 7.280793, 49.986803 ], [ 7.280863, 49.986748 ], [ 7.281498, 49.987393 ], [ 7.283483, 49.985898 ], [ 7.282593, 49.984988 ], [ 7.282268, 49.985233 ], [ 7.282373, 49.985343 ], [ 7.280988, 49.986388 ], [ 7.280888, 49.986283 ], [ 7.280543, 49.986543 ] ] ] ] } },
{ "type": "Feature", "properties": { }, "geometry": { "type": "MultiPolygon", "coordinates": [ [ [ [ 7.081828, 50.017043 ], [ 7.084943, 50.016923 ], [ 7.084928, 50.016843 ], [ 7.084903, 50.016738 ], [ 7.081818, 50.016843 ], [ 7.081823, 50.016938 ], [ 7.081828, 50.017043 ] ] ] ] } },
{ "type": "Feature", "properties": { }, "geometry": { "type": "MultiPolygon", "coordinates": [ [ [ [ 7.180323, 50.145698 ], [ 7.180323, 50.146083 ], [ 7.181688, 50.146083 ], [ 7.182343, 50.146088 ], [ 7.182343, 50.145708 ], [ 7.181153, 50.145703 ], [ 7.180323, 50.145698 ] ] ] ] } },
{ "type": "Feature", "properties": { }, "geometry": { "type": "MultiPolygon", "coordinates": [ [ [ [ 6.986713, 49.848088 ], [ 6.986403, 49.848093 ], [ 6.986408, 49.848693 ], [ 6.986713, 49.848693 ], [ 6.986713, 49.848088 ] ] ] ] } },
{ "type": "Feature", "properties": { }, "geometry": { "type": "MultiPolygon", "coordinates": [ [ [ [ 6.936633, 49.819303 ], [ 6.936628, 49.820018 ], [ 6.937313, 49.820018 ], [ 6.937313, 49.819303 ], [ 6.936633, 49.819303 ] ] ] ] } },
{ "type": "Feature", "properties": { }, "geometry": { "type": "MultiPolygon", "coordinates": [ [ [ [ 6.987473, 49.809943 ], [ 6.988003, 49.809943 ], [ 6.988003, 49.809778 ], [ 6.988143, 49.809778 ], [ 6.988143, 49.809538 ], [ 6.987383, 49.809538 ], [ 6.987383, 49.809783 ], [ 6.987473, 49.809783 ], [ 6.987473, 49.809943 ] ] ] ] } },
{ "type": "Feature", "properties": { }, "geometry": { "type": "MultiPolygon", "coordinates": [ [ [ [ 6.831123, 49.774248 ], [ 6.831373, 49.774253 ], [ 6.831373, 49.774158 ], [ 6.831563, 49.774163 ], [ 6.831578, 49.773153 ], [ 6.831393, 49.773153 ], [ 6.831393, 49.773043 ], [ 6.831138, 49.773043 ], [ 6.831133, 49.773258 ], [ 6.831058, 49.773258 ], [ 6.831058, 49.773433 ], [ 6.831138, 49.773433 ], [ 6.831133, 49.773653 ], [ 6.831058, 49.773653 ], [ 6.831053, 49.774033 ], [ 6.831123, 49.774033 ], [ 6.831123, 49.774248 ] ] ] ] } },
{ "type": "Feature", "properties": { }, "geometry": { "type": "MultiPolygon", "coordinates": [ [ [ [ 6.842048, 49.770123 ], [ 6.842518, 49.770128 ], [ 6.842548, 49.768848 ], [ 6.842068, 49.768838 ], [ 6.842063, 49.769043 ], [ 6.841998, 49.769043 ], [ 6.841993, 49.769218 ], [ 6.842063, 49.769218 ], [ 6.842058, 49.769528 ], [ 6.841988, 49.769528 ], [ 6.841978, 49.769923 ], [ 6.842053, 49.769923 ], [ 6.842048, 49.770123 ] ] ] ] } },
{ "type": "Feature", "properties": { }, "geometry": { "type": "MultiPolygon", "coordinates": [ [ [ [ 7.357383, 49.975158 ], [ 7.357373, 49.973438 ], [ 7.357798, 49.973438 ], [ 7.358038, 49.973438 ], [ 7.358023, 49.971838 ], [ 7.357543, 49.971838 ], [ 7.355708, 49.971853 ], [ 7.355733, 49.974948 ], [ 7.356823, 49.974938 ], [ 7.356828, 49.975163 ], [ 7.357383, 49.975158 ] ] ] ] } },
{ "type": "Feature", "properties": { }, "geometry": { "type": "MultiPolygon", "coordinates": [ [ [ [ 6.679323, 49.646423 ], [ 6.679328, 49.646413 ], [ 6.679238, 49.646408 ], [ 6.679243, 49.646368 ], [ 6.679078, 49.646358 ], [ 6.679053, 49.646653 ], [ 6.679028, 49.646653 ], [ 6.679023, 49.646768 ], [ 6.679163, 49.646778 ], [ 6.679153, 49.646958 ], [ 6.679058, 49.646953 ], [ 6.679043, 49.647158 ], [ 6.678993, 49.647153 ], [ 6.678988, 49.647238 ], [ 6.678963, 49.647238 ], [ 6.678938, 49.647553 ], [ 6.678963, 49.647553 ], [ 6.678953, 49.647643 ], [ 6.679008, 49.647648 ], [ 6.678993, 49.647853 ], [ 6.679083, 49.647858 ], [ 6.679083, 49.647918 ], [ 6.678968, 49.647908 ], [ 6.678953, 49.648148 ], [ 6.678923, 49.648143 ], [ 6.678913, 49.648318 ], [ 6.679053, 49.648328 ], [ 6.679043, 49.648428 ], [ 6.679158, 49.648438 ], [ 6.679148, 49.648568 ], [ 6.679768, 49.648603 ], [ 6.679778, 49.648463 ], [ 6.679888, 49.648473 ], [ 6.679898, 49.648343 ], [ 6.680048, 49.648348 ], [ 6.680058, 49.648213 ], [ 6.680038, 49.648213 ], [ 6.680053, 49.647968 ], [ 6.679933, 49.647958 ], [ 6.679938, 49.647903 ], [ 6.680028, 49.647908 ], [ 6.680043, 49.647708 ], [ 6.680098, 49.647713 ], [ 6.680103, 49.647623 ], [ 6.680123, 49.647623 ], [ 6.680148, 49.647298 ], [ 6.680123, 49.647298 ], [ 6.680133, 49.647203 ], [ 6.680083, 49.647203 ], [ 6.680098, 49.647008 ], [ 6.679998, 49.647003 ], [ 6.680013, 49.646818 ], [ 6.680168, 49.646828 ], [ 6.680178, 49.646678 ], [ 6.680148, 49.646673 ], [ 6.680168, 49.646418 ], [ 6.679993, 49.646408 ], [ 6.679993, 49.646448 ], [ 6.679923, 49.646443 ], [ 6.679923, 49.646458 ], [ 6.679323, 49.646423 ] ] ] ] } },
{ "type": "Feature", "properties": { }, "geometry": { "type": "MultiPolygon", "coordinates": [ [ [ [ 6.676203, 49.644113 ], [ 6.675893, 49.644218 ], [ 6.676053, 49.644588 ], [ 6.676368, 49.644483 ], [ 6.676443, 49.644653 ], [ 6.676823, 49.644528 ], [ 6.676748, 49.644358 ], [ 6.677058, 49.644253 ], [ 6.676893, 49.643878 ], [ 6.676583, 49.643983 ], [ 6.676508, 49.643808 ], [ 6.676128, 49.643938 ], [ 6.676203, 49.644113 ] ] ] ] } },
{ "type": "Feature", "properties": { }, "geometry": { "type": "MultiPolygon", "coordinates": [ [ [ [ 6.671018, 49.632393 ], [ 6.671068, 49.632683 ], [ 6.671518, 49.632618 ], [ 6.671463, 49.632328 ], [ 6.671673, 49.632298 ], [ 6.671608, 49.631943 ], [ 6.671403, 49.631973 ], [ 6.671348, 49.631688 ], [ 6.670898, 49.631748 ], [ 6.670953, 49.632038 ], [ 6.670743, 49.632068 ], [ 6.670808, 49.632423 ], [ 6.671018, 49.632393 ] ] ] ] } },
{ "type": "Feature", "properties": { }, "geometry": { "type": "MultiPolygon", "coordinates": [ [ [ [ 6.677298, 49.633473 ], [ 6.677308, 49.633763 ], [ 6.677763, 49.633758 ], [ 6.677753, 49.633463 ], [ 6.677963, 49.633458 ], [ 6.677953, 49.633103 ], [ 6.677748, 49.633108 ], [ 6.677738, 49.632813 ], [ 6.677283, 49.632818 ], [ 6.677293, 49.633113 ], [ 6.677078, 49.633118 ], [ 6.677088, 49.633473 ], [ 6.677298, 49.633473 ] ] ] ] } },
{ "type": "Feature", "properties": { }, "geometry": { "type": "MultiPolygon", "coordinates": [ [ [ [ 7.164298, 49.886418 ], [ 7.164308, 49.886088 ], [ 7.164003, 49.886083 ], [ 7.164013, 49.885833 ], [ 7.163293, 49.885818 ], [ 7.163278, 49.886398 ], [ 7.164298, 49.886418 ] ] ] ] } },
{ "type": "Feature", "properties": { }, "geometry": { "type": "MultiPolygon", "coordinates": [ [ [ [ 6.647688, 49.757948 ], [ 6.647953, 49.758223 ], [ 6.648223, 49.758023 ], [ 6.648623, 49.758458 ], [ 6.648358, 49.758658 ], [ 6.648598, 49.758928 ], [ 6.648888, 49.758713 ], [ 6.648828, 49.758653 ], [ 6.649123, 49.758453 ], [ 6.649018, 49.758328 ], [ 6.649428, 49.758023 ], [ 6.649563, 49.758148 ], [ 6.649883, 49.757888 ], [ 6.650033, 49.758038 ], [ 6.650188, 49.757928 ], [ 6.650538, 49.758288 ], [ 6.650833, 49.758078 ], [ 6.650798, 49.758043 ], [ 6.650948, 49.757933 ], [ 6.650978, 49.757983 ], [ 6.651263, 49.757768 ], [ 6.650938, 49.757403 ], [ 6.651078, 49.757308 ], [ 6.650938, 49.757138 ], [ 6.651288, 49.756888 ], [ 6.651178, 49.756763 ], [ 6.651588, 49.756478 ], [ 6.651708, 49.756598 ], [ 6.652023, 49.756358 ], [ 6.651438, 49.755723 ], [ 6.651718, 49.755508 ], [ 6.651508, 49.755283 ], [ 6.651408, 49.755358 ], [ 6.651358, 49.755308 ], [ 6.651253, 49.755393 ], [ 6.651303, 49.755458 ], [ 6.650933, 49.755738 ], [ 6.651033, 49.755853 ], [ 6.650618, 49.756148 ], [ 6.650498, 49.756033 ], [ 6.650293, 49.756193 ], [ 6.650238, 49.756133 ], [ 6.650163, 49.756183 ], [ 6.650138, 49.756153 ], [ 6.650003, 49.756253 ], [ 6.650033, 49.756293 ], [ 6.649948, 49.756343 ], [ 6.650213, 49.756608 ], [ 6.650478, 49.756418 ], [ 6.650823, 49.756783 ], [ 6.650408, 49.757088 ], [ 6.650513, 49.757198 ], [ 6.650453, 49.757248 ], [ 6.650573, 49.757378 ], [ 6.650253, 49.757623 ], [ 6.650123, 49.757483 ], [ 6.650053, 49.757528 ], [ 6.649933, 49.757408 ], [ 6.649523, 49.757718 ], [ 6.649198, 49.757358 ], [ 6.649478, 49.757158 ], [ 6.649243, 49.756918 ], [ 6.649153, 49.756968 ], [ 6.649108, 49.756923 ], [ 6.648998, 49.757003 ], [ 6.649073, 49.757083 ], [ 6.648763, 49.757288 ], [ 6.648863, 49.757408 ], [ 6.648433, 49.757698 ], [ 6.648313, 49.757583 ], [ 6.648018, 49.757793 ], [ 6.647988, 49.757748 ], [ 6.647908, 49.757808 ], [ 6.647883, 49.757778 ], [ 6.647758, 49.757868 ], [ 6.647788, 49.757893 ], [ 6.647688, 49.757948 ] ] ] ] } },
{ "type": "Feature", "properties": { }, "geometry": { "type": "MultiPolygon", "coordinates": [ [ [ [ 6.721163, 49.644513 ], [ 6.721163, 49.644413 ], [ 6.721073, 49.644413 ], [ 6.721073, 49.643943 ], [ 6.721158, 49.643943 ], [ 6.721158, 49.643853 ], [ 6.720928, 49.643853 ], [ 6.720928, 49.643778 ], [ 6.720663, 49.643778 ], [ 6.720663, 49.643853 ], [ 6.720438, 49.643853 ], [ 6.720438, 49.643753 ], [ 6.720263, 49.643753 ], [ 6.720263, 49.643778 ], [ 6.720133, 49.643778 ], [ 6.720133, 49.643853 ], [ 6.720068, 49.643853 ], [ 6.720068, 49.643698 ], [ 6.719923, 49.643698 ], [ 6.719923, 49.643863 ], [ 6.719848, 49.643863 ], [ 6.719848, 49.643793 ], [ 6.719633, 49.643793 ], [ 6.719633, 49.643778 ], [ 6.719553, 49.643778 ], [ 6.719553, 49.643853 ], [ 6.719328, 49.643853 ], [ 6.719328, 49.643758 ], [ 6.719153, 49.643758 ], [ 6.719153, 49.643788 ], [ 6.719018, 49.643788 ], [ 6.719018, 49.643853 ], [ 6.718828, 49.643853 ], [ 6.718828, 49.643958 ], [ 6.718903, 49.643958 ], [ 6.718903, 49.644408 ], [ 6.718833, 49.644408 ], [ 6.718833, 49.644513 ], [ 6.719028, 49.644513 ], [ 6.719028, 49.644583 ], [ 6.719168, 49.644583 ], [ 6.719168, 49.644603 ], [ 6.719323, 49.644603 ], [ 6.719323, 49.644508 ], [ 6.719548, 49.644508 ], [ 6.719548, 49.644603 ], [ 6.719723, 49.644603 ], [ 6.719723, 49.644583 ], [ 6.719853, 49.644583 ], [ 6.719853, 49.644518 ], [ 6.719918, 49.644518 ], [ 6.719918, 49.644668 ], [ 6.720073, 49.644668 ], [ 6.720073, 49.644503 ], [ 6.720153, 49.644503 ], [ 6.720153, 49.644573 ], [ 6.720278, 49.644573 ], [ 6.720278, 49.644608 ], [ 6.720448, 49.644608 ], [ 6.720448, 49.644518 ], [ 6.720653, 49.644518 ], [ 6.720653, 49.644618 ], [ 6.720833, 49.644618 ], [ 6.720833, 49.644588 ], [ 6.720953, 49.644588 ], [ 6.720953, 49.644513 ], [ 6.721163, 49.644513 ] ] ] ] } },
{ "type": "Feature", "properties": { }, "geometry": { "type": "MultiPolygon", "coordinates": [ [ [ [ 6.736918, 49.515918 ], [ 6.736918, 49.515888 ], [ 6.736583, 49.515883 ], [ 6.736583, 49.515913 ], [ 6.736503, 49.515913 ], [ 6.736503, 49.515998 ], [ 6.736293, 49.515993 ], [ 6.736288, 49.516148 ], [ 6.736203, 49.516148 ], [ 6.736203, 49.516348 ], [ 6.736248, 49.516348 ], [ 6.736248, 49.516398 ], [ 6.736163, 49.516393 ], [ 6.736158, 49.516448 ], [ 6.736133, 49.516448 ], [ 6.736128, 49.516673 ], [ 6.736158, 49.516673 ], [ 6.736158, 49.516728 ], [ 6.736283, 49.516728 ], [ 6.736283, 49.516818 ], [ 6.736188, 49.516813 ], [ 6.736188, 49.516993 ], [ 6.736278, 49.516993 ], [ 6.736278, 49.517153 ], [ 6.736493, 49.517158 ], [ 6.736488, 49.517263 ], [ 6.736273, 49.517258 ], [ 6.736268, 49.517418 ], [ 6.736183, 49.517418 ], [ 6.736178, 49.517608 ], [ 6.736223, 49.517613 ], [ 6.736218, 49.517683 ], [ 6.736143, 49.517683 ], [ 6.736143, 49.517728 ], [ 6.736103, 49.517728 ], [ 6.736103, 49.517953 ], [ 6.736138, 49.517953 ], [ 6.736138, 49.517998 ], [ 6.736213, 49.518003 ], [ 6.736213, 49.518053 ], [ 6.736178, 49.518053 ], [ 6.736173, 49.518263 ], [ 6.736258, 49.518263 ], [ 6.736253, 49.518578 ], [ 6.736248, 49.518583 ], [ 6.736208, 49.518548 ], [ 6.736023, 49.518698 ], [ 6.736063, 49.518738 ], [ 6.736048, 49.518748 ], [ 6.735718, 49.518743 ], [ 6.735718, 49.518658 ], [ 6.735473, 49.518653 ], [ 6.735473, 49.518683 ], [ 6.735428, 49.518683 ], [ 6.735428, 49.518623 ], [ 6.735388, 49.518623 ], [ 6.735393, 49.518583 ], [ 6.735073, 49.518583 ], [ 6.735073, 49.518618 ], [ 6.735038, 49.518618 ], [ 6.735038, 49.518678 ], [ 6.734978, 49.518678 ], [ 6.734978, 49.518648 ], [ 6.734743, 49.518643 ], [ 6.734743, 49.518733 ], [ 6.734568, 49.518728 ], [ 6.734568, 49.518908 ], [ 6.734473, 49.518908 ], [ 6.734473, 49.518978 ], [ 6.734438, 49.518978 ], [ 6.734433, 49.519268 ], [ 6.734468, 49.519268 ], [ 6.734468, 49.519323 ], [ 6.734558, 49.519328 ], [ 6.734553, 49.519523 ], [ 6.734723, 49.519523 ], [ 6.734723, 49.519613 ], [ 6.734973, 49.519613 ], [ 6.734973, 49.519563 ], [ 6.735028, 49.519568 ], [ 6.735023, 49.519643 ], [ 6.735068, 49.519643 ], [ 6.735068, 49.519673 ], [ 6.735358, 49.519673 ], [ 6.735358, 49.519648 ], [ 6.735403, 49.519648 ], [ 6.735403, 49.519573 ], [ 6.735458, 49.519573 ], [ 6.735458, 49.519618 ], [ 6.735698, 49.519618 ], [ 6.735698, 49.519538 ], [ 6.735873, 49.519538 ], [ 6.735873, 49.519358 ], [ 6.735998, 49.519358 ], [ 6.735993, 49.519593 ], [ 6.736413, 49.519598 ], [ 6.736663, 49.519383 ], [ 6.736718, 49.519433 ], [ 6.736763, 49.519398 ], [ 6.736788, 49.519418 ], [ 6.736803, 49.519408 ], [ 6.736843, 49.519443 ], [ 6.737018, 49.519298 ], [ 6.736978, 49.519263 ], [ 6.736988, 49.519253 ], [ 6.736968, 49.519228 ], [ 6.737013, 49.519188 ], [ 6.736958, 49.519138 ], [ 6.737213, 49.518923 ], [ 6.737218, 49.518553 ], [ 6.736953, 49.518553 ], [ 6.736953, 49.518443 ], [ 6.737168, 49.518448 ], [ 6.737168, 49.518283 ], [ 6.737253, 49.518283 ], [ 6.737258, 49.518088 ], [ 6.737233, 49.518088 ], [ 6.737233, 49.518033 ], [ 6.737293, 49.518038 ], [ 6.737293, 49.517993 ], [ 6.737328, 49.517993 ], [ 6.737333, 49.517718 ], [ 6.737298, 49.517718 ], [ 6.737298, 49.517688 ], [ 6.737243, 49.517688 ], [ 6.737243, 49.517648 ], [ 6.737268, 49.517648 ], [ 6.737268, 49.517428 ], [ 6.737183, 49.517428 ], [ 6.737188, 49.517273 ], [ 6.736973, 49.517268 ], [ 6.736973, 49.517163 ], [ 6.737183, 49.517163 ], [ 6.737188, 49.517008 ], [ 6.737268, 49.517008 ], [ 6.737273, 49.516828 ], [ 6.737188, 49.516828 ], [ 6.737193, 49.516738 ], [ 6.737328, 49.516743 ], [ 6.737328, 49.516693 ], [ 6.737348, 49.516693 ], [ 6.737353, 49.516468 ], [ 6.737333, 49.516468 ], [ 6.737333, 49.516408 ], [ 6.737258, 49.516408 ], [ 6.737258, 49.516363 ], [ 6.737288, 49.516363 ], [ 6.737288, 49.516163 ], [ 6.737203, 49.516158 ], [ 6.737203, 49.516008 ], [ 6.736998, 49.516003 ], [ 6.736998, 49.515918 ], [ 6.736918, 49.515918 ] ] ] ] } },
{ "type": "Feature", "properties": { }, "geometry": { "type": "MultiPolygon", "coordinates": [ [ [ [ 6.712928, 49.544083 ], [ 6.712878, 49.544083 ], [ 6.712878, 49.543913 ], [ 6.713033, 49.543773 ], [ 6.713228, 49.543773 ], [ 6.713228, 49.543808 ], [ 6.713668, 49.543813 ], [ 6.713668, 49.543783 ], [ 6.713783, 49.543783 ], [ 6.713783, 49.543803 ], [ 6.713963, 49.543808 ], [ 6.713963, 49.543848 ], [ 6.714248, 49.543853 ], [ 6.714248, 49.543813 ], [ 6.714448, 49.543818 ], [ 6.714453, 49.543368 ], [ 6.714473, 49.543368 ], [ 6.714478, 49.543263 ], [ 6.714478, 49.543168 ], [ 6.714458, 49.543168 ], [ 6.714468, 49.542743 ], [ 6.714248, 49.542738 ], [ 6.714248, 49.542698 ], [ 6.713978, 49.542698 ], [ 6.713978, 49.542733 ], [ 6.713808, 49.542733 ], [ 6.713803, 49.542768 ], [ 6.713678, 49.542768 ], [ 6.713683, 49.542748 ], [ 6.713243, 49.542743 ], [ 6.713243, 49.542758 ], [ 6.712953, 49.542753 ], [ 6.712953, 49.542728 ], [ 6.712658, 49.542723 ], [ 6.712658, 49.542753 ], [ 6.712578, 49.542748 ], [ 6.712578, 49.542713 ], [ 6.712368, 49.542713 ], [ 6.712368, 49.542728 ], [ 6.712278, 49.542728 ], [ 6.712278, 49.542683 ], [ 6.711983, 49.542678 ], [ 6.711983, 49.542723 ], [ 6.711713, 49.542718 ], [ 6.711703, 49.543268 ], [ 6.711653, 49.543268 ], [ 6.711648, 49.543518 ], [ 6.711698, 49.543518 ], [ 6.711693, 49.543688 ], [ 6.711743, 49.543688 ], [ 6.711743, 49.543768 ], [ 6.711683, 49.543768 ], [ 6.711678, 49.544013 ], [ 6.711738, 49.544013 ], [ 6.711733, 49.544108 ], [ 6.711703, 49.544108 ], [ 6.711703, 49.544253 ], [ 6.711648, 49.544253 ], [ 6.711643, 49.544508 ], [ 6.711698, 49.544508 ], [ 6.711693, 49.544663 ], [ 6.712398, 49.544678 ], [ 6.712398, 49.544648 ], [ 6.712628, 49.544653 ], [ 6.712628, 49.544503 ], [ 6.712868, 49.544508 ], [ 6.712868, 49.544338 ], [ 6.712918, 49.544338 ], [ 6.712928, 49.544083 ] ] ] ] } },
{ "type": "Feature", "properties": { }, "geometry": { "type": "MultiPolygon", "coordinates": [ [ [ [ 6.805588, 49.515143 ], [ 6.805588, 49.515248 ], [ 6.805423, 49.515248 ], [ 6.805418, 49.515658 ], [ 6.805998, 49.515658 ], [ 6.805998, 49.515263 ], [ 6.806108, 49.515263 ], [ 6.806113, 49.515143 ], [ 6.806003, 49.515143 ], [ 6.806003, 49.514768 ], [ 6.806073, 49.514768 ], [ 6.806078, 49.514368 ], [ 6.806188, 49.514368 ], [ 6.806188, 49.514258 ], [ 6.806078, 49.514258 ], [ 6.806083, 49.513858 ], [ 6.805493, 49.513853 ], [ 6.805488, 49.514258 ], [ 6.805658, 49.514258 ], [ 6.805658, 49.514368 ], [ 6.805488, 49.514368 ], [ 6.805483, 49.514638 ], [ 6.805433, 49.514638 ], [ 6.805423, 49.515138 ], [ 6.805588, 49.515143 ] ] ] ] } },
{ "type": "Feature", "properties": { }, "geometry": { "type": "MultiPolygon", "coordinates": [ [ [ [ 7.248828, 49.892313 ], [ 7.248958, 49.892153 ], [ 7.248648, 49.891953 ], [ 7.248508, 49.892113 ], [ 7.248828, 49.892313 ] ] ] ] } },
{ "type": "Feature", "properties": { }, "geometry": { "type": "MultiPolygon", "coordinates": [ [ [ [ 6.771248, 49.952308 ], [ 6.771248, 49.953223 ], [ 6.771733, 49.953223 ], [ 6.771733, 49.952268 ], [ 6.771618, 49.952268 ], [ 6.771618, 49.951353 ], [ 6.771123, 49.951353 ], [ 6.771123, 49.952308 ], [ 6.771248, 49.952308 ] ] ] ] } },
{ "type": "Feature", "properties": { }, "geometry": { "type": "MultiPolygon", "coordinates": [ [ [ [ 7.317618, 50.150763 ], [ 7.318548, 50.150938 ], [ 7.318578, 50.150793 ], [ 7.318693, 50.150368 ], [ 7.318738, 50.150158 ], [ 7.317808, 50.149988 ], [ 7.317618, 50.150763 ] ] ] ] } },
{ "type": "Feature", "properties": { }, "geometry": { "type": "MultiPolygon", "coordinates": [ [ [ [ 6.810868, 49.578063 ], [ 6.810088, 49.578063 ], [ 6.810088, 49.578578 ], [ 6.810863, 49.578583 ], [ 6.810868, 49.578063 ] ] ] ] } },
{ "type": "Feature", "properties": { }, "geometry": { "type": "MultiPolygon", "coordinates": [ [ [ [ 6.809138, 49.573918 ], [ 6.808938, 49.573348 ], [ 6.808228, 49.573538 ], [ 6.808428, 49.574108 ], [ 6.809138, 49.573918 ] ] ] ] } },
{ "type": "Feature", "properties": { }, "geometry": { "type": "MultiPolygon", "coordinates": [ [ [ [ 6.815638, 49.574388 ], [ 6.815638, 49.575128 ], [ 6.816413, 49.575128 ], [ 6.816413, 49.574388 ], [ 6.815638, 49.574388 ] ] ] ] } },
{ "type": "Feature", "properties": { }, "geometry": { "type": "MultiPolygon", "coordinates": [ [ [ [ 6.825788, 49.568493 ], [ 6.825788, 49.567858 ], [ 6.825118, 49.567858 ], [ 6.825118, 49.568493 ], [ 6.825788, 49.568493 ] ] ] ] } },
{ "type": "Feature", "properties": { }, "geometry": { "type": "MultiPolygon", "coordinates": [ [ [ [ 6.826498, 49.609858 ], [ 6.824928, 49.609848 ], [ 6.824928, 49.609933 ], [ 6.824698, 49.609928 ], [ 6.824693, 49.610523 ], [ 6.825003, 49.610528 ], [ 6.824998, 49.611168 ], [ 6.824688, 49.611168 ], [ 6.824683, 49.611813 ], [ 6.826493, 49.611828 ], [ 6.826498, 49.611163 ], [ 6.826153, 49.611158 ], [ 6.826158, 49.610543 ], [ 6.826493, 49.610543 ], [ 6.826498, 49.609858 ] ] ] ] } },
{ "type": "Feature", "properties": { }, "geometry": { "type": "MultiPolygon", "coordinates": [ [ [ [ 6.854443, 49.609428 ], [ 6.854248, 49.609433 ], [ 6.854243, 49.609343 ], [ 6.854138, 49.609343 ], [ 6.854138, 49.609303 ], [ 6.853653, 49.609318 ], [ 6.853653, 49.609378 ], [ 6.853548, 49.609383 ], [ 6.853553, 49.609488 ], [ 6.853403, 49.609493 ], [ 6.853413, 49.609688 ], [ 6.853498, 49.609688 ], [ 6.853503, 49.609723 ], [ 6.853403, 49.609723 ], [ 6.853413, 49.609898 ], [ 6.853513, 49.609893 ], [ 6.853528, 49.610173 ], [ 6.853433, 49.610178 ], [ 6.853443, 49.610333 ], [ 6.853538, 49.610328 ], [ 6.853548, 49.610493 ], [ 6.853623, 49.610488 ], [ 6.853633, 49.610673 ], [ 6.853738, 49.610668 ], [ 6.853738, 49.610718 ], [ 6.854248, 49.610703 ], [ 6.854243, 49.610633 ], [ 6.854343, 49.610633 ], [ 6.854338, 49.610443 ], [ 6.854408, 49.610443 ], [ 6.854403, 49.610288 ], [ 6.854498, 49.610283 ], [ 6.854488, 49.610113 ], [ 6.854393, 49.610113 ], [ 6.854378, 49.609848 ], [ 6.854468, 49.609848 ], [ 6.854463, 49.609653 ], [ 6.854348, 49.609658 ], [ 6.854348, 49.609643 ], [ 6.854453, 49.609638 ], [ 6.854443, 49.609428 ] ] ] ] } },
{ "type": "Feature", "properties": { }, "geometry": { "type": "MultiPolygon", "coordinates": [ [ [ [ 6.868798, 49.612543 ], [ 6.869713, 49.612883 ], [ 6.870458, 49.611323 ], [ 6.870548, 49.611358 ], [ 6.870818, 49.610793 ], [ 6.869808, 49.610418 ], [ 6.868798, 49.612543 ] ] ] ] } },
{ "type": "Feature", "properties": { }, "geometry": { "type": "MultiPolygon", "coordinates": [ [ [ [ 6.884748, 49.604513 ], [ 6.884743, 49.605493 ], [ 6.887698, 49.605508 ], [ 6.887708, 49.604528 ], [ 6.884748, 49.604513 ] ] ] ] } },
{ "type": "Feature", "properties": { }, "geometry": { "type": "MultiPolygon", "coordinates": [ [ [ [ 6.915433, 49.592143 ], [ 6.915648, 49.592988 ], [ 6.917928, 49.592538 ], [ 6.917713, 49.591698 ], [ 6.915433, 49.592143 ] ] ] ] } },
{ "type": "Feature", "properties": { }, "geometry": { "type": "MultiPolygon", "coordinates": [ [ [ [ 6.924533, 49.629443 ], [ 6.922203, 49.629428 ], [ 6.922198, 49.629913 ], [ 6.924528, 49.629933 ], [ 6.924533, 49.629443 ] ] ] ] } },
{ "type": "Feature", "properties": { }, "geometry": { "type": "MultiPolygon", "coordinates": [ [ [ [ 6.876123, 49.651088 ], [ 6.878258, 49.651098 ], [ 6.878263, 49.650453 ], [ 6.876128, 49.650443 ], [ 6.876123, 49.651088 ] ] ] ] } },
{ "type": "Feature", "properties": { }, "geometry": { "type": "MultiPolygon", "coordinates": [ [ [ [ 6.783958, 49.661043 ], [ 6.779288, 49.663843 ], [ 6.780233, 49.665058 ], [ 6.784903, 49.662258 ], [ 6.783958, 49.661043 ] ] ] ] } },
{ "type": "Feature", "properties": { }, "geometry": { "type": "MultiPolygon", "coordinates": [ [ [ [ 6.844283, 49.722158 ], [ 6.844923, 49.722898 ], [ 6.845453, 49.722543 ], [ 6.845148, 49.722188 ], [ 6.845513, 49.721943 ], [ 6.845178, 49.721563 ], [ 6.844283, 49.722158 ] ] ] ] } },
{ "type": "Feature", "properties": { }, "geometry": { "type": "MultiPolygon", "coordinates": [ [ [ [ 6.846783, 49.716323 ], [ 6.847173, 49.716963 ], [ 6.848103, 49.716528 ], [ 6.847573, 49.715658 ], [ 6.846893, 49.715978 ], [ 6.847033, 49.716203 ], [ 6.846783, 49.716323 ] ] ] ] } },
{ "type": "Feature", "properties": { }, "geometry": { "type": "MultiPolygon", "coordinates": [ [ [ [ 6.859003, 49.717498 ], [ 6.859608, 49.718108 ], [ 6.860213, 49.717648 ], [ 6.859953, 49.717388 ], [ 6.859758, 49.717543 ], [ 6.859408, 49.717188 ], [ 6.859003, 49.717498 ] ] ] ] } },
{ "type": "Feature", "properties": { }, "geometry": { "type": "MultiPolygon", "coordinates": [ [ [ [ 6.907273, 49.723798 ], [ 6.907273, 49.724233 ], [ 6.907878, 49.724233 ], [ 6.907878, 49.723383 ], [ 6.907008, 49.723383 ], [ 6.907008, 49.723798 ], [ 6.907273, 49.723798 ] ] ] ] } },
{ "type": "Feature", "properties": { }, "geometry": { "type": "MultiPolygon", "coordinates": [ [ [ [ 6.917788, 49.714473 ], [ 6.917788, 49.713908 ], [ 6.916943, 49.713908 ], [ 6.916943, 49.714253 ], [ 6.917313, 49.714253 ], [ 6.917313, 49.714473 ], [ 6.917788, 49.714473 ] ] ] ] } },
{ "type": "Feature", "properties": { }, "geometry": { "type": "MultiPolygon", "coordinates": [ [ [ [ 6.922738, 49.713978 ], [ 6.922738, 49.714508 ], [ 6.923648, 49.714508 ], [ 6.923648, 49.713978 ], [ 6.922738, 49.713978 ] ] ] ] } },
{ "type": "Feature", "properties": { }, "geometry": { "type": "MultiPolygon", "coordinates": [ [ [ [ 6.915708, 49.728543 ], [ 6.915708, 49.728968 ], [ 6.916488, 49.728968 ], [ 6.916488, 49.728543 ], [ 6.915708, 49.728543 ] ] ] ] } },
{ "type": "Feature", "properties": { }, "geometry": { "type": "MultiPolygon", "coordinates": [ [ [ [ 6.905108, 49.729778 ], [ 6.904793, 49.729738 ], [ 6.904703, 49.730278 ], [ 6.905598, 49.730393 ], [ 6.905718, 49.729653 ], [ 6.905143, 49.729583 ], [ 6.905108, 49.729778 ] ] ] ] } },
{ "type": "Feature", "properties": { }, "geometry": { "type": "MultiPolygon", "coordinates": [ [ [ [ 7.015678, 49.741953 ], [ 7.012833, 49.741953 ], [ 7.012833, 49.743063 ], [ 7.015678, 49.743063 ], [ 7.015678, 49.741953 ] ] ] ] } },
{ "type": "Feature", "properties": { }, "geometry": { "type": "MultiPolygon", "coordinates": [ [ [ [ 7.030698, 49.711193 ], [ 7.031308, 49.711298 ], [ 7.031763, 49.709373 ], [ 7.031758, 49.707753 ], [ 7.031143, 49.707773 ], [ 7.031133, 49.709313 ], [ 7.030698, 49.711193 ] ] ] ] } },
{ "type": "Feature", "properties": { }, "geometry": { "type": "MultiPolygon", "coordinates": [ [ [ [ 7.038748, 49.737123 ], [ 7.039243, 49.737128 ], [ 7.039243, 49.736503 ], [ 7.038748, 49.736498 ], [ 7.038748, 49.737123 ] ] ] ] } },
{ "type": "Feature", "properties": { }, "geometry": { "type": "MultiPolygon", "coordinates": [ [ [ [ 7.015018, 49.754063 ], [ 7.015023, 49.752618 ], [ 7.013433, 49.752613 ], [ 7.013428, 49.754058 ], [ 7.015018, 49.754063 ] ] ] ] } },
{ "type": "Feature", "properties": { }, "geometry": { "type": "MultiPolygon", "coordinates": [ [ [ [ 7.007818, 49.771073 ], [ 7.007818, 49.770308 ], [ 7.007333, 49.770308 ], [ 7.007333, 49.771073 ], [ 7.007818, 49.771073 ] ] ] ] } },
{ "type": "Feature", "properties": { }, "geometry": { "type": "MultiPolygon", "coordinates": [ [ [ [ 7.007913, 49.765063 ], [ 7.007908, 49.764208 ], [ 7.008143, 49.764208 ], [ 7.008143, 49.763753 ], [ 7.007388, 49.763758 ], [ 7.007388, 49.763778 ], [ 7.006698, 49.763778 ], [ 7.006708, 49.764698 ], [ 7.007398, 49.764698 ], [ 7.007398, 49.765063 ], [ 7.007913, 49.765063 ] ] ] ] } },
{ "type": "Feature", "properties": { }, "geometry": { "type": "MultiPolygon", "coordinates": [ [ [ [ 7.048733, 49.922558 ], [ 7.048923, 49.922558 ], [ 7.048923, 49.922803 ], [ 7.049863, 49.922803 ], [ 7.049863, 49.922298 ], [ 7.048733, 49.922298 ], [ 7.048733, 49.922558 ] ] ] ] } },
{ "type": "Feature", "properties": { }, "geometry": { "type": "MultiPolygon", "coordinates": [ [ [ [ 7.075303, 49.967278 ], [ 7.075298, 49.967103 ], [ 7.075608, 49.967098 ], [ 7.075588, 49.965568 ], [ 7.073588, 49.965588 ], [ 7.073613, 49.967298 ], [ 7.075303, 49.967278 ] ] ] ] } },
{ "type": "Feature", "properties": { }, "geometry": { "type": "MultiPolygon", "coordinates": [ [ [ [ 7.076138, 49.991573 ], [ 7.075673, 49.988733 ], [ 7.073573, 49.988998 ], [ 7.073868, 49.990818 ], [ 7.074288, 49.990763 ], [ 7.074518, 49.992173 ], [ 7.074743, 49.992143 ], [ 7.074803, 49.992508 ], [ 7.075813, 49.992378 ], [ 7.075753, 49.991993 ], [ 7.076008, 49.991958 ], [ 7.075948, 49.991598 ], [ 7.076138, 49.991573 ] ] ] ] } },
{ "type": "Feature", "properties": { }, "geometry": { "type": "MultiPolygon", "coordinates": [ [ [ [ 7.112503, 50.169438 ], [ 7.112503, 50.170213 ], [ 7.113463, 50.170213 ], [ 7.113463, 50.170288 ], [ 7.113818, 50.170288 ], [ 7.113818, 50.169438 ], [ 7.112503, 50.169438 ] ] ] ] } },
{ "type": "Feature", "properties": { }, "geometry": { "type": "MultiPolygon", "coordinates": [ [ [ [ 7.285103, 49.827583 ], [ 7.285103, 49.827733 ], [ 7.284918, 49.827733 ], [ 7.284918, 49.828498 ], [ 7.285428, 49.828498 ], [ 7.285428, 49.828253 ], [ 7.285533, 49.828253 ], [ 7.285533, 49.827583 ], [ 7.285103, 49.827583 ] ] ] ] } },
{ "type": "Feature", "properties": { }, "geometry": { "type": "MultiPolygon", "coordinates": [ [ [ [ 7.337113, 49.825798 ], [ 7.336853, 49.825368 ], [ 7.336618, 49.825473 ], [ 7.336518, 49.825308 ], [ 7.336198, 49.825458 ], [ 7.336318, 49.825663 ], [ 7.336063, 49.825783 ], [ 7.336298, 49.826173 ], [ 7.337113, 49.825798 ] ] ] ] } },
{ "type": "Feature", "properties": { }, "geometry": { "type": "MultiPolygon", "coordinates": [ [ [ [ 7.309393, 49.813888 ], [ 7.309393, 49.813208 ], [ 7.308668, 49.813208 ], [ 7.308668, 49.813668 ], [ 7.308923, 49.813668 ], [ 7.308923, 49.813888 ], [ 7.309393, 49.813888 ] ] ] ] } },
{ "type": "Feature", "properties": { }, "geometry": { "type": "MultiPolygon", "coordinates": [ [ [ [ 7.317313, 49.806758 ], [ 7.317043, 49.806728 ], [ 7.316998, 49.807048 ], [ 7.317268, 49.807078 ], [ 7.317313, 49.806758 ] ] ] ] } },
{ "type": "Feature", "properties": { }, "geometry": { "type": "MultiPolygon", "coordinates": [ [ [ [ 7.348203, 49.793143 ], [ 7.348203, 49.792328 ], [ 7.347453, 49.792328 ], [ 7.347453, 49.793143 ], [ 7.348203, 49.793143 ] ] ] ] } },
{ "type": "Feature", "properties": { }, "geometry": { "type": "MultiPolygon", "coordinates": [ [ [ [ 7.368628, 49.830043 ], [ 7.367843, 49.830043 ], [ 7.367843, 49.830948 ], [ 7.368633, 49.830943 ], [ 7.368628, 49.830043 ] ] ] ] } },
{ "type": "Feature", "properties": { }, "geometry": { "type": "MultiPolygon", "coordinates": [ [ [ [ 7.364863, 49.840648 ], [ 7.364863, 49.841163 ], [ 7.365103, 49.841163 ], [ 7.365103, 49.841293 ], [ 7.365693, 49.841293 ], [ 7.365693, 49.840883 ], [ 7.365408, 49.840883 ], [ 7.365408, 49.840648 ], [ 7.364863, 49.840648 ] ] ] ] } },
{ "type": "Feature", "properties": { }, "geometry": { "type": "MultiPolygon", "coordinates": [ [ [ [ 7.356893, 49.814983 ], [ 7.356198, 49.814868 ], [ 7.356098, 49.815333 ], [ 7.356333, 49.815373 ], [ 7.356253, 49.815738 ], [ 7.356713, 49.815813 ], [ 7.356893, 49.814983 ] ] ] ] } },
{ "type": "Feature", "properties": { }, "geometry": { "type": "MultiPolygon", "coordinates": [ [ [ [ 7.351498, 49.818273 ], [ 7.350898, 49.818853 ], [ 7.351298, 49.819178 ], [ 7.351903, 49.818593 ], [ 7.351498, 49.818273 ] ] ] ] } },
{ "type": "Feature", "properties": { }, "geometry": { "type": "MultiPolygon", "coordinates": [ [ [ [ 7.361978, 49.835903 ], [ 7.362998, 49.836093 ], [ 7.363133, 49.835548 ], [ 7.362113, 49.835353 ], [ 7.361978, 49.835903 ] ] ] ] } },
{ "type": "Feature", "properties": { }, "geometry": { "type": "MultiPolygon", "coordinates": [ [ [ [ 7.330728, 49.841838 ], [ 7.331628, 49.841838 ], [ 7.331628, 49.841483 ], [ 7.331358, 49.841483 ], [ 7.331358, 49.841283 ], [ 7.330728, 49.841283 ], [ 7.330728, 49.841838 ] ] ] ] } },
{ "type": "Feature", "properties": { }, "geometry": { "type": "MultiPolygon", "coordinates": [ [ [ [ 7.299653, 49.825953 ], [ 7.299653, 49.825483 ], [ 7.299188, 49.825483 ], [ 7.299188, 49.825368 ], [ 7.298758, 49.825368 ], [ 7.298758, 49.825953 ], [ 7.299653, 49.825953 ] ] ] ] } },
{ "type": "Feature", "properties": { }, "geometry": { "type": "MultiPolygon", "coordinates": [ [ [ [ 7.284703, 49.826033 ], [ 7.285628, 49.826033 ], [ 7.285628, 49.825633 ], [ 7.285333, 49.825628 ], [ 7.285333, 49.825443 ], [ 7.284703, 49.825443 ], [ 7.284703, 49.826033 ] ] ] ] } },
{ "type": "Feature", "properties": { }, "geometry": { "type": "MultiPolygon", "coordinates": [ [ [ [ 7.281228, 49.823833 ], [ 7.281228, 49.823128 ], [ 7.280238, 49.823128 ], [ 7.280238, 49.823833 ], [ 7.281228, 49.823833 ] ] ] ] } },
{ "type": "Feature", "properties": { }, "geometry": { "type": "MultiPolygon", "coordinates": [ [ [ [ 7.271743, 49.831128 ], [ 7.271868, 49.831153 ], [ 7.272503, 49.831158 ], [ 7.272558, 49.829548 ], [ 7.271923, 49.829548 ], [ 7.271783, 49.829543 ], [ 7.271743, 49.831128 ] ] ] ] } },
{ "type": "Feature", "properties": { }, "geometry": { "type": "MultiPolygon", "coordinates": [ [ [ [ 7.257623, 49.821748 ], [ 7.257623, 49.821208 ], [ 7.256873, 49.821208 ], [ 7.256873, 49.821983 ], [ 7.257398, 49.821983 ], [ 7.257398, 49.821748 ], [ 7.257623, 49.821748 ] ] ] ] } },
{ "type": "Feature", "properties": { }, "geometry": { "type": "MultiPolygon", "coordinates": [ [ [ [ 7.245768, 49.805288 ], [ 7.245768, 49.804408 ], [ 7.245088, 49.804408 ], [ 7.245088, 49.805288 ], [ 7.245768, 49.805288 ] ] ] ] } },
{ "type": "Feature", "properties": { }, "geometry": { "type": "MultiPolygon", "coordinates": [ [ [ [ 7.230898, 49.822443 ], [ 7.230898, 49.821878 ], [ 7.230253, 49.821878 ], [ 7.230253, 49.822443 ], [ 7.230898, 49.822443 ] ] ] ] } },
{ "type": "Feature", "properties": { }, "geometry": { "type": "MultiPolygon", "coordinates": [ [ [ [ 7.218263, 49.833918 ], [ 7.218248, 49.834188 ], [ 7.218428, 49.834183 ], [ 7.218438, 49.834493 ], [ 7.218828, 49.834493 ], [ 7.218813, 49.833918 ], [ 7.218263, 49.833918 ] ] ] ] } },
{ "type": "Feature", "properties": { }, "geometry": { "type": "MultiPolygon", "coordinates": [ [ [ [ 7.180508, 49.832608 ], [ 7.181203, 49.833223 ], [ 7.181598, 49.832878 ], [ 7.180908, 49.832263 ], [ 7.180508, 49.832608 ] ] ] ] } },
{ "type": "Feature", "properties": { }, "geometry": { "type": "MultiPolygon", "coordinates": [ [ [ [ 7.187848, 49.825043 ], [ 7.187868, 49.825613 ], [ 7.188428, 49.825603 ], [ 7.188413, 49.825028 ], [ 7.187848, 49.825043 ] ] ] ] } },
{ "type": "Feature", "properties": { }, "geometry": { "type": "MultiPolygon", "coordinates": [ [ [ [ 7.164883, 49.832073 ], [ 7.165523, 49.832218 ], [ 7.165698, 49.831608 ], [ 7.165058, 49.831468 ], [ 7.164883, 49.832073 ] ] ] ] } },
{ "type": "Feature", "properties": { }, "geometry": { "type": "MultiPolygon", "coordinates": [ [ [ [ 7.158868, 49.824198 ], [ 7.158408, 49.824198 ], [ 7.158408, 49.825083 ], [ 7.158868, 49.825083 ], [ 7.158868, 49.824198 ] ] ] ] } },
{ "type": "Feature", "properties": { }, "geometry": { "type": "MultiPolygon", "coordinates": [ [ [ [ 7.162083, 49.820618 ], [ 7.162083, 49.820253 ], [ 7.160983, 49.820253 ], [ 7.160983, 49.820828 ], [ 7.161818, 49.820828 ], [ 7.161818, 49.820618 ], [ 7.162083, 49.820618 ] ] ] ] } },
{ "type": "Feature", "properties": { }, "geometry": { "type": "MultiPolygon", "coordinates": [ [ [ [ 7.156803, 49.818473 ], [ 7.156803, 49.817743 ], [ 7.156398, 49.817743 ], [ 7.156398, 49.817898 ], [ 7.156063, 49.817898 ], [ 7.156063, 49.818228 ], [ 7.156333, 49.818228 ], [ 7.156333, 49.818473 ], [ 7.156803, 49.818473 ] ] ] ] } },
{ "type": "Feature", "properties": { }, "geometry": { "type": "MultiPolygon", "coordinates": [ [ [ [ 7.177238, 49.809378 ], [ 7.177648, 49.809378 ], [ 7.177648, 49.808918 ], [ 7.177238, 49.808918 ], [ 7.177238, 49.809378 ] ] ] ] } },
{ "type": "Feature", "properties": { }, "geometry": { "type": "MultiPolygon", "coordinates": [ [ [ [ 7.177093, 49.817498 ], [ 7.177093, 49.818238 ], [ 7.177748, 49.818238 ], [ 7.177748, 49.817703 ], [ 7.177588, 49.817703 ], [ 7.177588, 49.817498 ], [ 7.177093, 49.817498 ] ] ] ] } },
{ "type": "Feature", "properties": { }, "geometry": { "type": "MultiPolygon", "coordinates": [ [ [ [ 7.169073, 49.794613 ], [ 7.169068, 49.795423 ], [ 7.170003, 49.795428 ], [ 7.170008, 49.794618 ], [ 7.169073, 49.794613 ] ] ] ] } },
{ "type": "Feature", "properties": { }, "geometry": { "type": "MultiPolygon", "coordinates": [ [ [ [ 7.192848, 49.798488 ], [ 7.192853, 49.799198 ], [ 7.193618, 49.799193 ], [ 7.193613, 49.798728 ], [ 7.193843, 49.798728 ], [ 7.193838, 49.798253 ], [ 7.193363, 49.798258 ], [ 7.193363, 49.798488 ], [ 7.192848, 49.798488 ] ] ] ] } },
{ "type": "Feature", "properties": { }, "geometry": { "type": "MultiPolygon", "coordinates": [ [ [ [ 7.205038, 49.791348 ], [ 7.205038, 49.790528 ], [ 7.204438, 49.790528 ], [ 7.204438, 49.791348 ], [ 7.205038, 49.791348 ] ] ] ] } },
{ "type": "Feature", "properties": { }, "geometry": { "type": "MultiPolygon", "coordinates": [ [ [ [ 7.212268, 49.793378 ], [ 7.212268, 49.792918 ], [ 7.212028, 49.792918 ], [ 7.212028, 49.792503 ], [ 7.211518, 49.792503 ], [ 7.211518, 49.792728 ], [ 7.211263, 49.792728 ], [ 7.211263, 49.793378 ], [ 7.212268, 49.793378 ] ] ] ] } },
{ "type": "Feature", "properties": { }, "geometry": { "type": "MultiPolygon", "coordinates": [ [ [ [ 7.226273, 49.776518 ], [ 7.226273, 49.776718 ], [ 7.226028, 49.776718 ], [ 7.226028, 49.776973 ], [ 7.225803, 49.776973 ], [ 7.225803, 49.777153 ], [ 7.226028, 49.777153 ], [ 7.226028, 49.777378 ], [ 7.226643, 49.777378 ], [ 7.226643, 49.776518 ], [ 7.226273, 49.776518 ] ] ] ] } },
{ "type": "Feature", "properties": { }, "geometry": { "type": "MultiPolygon", "coordinates": [ [ [ [ 7.229368, 49.777838 ], [ 7.229368, 49.776963 ], [ 7.228578, 49.776963 ], [ 7.228578, 49.777468 ], [ 7.228833, 49.777468 ], [ 7.228833, 49.777838 ], [ 7.229368, 49.777838 ] ] ] ] } },
{ "type": "Feature", "properties": { }, "geometry": { "type": "MultiPolygon", "coordinates": [ [ [ [ 7.219093, 49.780343 ], [ 7.219818, 49.780343 ], [ 7.219818, 49.779578 ], [ 7.219093, 49.779578 ], [ 7.219093, 49.780343 ] ] ] ] } },
{ "type": "Feature", "properties": { }, "geometry": { "type": "MultiPolygon", "coordinates": [ [ [ [ 7.215643, 49.773373 ], [ 7.215653, 49.775233 ], [ 7.216473, 49.775228 ], [ 7.216463, 49.773368 ], [ 7.215643, 49.773373 ] ] ] ] } },
{ "type": "Feature", "properties": { }, "geometry": { "type": "MultiPolygon", "coordinates": [ [ [ [ 7.169888, 49.745653 ], [ 7.170213, 49.745653 ], [ 7.170213, 49.745323 ], [ 7.169503, 49.745323 ], [ 7.169503, 49.745878 ], [ 7.169888, 49.745878 ], [ 7.169888, 49.745653 ] ] ] ] } },
{ "type": "Feature", "properties": { }, "geometry": { "type": "MultiPolygon", "coordinates": [ [ [ [ 7.175898, 49.728993 ], [ 7.176423, 49.728993 ], [ 7.176423, 49.728498 ], [ 7.175898, 49.728498 ], [ 7.175898, 49.728993 ] ] ] ] } },
{ "type": "Feature", "properties": { }, "geometry": { "type": "MultiPolygon", "coordinates": [ [ [ [ 7.192583, 49.720463 ], [ 7.193213, 49.720463 ], [ 7.193213, 49.719768 ], [ 7.192968, 49.719768 ], [ 7.192968, 49.719553 ], [ 7.192583, 49.719553 ], [ 7.192583, 49.720463 ] ] ] ] } },
{ "type": "Feature", "properties": { }, "geometry": { "type": "MultiPolygon", "coordinates": [ [ [ [ 7.181398, 49.721863 ], [ 7.181398, 49.721203 ], [ 7.180713, 49.721203 ], [ 7.180713, 49.721863 ], [ 7.181398, 49.721863 ] ] ] ] } },
{ "type": "Feature", "properties": { }, "geometry": { "type": "MultiPolygon", "coordinates": [ [ [ [ 7.212593, 49.713228 ], [ 7.212593, 49.713683 ], [ 7.213233, 49.713683 ], [ 7.213233, 49.713228 ], [ 7.212593, 49.713228 ] ] ] ] } },
{ "type": "Feature", "properties": { }, "geometry": { "type": "MultiPolygon", "coordinates": [ [ [ [ 7.214938, 49.722323 ], [ 7.214443, 49.722323 ], [ 7.214443, 49.723018 ], [ 7.215178, 49.723018 ], [ 7.215178, 49.722573 ], [ 7.214938, 49.722573 ], [ 7.214938, 49.722323 ] ] ] ] } },
{ "type": "Feature", "properties": { }, "geometry": { "type": "MultiPolygon", "coordinates": [ [ [ [ 7.202423, 49.735578 ], [ 7.201283, 49.735578 ], [ 7.201283, 49.736193 ], [ 7.201553, 49.736193 ], [ 7.201553, 49.736428 ], [ 7.202143, 49.736428 ], [ 7.202143, 49.735993 ], [ 7.202423, 49.735993 ], [ 7.202423, 49.735578 ] ] ] ] } },
{ "type": "Feature", "properties": { }, "geometry": { "type": "MultiPolygon", "coordinates": [ [ [ [ 7.218798, 49.753798 ], [ 7.218798, 49.754563 ], [ 7.219418, 49.754563 ], [ 7.219418, 49.754328 ], [ 7.219738, 49.754328 ], [ 7.219738, 49.753798 ], [ 7.218798, 49.753798 ] ] ] ] } },
{ "type": "Feature", "properties": { }, "geometry": { "type": "MultiPolygon", "coordinates": [ [ [ [ 7.222153, 49.760278 ], [ 7.223078, 49.760278 ], [ 7.223078, 49.759798 ], [ 7.222803, 49.759798 ], [ 7.222803, 49.759503 ], [ 7.222153, 49.759503 ], [ 7.222153, 49.760278 ] ] ] ] } },
{ "type": "Feature", "properties": { }, "geometry": { "type": "MultiPolygon", "coordinates": [ [ [ [ 7.221938, 49.764248 ], [ 7.221938, 49.763683 ], [ 7.221068, 49.763683 ], [ 7.221068, 49.764248 ], [ 7.221938, 49.764248 ] ] ] ] } },
{ "type": "Feature", "properties": { }, "geometry": { "type": "MultiPolygon", "coordinates": [ [ [ [ 7.250623, 49.754528 ], [ 7.250623, 49.754068 ], [ 7.250183, 49.754068 ], [ 7.250183, 49.753823 ], [ 7.249698, 49.753823 ], [ 7.249698, 49.754528 ], [ 7.250623, 49.754528 ] ] ] ] } },
{ "type": "Feature", "properties": { }, "geometry": { "type": "MultiPolygon", "coordinates": [ [ [ [ 7.241868, 49.747753 ], [ 7.241868, 49.748353 ], [ 7.242698, 49.748353 ], [ 7.242698, 49.747753 ], [ 7.241868, 49.747753 ] ] ] ] } },
{ "type": "Feature", "properties": { }, "geometry": { "type": "MultiPolygon", "coordinates": [ [ [ [ 7.266123, 49.756998 ], [ 7.266328, 49.755768 ], [ 7.265363, 49.755643 ], [ 7.265158, 49.756873 ], [ 7.266123, 49.756998 ] ] ] ] } },
{ "type": "Feature", "properties": { }, "geometry": { "type": "MultiPolygon", "coordinates": [ [ [ [ 7.277253, 49.724353 ], [ 7.278123, 49.724603 ], [ 7.278348, 49.723983 ], [ 7.278418, 49.724003 ], [ 7.278688, 49.723258 ], [ 7.277798, 49.723003 ], [ 7.277573, 49.723618 ], [ 7.277528, 49.723608 ], [ 7.277253, 49.724353 ] ] ] ] } },
{ "type": "Feature", "properties": { }, "geometry": { "type": "MultiPolygon", "coordinates": [ [ [ [ 7.294793, 49.723663 ], [ 7.293988, 49.724073 ], [ 7.294963, 49.725558 ], [ 7.295768, 49.725153 ], [ 7.294793, 49.723663 ] ] ] ] } },
{ "type": "Feature", "properties": { }, "geometry": { "type": "MultiPolygon", "coordinates": [ [ [ [ 7.335248, 49.739173 ], [ 7.335248, 49.739388 ], [ 7.334993, 49.739388 ], [ 7.334993, 49.739833 ], [ 7.336093, 49.739833 ], [ 7.336093, 49.739388 ], [ 7.335838, 49.739388 ], [ 7.335838, 49.739173 ], [ 7.335248, 49.739173 ] ] ] ] } },
{ "type": "Feature", "properties": { }, "geometry": { "type": "MultiPolygon", "coordinates": [ [ [ [ 7.304378, 49.745218 ], [ 7.304378, 49.745913 ], [ 7.305478, 49.745913 ], [ 7.305478, 49.745218 ], [ 7.304378, 49.745218 ] ] ] ] } },
{ "type": "Feature", "properties": { }, "geometry": { "type": "MultiPolygon", "coordinates": [ [ [ [ 7.315183, 49.745243 ], [ 7.315183, 49.745548 ], [ 7.314928, 49.745548 ], [ 7.314928, 49.746033 ], [ 7.315723, 49.746033 ], [ 7.315723, 49.745243 ], [ 7.315183, 49.745243 ] ] ] ] } },
{ "type": "Feature", "properties": { }, "geometry": { "type": "MultiPolygon", "coordinates": [ [ [ [ 7.302738, 49.762048 ], [ 7.301763, 49.762048 ], [ 7.301763, 49.762508 ], [ 7.302738, 49.762508 ], [ 7.302738, 49.762048 ] ] ] ] } },
{ "type": "Feature", "properties": { }, "geometry": { "type": "MultiPolygon", "coordinates": [ [ [ [ 7.298203, 49.766068 ], [ 7.298683, 49.766073 ], [ 7.298678, 49.766293 ], [ 7.299203, 49.766288 ], [ 7.299193, 49.765653 ], [ 7.298188, 49.765628 ], [ 7.298203, 49.766068 ] ] ] ] } },
{ "type": "Feature", "properties": { }, "geometry": { "type": "MultiPolygon", "coordinates": [ [ [ [ 7.312733, 49.768658 ], [ 7.313158, 49.768653 ], [ 7.313148, 49.768168 ], [ 7.312678, 49.768173 ], [ 7.312678, 49.767913 ], [ 7.312208, 49.767918 ], [ 7.312223, 49.768873 ], [ 7.312738, 49.768868 ], [ 7.312733, 49.768658 ] ] ] ] } },
{ "type": "Feature", "properties": { }, "geometry": { "type": "MultiPolygon", "coordinates": [ [ [ [ 7.314768, 49.764213 ], [ 7.314768, 49.765063 ], [ 7.315308, 49.765063 ], [ 7.315308, 49.764853 ], [ 7.315548, 49.764853 ], [ 7.315548, 49.764438 ], [ 7.315278, 49.764438 ], [ 7.315278, 49.764213 ], [ 7.314768, 49.764213 ] ] ] ] } },
{ "type": "Feature", "properties": { }, "geometry": { "type": "MultiPolygon", "coordinates": [ [ [ [ 7.327293, 49.763933 ], [ 7.327293, 49.764368 ], [ 7.327993, 49.764368 ], [ 7.327993, 49.763533 ], [ 7.327508, 49.763533 ], [ 7.327508, 49.763933 ], [ 7.327293, 49.763933 ] ] ] ] } },
{ "type": "Feature", "properties": { }, "geometry": { "type": "MultiPolygon", "coordinates": [ [ [ [ 7.356213, 49.735438 ], [ 7.357158, 49.735438 ], [ 7.357163, 49.735083 ], [ 7.356953, 49.735088 ], [ 7.356963, 49.734968 ], [ 7.356198, 49.734958 ], [ 7.356213, 49.735438 ] ] ] ] } },
{ "type": "Feature", "properties": { }, "geometry": { "type": "MultiPolygon", "coordinates": [ [ [ [ 7.359403, 49.766843 ], [ 7.359403, 49.766418 ], [ 7.358518, 49.766418 ], [ 7.358518, 49.766608 ], [ 7.358313, 49.766608 ], [ 7.358313, 49.766843 ], [ 7.359403, 49.766843 ] ] ] ] } },
{ "type": "Feature", "properties": { }, "geometry": { "type": "MultiPolygon", "coordinates": [ [ [ [ 7.368908, 49.787083 ], [ 7.368908, 49.787768 ], [ 7.369418, 49.787768 ], [ 7.369418, 49.787543 ], [ 7.369688, 49.787543 ], [ 7.369688, 49.787083 ], [ 7.368908, 49.787083 ] ] ] ] } },
{ "type": "Feature", "properties": { }, "geometry": { "type": "MultiPolygon", "coordinates": [ [ [ [ 7.318138, 49.795413 ], [ 7.318138, 49.794958 ], [ 7.317883, 49.794958 ], [ 7.317883, 49.794768 ], [ 7.317293, 49.794768 ], [ 7.317293, 49.794958 ], [ 7.317023, 49.794958 ], [ 7.317023, 49.795413 ], [ 7.318138, 49.795413 ] ] ] ] } },
{ "type": "Feature", "properties": { }, "geometry": { "type": "MultiPolygon", "coordinates": [ [ [ [ 7.319543, 49.795438 ], [ 7.319543, 49.794933 ], [ 7.319263, 49.794933 ], [ 7.319263, 49.794733 ], [ 7.318348, 49.794733 ], [ 7.318348, 49.795438 ], [ 7.319543, 49.795438 ] ] ] ] } },
{ "type": "Feature", "properties": { }, "geometry": { "type": "MultiPolygon", "coordinates": [ [ [ [ 7.303853, 49.788593 ], [ 7.303853, 49.789323 ], [ 7.304133, 49.789323 ], [ 7.304133, 49.789123 ], [ 7.304603, 49.789123 ], [ 7.304603, 49.788593 ], [ 7.303853, 49.788593 ] ] ] ] } },
{ "type": "Feature", "properties": { }, "geometry": { "type": "MultiPolygon", "coordinates": [ [ [ [ 7.261488, 49.775288 ], [ 7.261488, 49.775663 ], [ 7.262243, 49.775658 ], [ 7.262238, 49.774823 ], [ 7.261648, 49.774828 ], [ 7.261648, 49.775283 ], [ 7.261488, 49.775288 ] ] ] ] } },
{ "type": "Feature", "properties": { }, "geometry": { "type": "MultiPolygon", "coordinates": [ [ [ [ 7.266668, 49.774563 ], [ 7.266668, 49.774173 ], [ 7.266953, 49.774168 ], [ 7.266948, 49.773688 ], [ 7.266098, 49.773693 ], [ 7.266108, 49.774563 ], [ 7.266668, 49.774563 ] ] ] ] } },
{ "type": "Feature", "properties": { }, "geometry": { "type": "MultiPolygon", "coordinates": [ [ [ [ 7.287278, 49.773768 ], [ 7.287278, 49.773253 ], [ 7.286578, 49.773253 ], [ 7.286578, 49.773768 ], [ 7.287278, 49.773768 ] ] ] ] } },
{ "type": "Feature", "properties": { }, "geometry": { "type": "MultiPolygon", "coordinates": [ [ [ [ 7.256738, 49.780548 ], [ 7.256738, 49.781558 ], [ 7.257383, 49.781558 ], [ 7.257383, 49.780548 ], [ 7.256738, 49.780548 ] ] ] ] } },
{ "type": "Feature", "properties": { }, "geometry": { "type": "MultiPolygon", "coordinates": [ [ [ [ 7.241303, 49.743593 ], [ 7.241303, 49.744028 ], [ 7.242283, 49.744028 ], [ 7.242283, 49.743593 ], [ 7.241303, 49.743593 ] ] ] ] } },
{ "type": "Feature", "properties": { }, "geometry": { "type": "MultiPolygon", "coordinates": [ [ [ [ 7.247608, 49.729098 ], [ 7.247608, 49.728308 ], [ 7.247043, 49.728308 ], [ 7.247043, 49.729098 ], [ 7.247608, 49.729098 ] ] ] ] } },
{ "type": "Feature", "properties": { }, "geometry": { "type": "MultiPolygon", "coordinates": [ [ [ [ 7.247223, 49.719648 ], [ 7.246828, 49.719998 ], [ 7.247463, 49.720553 ], [ 7.247858, 49.720198 ], [ 7.247223, 49.719648 ] ] ] ] } },
{ "type": "Feature", "properties": { }, "geometry": { "type": "MultiPolygon", "coordinates": [ [ [ [ 7.229343, 49.733553 ], [ 7.229343, 49.734298 ], [ 7.229983, 49.734298 ], [ 7.229983, 49.733553 ], [ 7.229343, 49.733553 ] ] ] ] } },
{ "type": "Feature", "properties": { }, "geometry": { "type": "MultiPolygon", "coordinates": [ [ [ [ 7.138738, 49.691343 ], [ 7.138738, 49.692673 ], [ 7.139288, 49.692673 ], [ 7.139288, 49.691343 ], [ 7.138738, 49.691343 ] ] ] ] } },
{ "type": "Feature", "properties": { }, "geometry": { "type": "MultiPolygon", "coordinates": [ [ [ [ 7.118713, 49.668443 ], [ 7.119583, 49.668443 ], [ 7.119583, 49.667538 ], [ 7.118713, 49.667538 ], [ 7.118713, 49.668443 ] ] ] ] } },
{ "type": "Feature", "properties": { }, "geometry": { "type": "MultiPolygon", "coordinates": [ [ [ [ 7.086298, 49.665248 ], [ 7.084983, 49.665248 ], [ 7.084983, 49.665663 ], [ 7.085483, 49.665663 ], [ 7.085483, 49.666108 ], [ 7.086298, 49.666108 ], [ 7.086298, 49.665248 ] ] ] ] } },
{ "type": "Feature", "properties": { }, "geometry": { "type": "MultiPolygon", "coordinates": [ [ [ [ 7.068528, 49.664213 ], [ 7.068528, 49.665003 ], [ 7.069413, 49.665003 ], [ 7.069413, 49.664213 ], [ 7.068528, 49.664213 ] ] ] ] } },
{ "type": "Feature", "properties": { }, "geometry": { "type": "MultiPolygon", "coordinates": [ [ [ [ 7.087173, 49.655563 ], [ 7.088358, 49.655553 ], [ 7.088353, 49.654998 ], [ 7.087923, 49.655003 ], [ 7.087918, 49.654653 ], [ 7.087433, 49.654653 ], [ 7.087438, 49.654948 ], [ 7.087163, 49.654953 ], [ 7.087173, 49.655563 ] ] ] ] } },
{ "type": "Feature", "properties": { }, "geometry": { "type": "MultiPolygon", "coordinates": [ [ [ [ 7.081593, 49.619248 ], [ 7.080908, 49.619248 ], [ 7.080908, 49.619933 ], [ 7.081593, 49.619933 ], [ 7.081593, 49.619248 ] ] ] ] } },
{ "type": "Feature", "properties": { }, "geometry": { "type": "MultiPolygon", "coordinates": [ [ [ [ 7.076918, 49.620073 ], [ 7.077358, 49.620648 ], [ 7.078018, 49.620263 ], [ 7.077578, 49.619683 ], [ 7.076918, 49.620073 ] ] ] ] } },
{ "type": "Feature", "properties": { }, "geometry": { "type": "MultiPolygon", "coordinates": [ [ [ [ 7.068983, 49.613333 ], [ 7.068983, 49.613768 ], [ 7.069308, 49.613768 ], [ 7.069308, 49.613333 ], [ 7.068983, 49.613333 ] ] ] ] } },
{ "type": "Feature", "properties": { }, "geometry": { "type": "MultiPolygon", "coordinates": [ [ [ [ 6.661163, 49.993723 ], [ 6.660428, 49.994003 ], [ 6.660613, 49.994373 ], [ 6.661348, 49.994093 ], [ 6.661163, 49.993723 ] ] ] ] } },
{ "type": "Feature", "properties": { }, "geometry": { "type": "MultiPolygon", "coordinates": [ [ [ [ 6.663688, 49.992768 ], [ 6.663923, 49.993378 ], [ 6.664623, 49.993173 ], [ 6.664388, 49.992558 ], [ 6.663688, 49.992768 ] ] ] ] } },
{ "type": "Feature", "properties": { }, "geometry": { "type": "MultiPolygon", "coordinates": [ [ [ [ 6.657488, 49.990723 ], [ 6.657498, 49.989833 ], [ 6.656733, 49.989828 ], [ 6.656728, 49.990253 ], [ 6.656983, 49.990253 ], [ 6.656983, 49.990718 ], [ 6.657488, 49.990723 ] ] ] ] } },
{ "type": "Feature", "properties": { }, "geometry": { "type": "MultiPolygon", "coordinates": [ [ [ [ 6.647598, 49.974703 ], [ 6.647163, 49.974468 ], [ 6.646673, 49.975163 ], [ 6.647108, 49.975403 ], [ 6.647598, 49.974703 ] ] ] ] } },
{ "type": "Feature", "properties": { }, "geometry": { "type": "MultiPolygon", "coordinates": [ [ [ [ 6.695338, 50.024183 ], [ 6.695338, 50.023548 ], [ 6.694738, 50.023548 ], [ 6.694738, 50.024183 ], [ 6.695338, 50.024183 ] ] ] ] } },
{ "type": "Feature", "properties": { }, "geometry": { "type": "MultiPolygon", "coordinates": [ [ [ [ 6.687838, 50.026578 ], [ 6.687843, 50.027153 ], [ 6.688283, 50.027153 ], [ 6.688283, 50.026928 ], [ 6.688563, 50.026928 ], [ 6.688563, 50.026573 ], [ 6.687838, 50.026578 ] ] ] ] } },
{ "type": "Feature", "properties": { }, "geometry": { "type": "MultiPolygon", "coordinates": [ [ [ [ 6.695043, 50.035633 ], [ 6.694403, 50.035633 ], [ 6.694403, 50.036163 ], [ 6.695043, 50.036163 ], [ 6.695043, 50.035633 ] ] ] ] } },
{ "type": "Feature", "properties": { }, "geometry": { "type": "MultiPolygon", "coordinates": [ [ [ [ 6.699858, 50.025008 ], [ 6.699013, 50.025008 ], [ 6.699013, 50.025563 ], [ 6.699308, 50.025563 ], [ 6.699308, 50.025833 ], [ 6.699858, 50.025833 ], [ 6.699858, 50.025008 ] ] ] ] } },
{ "type": "Feature", "properties": { }, "geometry": { "type": "MultiPolygon", "coordinates": [ [ [ [ 6.700598, 50.022368 ], [ 6.700598, 50.022123 ], [ 6.701093, 50.022123 ], [ 6.701093, 50.021638 ], [ 6.700128, 50.021638 ], [ 6.700128, 50.022368 ], [ 6.700598, 50.022368 ] ] ] ] } },
{ "type": "Feature", "properties": { }, "geometry": { "type": "MultiPolygon", "coordinates": [ [ [ [ 6.703573, 50.012313 ], [ 6.703573, 50.012938 ], [ 6.704138, 50.012938 ], [ 6.704138, 50.012758 ], [ 6.704528, 50.012758 ], [ 6.704528, 50.012313 ], [ 6.703573, 50.012313 ] ] ] ] } },
{ "type": "Feature", "properties": { }, "geometry": { "type": "MultiPolygon", "coordinates": [ [ [ [ 6.724468, 50.019778 ], [ 6.723973, 50.019778 ], [ 6.723973, 50.020508 ], [ 6.724148, 50.020508 ], [ 6.724148, 50.020723 ], [ 6.724698, 50.020723 ], [ 6.724698, 50.020003 ], [ 6.724468, 50.020003 ], [ 6.724468, 50.019778 ] ] ] ] } },
{ "type": "Feature", "properties": { }, "geometry": { "type": "MultiPolygon", "coordinates": [ [ [ [ 6.751673, 50.012913 ], [ 6.751483, 50.012548 ], [ 6.750748, 50.012843 ], [ 6.751018, 50.013358 ], [ 6.751508, 50.013158 ], [ 6.751428, 50.013008 ], [ 6.751673, 50.012913 ] ] ] ] } },
{ "type": "Feature", "properties": { }, "geometry": { "type": "MultiPolygon", "coordinates": [ [ [ [ 6.730193, 49.995168 ], [ 6.729813, 49.995578 ], [ 6.730403, 49.996003 ], [ 6.730788, 49.995598 ], [ 6.730193, 49.995168 ] ] ] ] } },
{ "type": "Feature", "properties": { }, "geometry": { "type": "MultiPolygon", "coordinates": [ [ [ [ 6.725743, 50.008308 ], [ 6.725743, 50.008943 ], [ 6.726723, 50.008943 ], [ 6.726723, 50.008283 ], [ 6.726363, 50.008278 ], [ 6.726363, 50.008513 ], [ 6.726108, 50.008523 ], [ 6.726093, 50.008308 ], [ 6.725743, 50.008308 ] ] ] ] } },
{ "type": "Feature", "properties": { }, "geometry": { "type": "MultiPolygon", "coordinates": [ [ [ [ 6.697438, 50.004928 ], [ 6.697428, 50.005663 ], [ 6.697918, 50.005668 ], [ 6.697928, 50.004933 ], [ 6.697438, 50.004928 ] ] ] ] } },
{ "type": "Feature", "properties": { }, "geometry": { "type": "MultiPolygon", "coordinates": [ [ [ [ 6.695663, 50.004458 ], [ 6.694978, 50.004458 ], [ 6.694978, 50.005293 ], [ 6.695663, 50.005293 ], [ 6.695663, 50.004458 ] ] ] ] } },
{ "type": "Feature", "properties": { }, "geometry": { "type": "MultiPolygon", "coordinates": [ [ [ [ 6.816628, 50.034333 ], [ 6.816628, 50.034688 ], [ 6.817193, 50.034688 ], [ 6.817193, 50.034488 ], [ 6.816953, 50.034488 ], [ 6.816953, 50.034333 ], [ 6.816628, 50.034333 ] ] ] ] } },
{ "type": "Feature", "properties": { }, "geometry": { "type": "MultiPolygon", "coordinates": [ [ [ [ 6.725073, 50.072503 ], [ 6.725728, 50.072508 ], [ 6.745293, 50.072718 ], [ 6.745328, 50.070378 ], [ 6.745353, 50.068648 ], [ 6.744558, 50.068638 ], [ 6.744558, 50.068718 ], [ 6.743943, 50.068713 ], [ 6.743943, 50.068688 ], [ 6.735803, 50.068603 ], [ 6.735803, 50.068668 ], [ 6.734943, 50.068658 ], [ 6.734953, 50.068133 ], [ 6.738903, 50.068178 ], [ 6.738903, 50.068153 ], [ 6.745298, 50.068223 ], [ 6.745318, 50.066798 ], [ 6.744078, 50.066783 ], [ 6.744098, 50.065168 ], [ 6.745358, 50.065183 ], [ 6.745403, 50.062083 ], [ 6.741058, 50.062038 ], [ 6.741073, 50.060948 ], [ 6.731443, 50.060843 ], [ 6.731443, 50.060903 ], [ 6.725743, 50.060843 ], [ 6.725233, 50.060838 ], [ 6.725073, 50.072503 ] ] ] ] } },
{ "type": "Feature", "properties": { }, "geometry": { "type": "MultiPolygon", "coordinates": [ [ [ [ 6.714858, 50.058078 ], [ 6.714768, 50.055938 ], [ 6.714058, 50.055963 ], [ 6.714148, 50.058103 ], [ 6.714858, 50.058078 ] ] ] ] } },
{ "type": "Feature", "properties": { }, "geometry": { "type": "MultiPolygon", "coordinates": [ [ [ [ 6.703608, 50.039643 ], [ 6.703503, 50.042368 ], [ 6.704803, 50.042408 ], [ 6.704823, 50.041903 ], [ 6.704248, 50.041883 ], [ 6.704263, 50.041448 ], [ 6.703928, 50.041438 ], [ 6.703958, 50.040713 ], [ 6.704303, 50.040723 ], [ 6.704323, 50.040203 ], [ 6.704618, 50.040213 ], [ 6.704638, 50.039673 ], [ 6.703608, 50.039643 ] ] ] ] } },
{ "type": "Feature", "properties": { }, "geometry": { "type": "MultiPolygon", "coordinates": [ [ [ [ 6.668908, 49.767218 ], [ 6.668908, 49.766843 ], [ 6.668118, 49.766843 ], [ 6.668118, 49.767218 ], [ 6.668908, 49.767218 ] ] ] ] } },
{ "type": "Feature", "properties": { }, "geometry": { "type": "MultiPolygon", "coordinates": [ [ [ [ 6.685468, 49.778528 ], [ 6.685123, 49.778753 ], [ 6.685593, 49.779308 ], [ 6.685938, 49.779083 ], [ 6.685468, 49.778528 ] ] ] ] } },
{ "type": "Feature", "properties": { }, "geometry": { "type": "MultiPolygon", "coordinates": [ [ [ [ 6.686268, 49.772953 ], [ 6.685838, 49.773243 ], [ 6.686323, 49.773803 ], [ 6.686758, 49.773513 ], [ 6.686268, 49.772953 ] ] ] ] } },
{ "type": "Feature", "properties": { }, "geometry": { "type": "MultiPolygon", "coordinates": [ [ [ [ 6.703548, 49.777023 ], [ 6.703548, 49.776328 ], [ 6.702918, 49.776328 ], [ 6.702918, 49.777023 ], [ 6.703548, 49.777023 ] ] ] ] } },
{ "type": "Feature", "properties": { }, "geometry": { "type": "MultiPolygon", "coordinates": [ [ [ [ 6.696193, 49.772033 ], [ 6.695848, 49.771638 ], [ 6.695253, 49.772038 ], [ 6.695603, 49.772433 ], [ 6.696193, 49.772033 ] ] ] ] } },
{ "type": "Feature", "properties": { }, "geometry": { "type": "MultiPolygon", "coordinates": [ [ [ [ 7.211128, 49.824283 ], [ 7.211128, 49.825013 ], [ 7.212003, 49.825013 ], [ 7.212003, 49.824508 ], [ 7.211718, 49.824508 ], [ 7.211718, 49.824283 ], [ 7.211128, 49.824283 ] ] ] ] } },
{ "type": "Feature", "properties": { }, "geometry": { "type": "MultiPolygon", "coordinates": [ [ [ [ 7.204798, 49.813868 ], [ 7.204798, 49.813348 ], [ 7.204543, 49.813348 ], [ 7.204543, 49.813148 ], [ 7.203738, 49.813148 ], [ 7.203738, 49.813633 ], [ 7.203983, 49.813633 ], [ 7.203983, 49.813868 ], [ 7.204798, 49.813868 ] ] ] ] } },
{ "type": "Feature", "properties": { }, "geometry": { "type": "MultiPolygon", "coordinates": [ [ [ [ 7.194383, 49.822428 ], [ 7.193538, 49.822423 ], [ 7.193533, 49.822918 ], [ 7.194378, 49.822923 ], [ 7.194383, 49.822428 ] ] ] ] } },
{ "type": "Feature", "properties": { }, "geometry": { "type": "MultiPolygon", "coordinates": [ [ [ [ 7.190713, 49.813523 ], [ 7.190108, 49.813118 ], [ 7.189398, 49.813948 ], [ 7.190008, 49.814348 ], [ 7.190713, 49.813523 ] ] ] ] } },
{ "type": "Feature", "properties": { }, "geometry": { "type": "MultiPolygon", "coordinates": [ [ [ [ 7.199353, 49.801518 ], [ 7.199353, 49.802413 ], [ 7.200453, 49.802413 ], [ 7.200453, 49.801933 ], [ 7.199918, 49.801933 ], [ 7.199918, 49.801518 ], [ 7.199353, 49.801518 ] ] ] ] } },
{ "type": "Feature", "properties": { }, "geometry": { "type": "MultiPolygon", "coordinates": [ [ [ [ 7.206663, 49.802438 ], [ 7.206663, 49.801873 ], [ 7.206423, 49.801873 ], [ 7.206423, 49.801698 ], [ 7.205603, 49.801698 ], [ 7.205603, 49.802438 ], [ 7.206663, 49.802438 ] ] ] ] } },
{ "type": "Feature", "properties": { }, "geometry": { "type": "MultiPolygon", "coordinates": [ [ [ [ 7.275813, 49.799313 ], [ 7.275778, 49.798323 ], [ 7.274708, 49.798353 ], [ 7.274723, 49.798793 ], [ 7.274508, 49.798803 ], [ 7.274518, 49.799093 ], [ 7.274738, 49.799088 ], [ 7.274748, 49.799338 ], [ 7.275813, 49.799313 ] ] ] ] } },
{ "type": "Feature", "properties": { }, "geometry": { "type": "MultiPolygon", "coordinates": [ [ [ [ 7.350458, 49.840363 ], [ 7.350458, 49.839683 ], [ 7.349638, 49.839683 ], [ 7.349638, 49.840363 ], [ 7.350458, 49.840363 ] ] ] ] } },
{ "type": "Feature", "properties": { }, "geometry": { "type": "MultiPolygon", "coordinates": [ [ [ [ 7.379088, 49.899513 ], [ 7.379078, 49.898328 ], [ 7.378088, 49.898333 ], [ 7.378088, 49.898778 ], [ 7.377828, 49.898778 ], [ 7.377828, 49.899063 ], [ 7.378078, 49.899058 ], [ 7.378083, 49.899518 ], [ 7.379088, 49.899513 ] ] ] ] } },
{ "type": "Feature", "properties": { }, "geometry": { "type": "MultiPolygon", "coordinates": [ [ [ [ 7.362833, 49.849988 ], [ 7.362403, 49.849993 ], [ 7.362408, 49.850288 ], [ 7.362208, 49.850293 ], [ 7.362213, 49.850858 ], [ 7.362843, 49.850848 ], [ 7.362833, 49.849988 ] ] ] ] } },
{ "type": "Feature", "properties": { }, "geometry": { "type": "MultiPolygon", "coordinates": [ [ [ [ 7.364658, 49.856868 ], [ 7.364658, 49.857753 ], [ 7.365103, 49.857753 ], [ 7.365103, 49.857518 ], [ 7.365343, 49.857518 ], [ 7.365343, 49.856868 ], [ 7.364658, 49.856868 ] ] ] ] } },
{ "type": "Feature", "properties": { }, "geometry": { "type": "MultiPolygon", "coordinates": [ [ [ [ 7.359873, 49.865728 ], [ 7.359873, 49.866588 ], [ 7.360328, 49.866588 ], [ 7.360328, 49.865728 ], [ 7.359873, 49.865728 ] ] ] ] } },
{ "type": "Feature", "properties": { }, "geometry": { "type": "MultiPolygon", "coordinates": [ [ [ [ 7.345308, 49.869678 ], [ 7.346003, 49.869678 ], [ 7.346003, 49.869453 ], [ 7.346283, 49.869453 ], [ 7.346283, 49.869028 ], [ 7.345308, 49.869028 ], [ 7.345308, 49.869678 ] ] ] ] } },
{ "type": "Feature", "properties": { }, "geometry": { "type": "MultiPolygon", "coordinates": [ [ [ [ 7.346498, 49.874213 ], [ 7.347263, 49.874213 ], [ 7.347263, 49.873648 ], [ 7.346498, 49.873648 ], [ 7.346498, 49.874213 ] ] ] ] } },
{ "type": "Feature", "properties": { }, "geometry": { "type": "MultiPolygon", "coordinates": [ [ [ [ 7.357593, 49.876073 ], [ 7.356938, 49.876063 ], [ 7.356943, 49.875933 ], [ 7.356688, 49.875928 ], [ 7.356673, 49.876333 ], [ 7.356878, 49.876338 ], [ 7.356868, 49.876578 ], [ 7.357578, 49.876593 ], [ 7.357593, 49.876073 ] ] ] ] } },
{ "type": "Feature", "properties": { }, "geometry": { "type": "MultiPolygon", "coordinates": [ [ [ [ 7.352723, 49.876533 ], [ 7.352723, 49.876028 ], [ 7.351838, 49.876028 ], [ 7.351838, 49.876533 ], [ 7.352723, 49.876533 ] ] ] ] } },
{ "type": "Feature", "properties": { }, "geometry": { "type": "MultiPolygon", "coordinates": [ [ [ [ 7.114433, 49.840658 ], [ 7.115073, 49.840658 ], [ 7.115073, 49.840328 ], [ 7.115013, 49.840328 ], [ 7.115013, 49.838988 ], [ 7.114493, 49.838988 ], [ 7.114493, 49.839708 ], [ 7.114433, 49.839708 ], [ 7.114433, 49.840658 ] ] ] ] } },
{ "type": "Feature", "properties": { }, "geometry": { "type": "MultiPolygon", "coordinates": [ [ [ [ 7.135933, 49.788878 ], [ 7.135933, 49.789643 ], [ 7.136793, 49.789643 ], [ 7.136793, 49.788638 ], [ 7.136283, 49.788638 ], [ 7.136283, 49.788878 ], [ 7.135933, 49.788878 ] ] ] ] } },
{ "type": "Feature", "properties": { }, "geometry": { "type": "MultiPolygon", "coordinates": [ [ [ [ 7.134433, 49.806418 ], [ 7.134968, 49.806418 ], [ 7.134968, 49.805798 ], [ 7.134433, 49.805798 ], [ 7.134433, 49.806418 ] ] ] ] } },
{ "type": "Feature", "properties": { }, "geometry": { "type": "MultiPolygon", "coordinates": [ [ [ [ 7.105823, 49.815098 ], [ 7.105748, 49.814618 ], [ 7.106108, 49.814578 ], [ 7.106028, 49.814073 ], [ 7.104763, 49.814218 ], [ 7.104913, 49.815203 ], [ 7.105823, 49.815098 ] ] ] ] } },
{ "type": "Feature", "properties": { }, "geometry": { "type": "MultiPolygon", "coordinates": [ [ [ [ 7.110693, 49.806513 ], [ 7.110693, 49.807373 ], [ 7.111943, 49.807373 ], [ 7.111943, 49.806513 ], [ 7.110693, 49.806513 ] ] ] ] } },
{ "type": "Feature", "properties": { }, "geometry": { "type": "MultiPolygon", "coordinates": [ [ [ [ 7.095913, 50.058578 ], [ 7.095848, 50.059003 ], [ 7.096608, 50.059093 ], [ 7.096678, 50.058668 ], [ 7.095913, 50.058578 ] ] ] ] } },
{ "type": "Feature", "properties": { }, "geometry": { "type": "MultiPolygon", "coordinates": [ [ [ [ 7.088918, 50.049903 ], [ 7.089363, 50.049058 ], [ 7.088678, 50.048778 ], [ 7.088233, 50.049623 ], [ 7.088918, 50.049903 ] ] ] ] } },
{ "type": "Feature", "properties": { }, "geometry": { "type": "MultiPolygon", "coordinates": [ [ [ [ 7.118483, 50.049528 ], [ 7.117938, 50.049528 ], [ 7.117938, 50.049303 ], [ 7.117438, 50.049303 ], [ 7.117438, 50.049998 ], [ 7.118483, 50.049998 ], [ 7.118483, 50.049528 ] ] ] ] } },
{ "type": "Feature", "properties": { }, "geometry": { "type": "MultiPolygon", "coordinates": [ [ [ [ 7.128328, 50.062343 ], [ 7.129203, 50.062343 ], [ 7.129203, 50.061928 ], [ 7.128328, 50.061928 ], [ 7.128328, 50.062343 ] ] ] ] } },
{ "type": "Feature", "properties": { }, "geometry": { "type": "MultiPolygon", "coordinates": [ [ [ [ 7.136363, 49.761963 ], [ 7.136363, 49.762188 ], [ 7.136123, 49.762188 ], [ 7.136123, 49.762578 ], [ 7.136873, 49.762578 ], [ 7.136873, 49.761963 ], [ 7.136363, 49.761963 ] ] ] ] } },
{ "type": "Feature", "properties": { }, "geometry": { "type": "MultiPolygon", "coordinates": [ [ [ [ 7.134298, 49.748493 ], [ 7.133628, 49.748493 ], [ 7.133628, 49.748883 ], [ 7.134298, 49.748883 ], [ 7.134298, 49.748493 ] ] ] ] } },
{ "type": "Feature", "properties": { }, "geometry": { "type": "MultiPolygon", "coordinates": [ [ [ [ 7.131298, 49.746613 ], [ 7.131273, 49.747523 ], [ 7.131983, 49.747508 ], [ 7.131973, 49.746683 ], [ 7.131658, 49.746683 ], [ 7.131663, 49.746608 ], [ 7.131298, 49.746613 ] ] ] ] } },
{ "type": "Feature", "properties": { }, "geometry": { "type": "MultiPolygon", "coordinates": [ [ [ [ 7.100178, 49.857028 ], [ 7.100533, 49.857033 ], [ 7.100533, 49.856643 ], [ 7.100183, 49.856643 ], [ 7.100178, 49.857028 ] ] ] ] } },
{ "type": "Feature", "properties": { }, "geometry": { "type": "MultiPolygon", "coordinates": [ [ [ [ 7.279818, 49.538258 ], [ 7.279823, 49.537753 ], [ 7.278753, 49.537738 ], [ 7.278738, 49.538483 ], [ 7.279573, 49.538493 ], [ 7.279573, 49.538258 ], [ 7.279818, 49.538258 ] ] ] ] } },
{ "type": "Feature", "properties": { }, "geometry": { "type": "MultiPolygon", "coordinates": [ [ [ [ 7.376473, 49.566628 ], [ 7.375953, 49.566758 ], [ 7.376133, 49.567318 ], [ 7.376888, 49.567128 ], [ 7.376773, 49.566768 ], [ 7.376538, 49.566828 ], [ 7.376473, 49.566628 ] ] ] ] } },
{ "type": "Feature", "properties": { }, "geometry": { "type": "MultiPolygon", "coordinates": [ [ [ [ 7.371683, 49.582183 ], [ 7.372203, 49.582623 ], [ 7.372538, 49.582318 ], [ 7.372018, 49.581878 ], [ 7.371683, 49.582183 ] ] ] ] } },
{ "type": "Feature", "properties": { }, "geometry": { "type": "MultiPolygon", "coordinates": [ [ [ [ 7.365543, 49.558908 ], [ 7.366093, 49.559393 ], [ 7.366388, 49.559133 ], [ 7.365838, 49.558653 ], [ 7.365543, 49.558908 ] ] ] ] } },
{ "type": "Feature", "properties": { }, "geometry": { "type": "MultiPolygon", "coordinates": [ [ [ [ 7.362748, 49.565048 ], [ 7.362228, 49.564428 ], [ 7.361658, 49.564803 ], [ 7.362178, 49.565418 ], [ 7.362748, 49.565048 ] ] ] ] } },
{ "type": "Feature", "properties": { }, "geometry": { "type": "MultiPolygon", "coordinates": [ [ [ [ 7.349893, 49.578338 ], [ 7.349893, 49.578063 ], [ 7.349063, 49.578063 ], [ 7.349063, 49.578338 ], [ 7.349893, 49.578338 ] ] ] ] } },
{ "type": "Feature", "properties": { }, "geometry": { "type": "MultiPolygon", "coordinates": [ [ [ [ 7.355338, 49.588628 ], [ 7.355338, 49.589418 ], [ 7.355673, 49.589418 ], [ 7.355673, 49.589178 ], [ 7.355968, 49.589178 ], [ 7.355968, 49.588628 ], [ 7.355338, 49.588628 ] ] ] ] } },
{ "type": "Feature", "properties": { }, "geometry": { "type": "MultiPolygon", "coordinates": [ [ [ [ 7.328573, 49.596898 ], [ 7.328988, 49.597613 ], [ 7.329508, 49.597378 ], [ 7.329093, 49.596668 ], [ 7.328573, 49.596898 ] ] ] ] } },
{ "type": "Feature", "properties": { }, "geometry": { "type": "MultiPolygon", "coordinates": [ [ [ [ 7.320773, 49.601348 ], [ 7.321163, 49.601343 ], [ 7.321163, 49.601568 ], [ 7.321743, 49.601563 ], [ 7.321728, 49.600473 ], [ 7.320763, 49.600483 ], [ 7.320773, 49.601348 ] ] ] ] } },
{ "type": "Feature", "properties": { }, "geometry": { "type": "MultiPolygon", "coordinates": [ [ [ [ 7.306868, 49.605338 ], [ 7.307798, 49.605338 ], [ 7.307798, 49.604868 ], [ 7.306868, 49.604868 ], [ 7.306868, 49.605338 ] ] ] ] } },
{ "type": "Feature", "properties": { }, "geometry": { "type": "MultiPolygon", "coordinates": [ [ [ [ 7.311523, 49.591383 ], [ 7.310748, 49.591383 ], [ 7.310748, 49.592243 ], [ 7.311243, 49.592243 ], [ 7.311243, 49.591798 ], [ 7.311523, 49.591798 ], [ 7.311523, 49.591383 ] ] ] ] } },
{ "type": "Feature", "properties": { }, "geometry": { "type": "MultiPolygon", "coordinates": [ [ [ [ 7.292528, 49.591318 ], [ 7.291633, 49.591318 ], [ 7.291633, 49.591888 ], [ 7.291898, 49.591888 ], [ 7.291898, 49.592088 ], [ 7.292528, 49.592088 ], [ 7.292528, 49.591318 ] ] ] ] } },
{ "type": "Feature", "properties": { }, "geometry": { "type": "MultiPolygon", "coordinates": [ [ [ [ 7.285628, 49.599753 ], [ 7.285628, 49.600353 ], [ 7.286298, 49.600353 ], [ 7.286298, 49.600213 ], [ 7.286593, 49.600213 ], [ 7.286593, 49.599753 ], [ 7.285628, 49.599753 ] ] ] ] } },
{ "type": "Feature", "properties": { }, "geometry": { "type": "MultiPolygon", "coordinates": [ [ [ [ 7.283093, 49.599728 ], [ 7.282128, 49.599728 ], [ 7.282128, 49.600733 ], [ 7.282598, 49.600733 ], [ 7.282598, 49.600238 ], [ 7.283093, 49.600238 ], [ 7.283093, 49.599728 ] ] ] ] } },
{ "type": "Feature", "properties": { }, "geometry": { "type": "MultiPolygon", "coordinates": [ [ [ [ 7.347263, 49.618813 ], [ 7.346283, 49.618813 ], [ 7.346283, 49.619258 ], [ 7.346553, 49.619258 ], [ 7.346553, 49.619768 ], [ 7.347063, 49.619768 ], [ 7.347063, 49.619118 ], [ 7.347263, 49.619118 ], [ 7.347263, 49.618813 ] ] ] ] } },
{ "type": "Feature", "properties": { }, "geometry": { "type": "MultiPolygon", "coordinates": [ [ [ [ 7.349063, 49.617793 ], [ 7.348363, 49.617218 ], [ 7.347818, 49.617733 ], [ 7.348513, 49.618308 ], [ 7.349063, 49.617793 ] ] ] ] } },
{ "type": "Feature", "properties": { }, "geometry": { "type": "MultiPolygon", "coordinates": [ [ [ [ 7.332728, 49.610178 ], [ 7.333728, 49.610178 ], [ 7.333728, 49.609523 ], [ 7.333098, 49.609523 ], [ 7.333098, 49.609303 ], [ 7.332728, 49.609303 ], [ 7.332728, 49.610178 ] ] ] ] } },
{ "type": "Feature", "properties": { }, "geometry": { "type": "MultiPolygon", "coordinates": [ [ [ [ 7.325728, 49.609798 ], [ 7.325728, 49.610668 ], [ 7.326758, 49.610668 ], [ 7.326758, 49.610208 ], [ 7.326478, 49.610208 ], [ 7.326478, 49.610043 ], [ 7.326263, 49.610043 ], [ 7.326263, 49.609798 ], [ 7.325728, 49.609798 ] ] ] ] } },
{ "type": "Feature", "properties": { }, "geometry": { "type": "MultiPolygon", "coordinates": [ [ [ [ 7.334053, 49.620438 ], [ 7.334053, 49.620193 ], [ 7.334378, 49.620193 ], [ 7.334378, 49.619648 ], [ 7.333573, 49.619648 ], [ 7.333573, 49.620438 ], [ 7.334053, 49.620438 ] ] ] ] } },
{ "type": "Feature", "properties": { }, "geometry": { "type": "MultiPolygon", "coordinates": [ [ [ [ 7.309553, 49.630248 ], [ 7.308913, 49.630418 ], [ 7.309053, 49.630823 ], [ 7.308798, 49.630893 ], [ 7.308898, 49.631178 ], [ 7.309788, 49.630938 ], [ 7.309553, 49.630248 ] ] ] ] } },
{ "type": "Feature", "properties": { }, "geometry": { "type": "MultiPolygon", "coordinates": [ [ [ [ 7.311053, 49.630083 ], [ 7.310668, 49.630873 ], [ 7.311588, 49.631218 ], [ 7.311978, 49.630428 ], [ 7.311053, 49.630083 ] ] ] ] } },
{ "type": "Feature", "properties": { }, "geometry": { "type": "MultiPolygon", "coordinates": [ [ [ [ 7.302873, 49.644068 ], [ 7.302873, 49.643188 ], [ 7.301883, 49.643188 ], [ 7.301883, 49.644068 ], [ 7.302873, 49.644068 ] ] ] ] } },
{ "type": "Feature", "properties": { }, "geometry": { "type": "MultiPolygon", "coordinates": [ [ [ [ 7.295088, 49.639293 ], [ 7.294693, 49.639873 ], [ 7.295178, 49.640128 ], [ 7.295573, 49.639553 ], [ 7.295088, 49.639293 ] ] ] ] } },
{ "type": "Feature", "properties": { }, "geometry": { "type": "MultiPolygon", "coordinates": [ [ [ [ 7.288653, 49.634413 ], [ 7.289113, 49.635108 ], [ 7.289788, 49.634763 ], [ 7.289328, 49.634068 ], [ 7.288653, 49.634413 ] ] ] ] } },
{ "type": "Feature", "properties": { }, "geometry": { "type": "MultiPolygon", "coordinates": [ [ [ [ 7.386523, 49.639418 ], [ 7.386528, 49.640573 ], [ 7.387868, 49.640568 ], [ 7.387863, 49.639418 ], [ 7.386523, 49.639418 ] ] ] ] } },
{ "type": "Feature", "properties": { }, "geometry": { "type": "MultiPolygon", "coordinates": [ [ [ [ 7.374313, 49.658763 ], [ 7.374598, 49.659173 ], [ 7.375473, 49.658703 ], [ 7.375188, 49.658293 ], [ 7.374313, 49.658763 ] ] ] ] } },
{ "type": "Feature", "properties": { }, "geometry": { "type": "MultiPolygon", "coordinates": [ [ [ [ 7.388083, 49.678443 ], [ 7.387153, 49.677708 ], [ 7.386553, 49.678293 ], [ 7.387483, 49.679028 ], [ 7.388083, 49.678443 ] ] ] ] } },
{ "type": "Feature", "properties": { }, "geometry": { "type": "MultiPolygon", "coordinates": [ [ [ [ 7.376653, 49.695818 ], [ 7.375968, 49.695363 ], [ 7.374913, 49.696593 ], [ 7.375593, 49.697048 ], [ 7.376653, 49.695818 ] ] ] ] } },
{ "type": "Feature", "properties": { }, "geometry": { "type": "MultiPolygon", "coordinates": [ [ [ [ 7.331198, 49.720918 ], [ 7.331453, 49.721448 ], [ 7.332323, 49.721128 ], [ 7.332068, 49.720598 ], [ 7.331198, 49.720918 ] ] ] ] } },
{ "type": "Feature", "properties": { }, "geometry": { "type": "MultiPolygon", "coordinates": [ [ [ [ 7.315198, 49.720993 ], [ 7.315408, 49.720288 ], [ 7.314503, 49.720088 ], [ 7.314293, 49.720793 ], [ 7.315198, 49.720993 ] ] ] ] } },
{ "type": "Feature", "properties": { }, "geometry": { "type": "MultiPolygon", "coordinates": [ [ [ [ 7.325278, 49.724673 ], [ 7.326088, 49.725388 ], [ 7.326673, 49.724873 ], [ 7.326013, 49.724298 ], [ 7.325838, 49.724448 ], [ 7.325688, 49.724313 ], [ 7.325278, 49.724673 ] ] ] ] } },
{ "type": "Feature", "properties": { }, "geometry": { "type": "MultiPolygon", "coordinates": [ [ [ [ 7.328213, 49.719883 ], [ 7.328558, 49.720548 ], [ 7.329173, 49.720303 ], [ 7.328828, 49.719638 ], [ 7.328213, 49.719883 ] ] ] ] } },
{ "type": "Feature", "properties": { }, "geometry": { "type": "MultiPolygon", "coordinates": [ [ [ [ 7.338223, 49.714533 ], [ 7.337838, 49.714533 ], [ 7.337838, 49.715133 ], [ 7.338143, 49.715133 ], [ 7.338143, 49.715358 ], [ 7.338478, 49.715358 ], [ 7.338478, 49.714748 ], [ 7.338223, 49.714748 ], [ 7.338223, 49.714533 ] ] ] ] } },
{ "type": "Feature", "properties": { }, "geometry": { "type": "MultiPolygon", "coordinates": [ [ [ [ 7.348933, 49.687763 ], [ 7.348938, 49.688763 ], [ 7.349863, 49.688758 ], [ 7.349863, 49.687983 ], [ 7.349358, 49.687988 ], [ 7.349358, 49.687763 ], [ 7.348933, 49.687763 ] ] ] ] } },
{ "type": "Feature", "properties": { }, "geometry": { "type": "MultiPolygon", "coordinates": [ [ [ [ 7.336323, 49.702343 ], [ 7.336783, 49.702078 ], [ 7.336478, 49.701598 ], [ 7.336288, 49.701693 ], [ 7.336188, 49.701548 ], [ 7.335918, 49.701693 ], [ 7.336323, 49.702343 ] ] ] ] } },
{ "type": "Feature", "properties": { }, "geometry": { "type": "MultiPolygon", "coordinates": [ [ [ [ 7.316388, 49.687273 ], [ 7.316838, 49.687773 ], [ 7.317003, 49.687658 ], [ 7.317198, 49.687873 ], [ 7.317458, 49.687693 ], [ 7.316813, 49.686978 ], [ 7.316388, 49.687273 ] ] ] ] } },
{ "type": "Feature", "properties": { }, "geometry": { "type": "MultiPolygon", "coordinates": [ [ [ [ 7.315918, 49.690148 ], [ 7.316088, 49.690338 ], [ 7.316023, 49.690373 ], [ 7.316248, 49.690653 ], [ 7.316943, 49.690163 ], [ 7.316543, 49.689708 ], [ 7.315918, 49.690148 ] ] ] ] } },
{ "type": "Feature", "properties": { }, "geometry": { "type": "MultiPolygon", "coordinates": [ [ [ [ 7.362043, 49.669268 ], [ 7.359763, 49.669263 ], [ 7.359758, 49.670143 ], [ 7.362038, 49.670148 ], [ 7.362043, 49.669268 ] ] ] ] } },
{ "type": "Feature", "properties": { }, "geometry": { "type": "MultiPolygon", "coordinates": [ [ [ [ 7.323283, 49.675693 ], [ 7.323283, 49.674738 ], [ 7.322493, 49.674738 ], [ 7.322493, 49.675693 ], [ 7.323283, 49.675693 ] ] ] ] } },
{ "type": "Feature", "properties": { }, "geometry": { "type": "MultiPolygon", "coordinates": [ [ [ [ 7.311753, 49.668728 ], [ 7.310693, 49.668728 ], [ 7.310693, 49.669123 ], [ 7.310963, 49.669123 ], [ 7.310963, 49.669328 ], [ 7.311753, 49.669328 ], [ 7.311753, 49.668728 ] ] ] ] } },
{ "type": "Feature", "properties": { }, "geometry": { "type": "MultiPolygon", "coordinates": [ [ [ [ 7.289413, 49.695118 ], [ 7.289633, 49.695873 ], [ 7.290118, 49.695763 ], [ 7.290058, 49.695553 ], [ 7.290478, 49.695458 ], [ 7.290318, 49.694913 ], [ 7.289413, 49.695118 ] ] ] ] } },
{ "type": "Feature", "properties": { }, "geometry": { "type": "MultiPolygon", "coordinates": [ [ [ [ 7.386118, 50.115503 ], [ 7.385763, 50.114728 ], [ 7.384758, 50.115088 ], [ 7.385113, 50.115863 ], [ 7.386118, 50.115503 ] ] ] ] } },
{ "type": "Feature", "properties": { }, "geometry": { "type": "MultiPolygon", "coordinates": [ [ [ [ 7.365758, 50.112553 ], [ 7.365758, 50.112473 ], [ 7.366203, 50.112473 ], [ 7.366203, 50.112048 ], [ 7.365168, 50.112048 ], [ 7.365168, 50.112553 ], [ 7.365758, 50.112553 ] ] ] ] } },
{ "type": "Feature", "properties": { }, "geometry": { "type": "MultiPolygon", "coordinates": [ [ [ [ 7.368733, 50.112693 ], [ 7.369633, 50.112693 ], [ 7.369633, 50.112238 ], [ 7.369178, 50.112238 ], [ 7.369178, 50.111978 ], [ 7.368733, 50.111978 ], [ 7.368733, 50.112693 ] ] ] ] } },
{ "type": "Feature", "properties": { }, "geometry": { "type": "MultiPolygon", "coordinates": [ [ [ [ 7.357593, 50.081028 ], [ 7.357593, 50.080253 ], [ 7.356573, 50.080253 ], [ 7.356573, 50.081028 ], [ 7.357593, 50.081028 ] ] ] ] } },
{ "type": "Feature", "properties": { }, "geometry": { "type": "MultiPolygon", "coordinates": [ [ [ [ 7.376983, 50.096773 ], [ 7.376983, 50.096363 ], [ 7.376473, 50.096363 ], [ 7.376473, 50.095938 ], [ 7.375963, 50.095938 ], [ 7.375963, 50.096773 ], [ 7.376983, 50.096773 ] ] ] ] } },
{ "type": "Feature", "properties": { }, "geometry": { "type": "MultiPolygon", "coordinates": [ [ [ [ 7.374528, 50.079108 ], [ 7.374528, 50.078298 ], [ 7.373333, 50.078298 ], [ 7.373333, 50.078653 ], [ 7.373673, 50.078653 ], [ 7.373673, 50.079108 ], [ 7.374528, 50.079108 ] ] ] ] } },
{ "type": "Feature", "properties": { }, "geometry": { "type": "MultiPolygon", "coordinates": [ [ [ [ 7.362073, 50.056473 ], [ 7.362108, 50.057053 ], [ 7.363088, 50.057008 ], [ 7.363058, 50.056428 ], [ 7.362073, 50.056473 ] ] ] ] } },
{ "type": "Feature", "properties": { }, "geometry": { "type": "MultiPolygon", "coordinates": [ [ [ [ 7.387098, 50.053093 ], [ 7.387088, 50.052613 ], [ 7.387383, 50.052608 ], [ 7.387373, 50.052243 ], [ 7.386188, 50.052263 ], [ 7.386198, 50.052873 ], [ 7.386473, 50.052868 ], [ 7.386478, 50.053103 ], [ 7.387098, 50.053093 ] ] ] ] } },
{ "type": "Feature", "properties": { }, "geometry": { "type": "MultiPolygon", "coordinates": [ [ [ [ 7.387378, 50.061963 ], [ 7.387378, 50.061093 ], [ 7.386438, 50.061093 ], [ 7.386438, 50.061963 ], [ 7.387378, 50.061963 ] ] ] ] } },
{ "type": "Feature", "properties": { }, "geometry": { "type": "MultiPolygon", "coordinates": [ [ [ [ 7.338723, 50.075213 ], [ 7.339273, 50.075213 ], [ 7.339273, 50.075438 ], [ 7.339783, 50.075438 ], [ 7.339783, 50.074518 ], [ 7.338723, 50.074518 ], [ 7.338723, 50.075213 ] ] ] ] } },
{ "type": "Feature", "properties": { }, "geometry": { "type": "MultiPolygon", "coordinates": [ [ [ [ 7.335008, 50.072153 ], [ 7.333918, 50.072153 ], [ 7.333918, 50.072798 ], [ 7.334443, 50.072798 ], [ 7.334443, 50.072998 ], [ 7.335008, 50.072998 ], [ 7.335008, 50.072153 ] ] ] ] } },
{ "type": "Feature", "properties": { }, "geometry": { "type": "MultiPolygon", "coordinates": [ [ [ [ 7.350403, 50.078733 ], [ 7.349398, 50.078733 ], [ 7.349398, 50.079203 ], [ 7.349653, 50.079203 ], [ 7.349653, 50.079383 ], [ 7.349933, 50.079383 ], [ 7.349933, 50.079618 ], [ 7.350403, 50.079618 ], [ 7.350403, 50.078733 ] ] ] ] } },
{ "type": "Feature", "properties": { }, "geometry": { "type": "MultiPolygon", "coordinates": [ [ [ [ 7.297963, 49.682998 ], [ 7.298473, 49.682998 ], [ 7.298473, 49.682763 ], [ 7.298998, 49.682763 ], [ 7.298998, 49.682053 ], [ 7.297963, 49.682053 ], [ 7.297963, 49.682998 ] ] ] ] } },
{ "type": "Feature", "properties": { }, "geometry": { "type": "MultiPolygon", "coordinates": [ [ [ [ 7.291808, 49.698053 ], [ 7.291228, 49.698168 ], [ 7.291368, 49.698693 ], [ 7.291703, 49.698628 ], [ 7.291768, 49.698858 ], [ 7.292008, 49.698813 ], [ 7.291808, 49.698053 ] ] ] ] } },
{ "type": "Feature", "properties": { }, "geometry": { "type": "MultiPolygon", "coordinates": [ [ [ [ 7.305248, 49.708948 ], [ 7.305248, 49.709453 ], [ 7.306148, 49.709453 ], [ 7.306148, 49.708948 ], [ 7.305248, 49.708948 ] ] ] ] } },
{ "type": "Feature", "properties": { }, "geometry": { "type": "MultiPolygon", "coordinates": [ [ [ [ 7.268013, 49.695148 ], [ 7.267588, 49.694783 ], [ 7.267033, 49.695283 ], [ 7.267458, 49.695648 ], [ 7.268013, 49.695148 ] ] ] ] } },
{ "type": "Feature", "properties": { }, "geometry": { "type": "MultiPolygon", "coordinates": [ [ [ [ 7.267778, 49.686098 ], [ 7.267778, 49.685413 ], [ 7.267323, 49.685413 ], [ 7.267323, 49.685663 ], [ 7.267068, 49.685663 ], [ 7.267068, 49.686098 ], [ 7.267778, 49.686098 ] ] ] ] } },
{ "type": "Feature", "properties": { }, "geometry": { "type": "MultiPolygon", "coordinates": [ [ [ [ 7.262423, 49.692938 ], [ 7.262513, 49.693473 ], [ 7.263288, 49.693378 ], [ 7.263203, 49.692838 ], [ 7.262423, 49.692938 ] ] ] ] } },
{ "type": "Feature", "properties": { }, "geometry": { "type": "MultiPolygon", "coordinates": [ [ [ [ 7.253443, 49.691883 ], [ 7.252918, 49.691883 ], [ 7.252918, 49.692533 ], [ 7.253708, 49.692533 ], [ 7.253708, 49.692108 ], [ 7.253443, 49.692108 ], [ 7.253443, 49.691883 ] ] ] ] } },
{ "type": "Feature", "properties": { }, "geometry": { "type": "MultiPolygon", "coordinates": [ [ [ [ 7.255418, 49.665153 ], [ 7.254923, 49.665153 ], [ 7.254928, 49.665428 ], [ 7.254383, 49.665428 ], [ 7.254388, 49.665898 ], [ 7.254628, 49.665893 ], [ 7.254633, 49.666118 ], [ 7.255428, 49.666113 ], [ 7.255418, 49.665153 ] ] ] ] } },
{ "type": "Feature", "properties": { }, "geometry": { "type": "MultiPolygon", "coordinates": [ [ [ [ 7.253853, 49.673903 ], [ 7.253848, 49.673138 ], [ 7.252803, 49.673143 ], [ 7.252808, 49.673908 ], [ 7.253853, 49.673903 ] ] ] ] } },
{ "type": "Feature", "properties": { }, "geometry": { "type": "MultiPolygon", "coordinates": [ [ [ [ 7.240993, 49.666013 ], [ 7.240993, 49.665153 ], [ 7.240178, 49.665153 ], [ 7.240178, 49.666013 ], [ 7.240993, 49.666013 ] ] ] ] } },
{ "type": "Feature", "properties": { }, "geometry": { "type": "MultiPolygon", "coordinates": [ [ [ [ 7.233313, 49.669183 ], [ 7.233313, 49.669668 ], [ 7.234103, 49.669668 ], [ 7.234103, 49.668963 ], [ 7.233498, 49.668963 ], [ 7.233498, 49.669183 ], [ 7.233313, 49.669183 ] ] ] ] } },
{ "type": "Feature", "properties": { }, "geometry": { "type": "MultiPolygon", "coordinates": [ [ [ [ 7.230823, 49.693883 ], [ 7.230828, 49.694638 ], [ 7.231443, 49.694633 ], [ 7.231443, 49.694833 ], [ 7.232063, 49.694833 ], [ 7.232058, 49.693878 ], [ 7.230823, 49.693883 ] ] ] ] } },
{ "type": "Feature", "properties": { }, "geometry": { "type": "MultiPolygon", "coordinates": [ [ [ [ 7.228078, 49.677473 ], [ 7.227503, 49.677473 ], [ 7.227503, 49.678388 ], [ 7.228363, 49.678388 ], [ 7.228363, 49.677953 ], [ 7.228078, 49.677953 ], [ 7.228078, 49.677473 ] ] ] ] } },
{ "type": "Feature", "properties": { }, "geometry": { "type": "MultiPolygon", "coordinates": [ [ [ [ 7.183383, 49.678878 ], [ 7.182418, 49.678868 ], [ 7.182413, 49.679388 ], [ 7.183378, 49.679393 ], [ 7.183383, 49.678878 ] ] ] ] } },
{ "type": "Feature", "properties": { }, "geometry": { "type": "MultiPolygon", "coordinates": [ [ [ [ 7.169608, 49.684848 ], [ 7.168858, 49.684848 ], [ 7.168858, 49.685498 ], [ 7.169608, 49.685498 ], [ 7.169608, 49.684848 ] ] ] ] } },
{ "type": "Feature", "properties": { }, "geometry": { "type": "MultiPolygon", "coordinates": [ [ [ [ 7.157483, 49.685593 ], [ 7.158363, 49.685598 ], [ 7.158363, 49.685143 ], [ 7.158108, 49.685143 ], [ 7.158113, 49.684723 ], [ 7.157493, 49.684718 ], [ 7.157483, 49.685593 ] ] ] ] } },
{ "type": "Feature", "properties": { }, "geometry": { "type": "MultiPolygon", "coordinates": [ [ [ [ 7.155968, 49.686958 ], [ 7.155968, 49.686248 ], [ 7.155488, 49.686248 ], [ 7.155488, 49.686473 ], [ 7.155193, 49.686473 ], [ 7.155193, 49.687203 ], [ 7.155728, 49.687203 ], [ 7.155728, 49.686958 ], [ 7.155968, 49.686958 ] ] ] ] } },
{ "type": "Feature", "properties": { }, "geometry": { "type": "MultiPolygon", "coordinates": [ [ [ [ 7.139888, 49.678653 ], [ 7.139398, 49.678648 ], [ 7.139403, 49.678373 ], [ 7.139888, 49.678378 ], [ 7.139888, 49.678028 ], [ 7.138793, 49.678018 ], [ 7.138778, 49.678988 ], [ 7.139883, 49.679003 ], [ 7.139888, 49.678653 ] ] ] ] } },
{ "type": "Feature", "properties": { }, "geometry": { "type": "MultiPolygon", "coordinates": [ [ [ [ 7.287398, 49.664283 ], [ 7.287398, 49.664413 ], [ 7.287923, 49.664413 ], [ 7.287923, 49.663883 ], [ 7.287143, 49.663883 ], [ 7.287143, 49.664283 ], [ 7.287398, 49.664283 ] ] ] ] } },
{ "type": "Feature", "properties": { }, "geometry": { "type": "MultiPolygon", "coordinates": [ [ [ [ 7.275783, 49.668138 ], [ 7.275178, 49.668138 ], [ 7.275178, 49.668653 ], [ 7.275783, 49.668653 ], [ 7.275783, 49.668138 ] ] ] ] } },
{ "type": "Feature", "properties": { }, "geometry": { "type": "MultiPolygon", "coordinates": [ [ [ [ 7.272083, 49.665758 ], [ 7.272083, 49.666333 ], [ 7.272498, 49.666333 ], [ 7.272498, 49.666143 ], [ 7.272698, 49.666143 ], [ 7.272698, 49.665758 ], [ 7.272083, 49.665758 ] ] ] ] } },
{ "type": "Feature", "properties": { }, "geometry": { "type": "MultiPolygon", "coordinates": [ [ [ [ 7.271208, 49.666853 ], [ 7.271208, 49.667418 ], [ 7.271653, 49.667418 ], [ 7.271653, 49.666853 ], [ 7.271208, 49.666853 ] ] ] ] } },
{ "type": "Feature", "properties": { }, "geometry": { "type": "MultiPolygon", "coordinates": [ [ [ [ 7.271923, 49.663173 ], [ 7.271923, 49.662703 ], [ 7.271103, 49.662703 ], [ 7.271103, 49.663433 ], [ 7.271628, 49.663433 ], [ 7.271628, 49.663173 ], [ 7.271923, 49.663173 ] ] ] ] } },
{ "type": "Feature", "properties": { }, "geometry": { "type": "MultiPolygon", "coordinates": [ [ [ [ 7.313173, 49.696788 ], [ 7.312703, 49.696373 ], [ 7.311878, 49.697098 ], [ 7.312123, 49.697313 ], [ 7.312233, 49.697208 ], [ 7.312463, 49.697413 ], [ 7.313173, 49.696788 ] ] ] ] } },
{ "type": "Feature", "properties": { }, "geometry": { "type": "MultiPolygon", "coordinates": [ [ [ [ 7.320193, 49.697748 ], [ 7.319433, 49.697068 ], [ 7.318953, 49.697478 ], [ 7.319713, 49.698158 ], [ 7.320193, 49.697748 ] ] ] ] } },
{ "type": "Feature", "properties": { }, "geometry": { "type": "MultiPolygon", "coordinates": [ [ [ [ 6.916328, 50.170123 ], [ 6.916328, 50.169498 ], [ 6.915953, 50.169498 ], [ 6.915953, 50.170123 ], [ 6.916328, 50.170123 ] ] ] ] } },
{ "type": "Feature", "properties": { }, "geometry": { "type": "MultiPolygon", "coordinates": [ [ [ [ 6.950833, 50.166318 ], [ 6.950443, 50.166318 ], [ 6.950443, 50.166943 ], [ 6.951073, 50.166943 ], [ 6.951073, 50.166483 ], [ 6.950833, 50.166483 ], [ 6.950833, 50.166318 ] ] ] ] } },
{ "type": "Feature", "properties": { }, "geometry": { "type": "MultiPolygon", "coordinates": [ [ [ [ 6.965373, 50.159973 ], [ 6.965373, 50.159463 ], [ 6.964458, 50.159463 ], [ 6.964458, 50.159973 ], [ 6.965373, 50.159973 ] ] ] ] } },
{ "type": "Feature", "properties": { }, "geometry": { "type": "MultiPolygon", "coordinates": [ [ [ [ 6.954068, 50.159558 ], [ 6.954068, 50.159938 ], [ 6.954563, 50.159938 ], [ 6.954563, 50.160138 ], [ 6.954883, 50.160138 ], [ 6.954883, 50.159558 ], [ 6.954068, 50.159558 ] ] ] ] } },
{ "type": "Feature", "properties": { }, "geometry": { "type": "MultiPolygon", "coordinates": [ [ [ [ 6.932743, 50.157803 ], [ 6.932743, 50.157203 ], [ 6.932248, 50.157203 ], [ 6.932248, 50.157803 ], [ 6.932743, 50.157803 ] ] ] ] } },
{ "type": "Feature", "properties": { }, "geometry": { "type": "MultiPolygon", "coordinates": [ [ [ [ 6.926278, 50.155773 ], [ 6.926303, 50.156548 ], [ 6.927193, 50.156523 ], [ 6.927183, 50.156278 ], [ 6.926723, 50.156288 ], [ 6.926708, 50.155763 ], [ 6.926278, 50.155773 ] ] ] ] } },
{ "type": "Feature", "properties": { }, "geometry": { "type": "MultiPolygon", "coordinates": [ [ [ [ 6.899508, 50.154898 ], [ 6.900233, 50.155603 ], [ 6.901493, 50.154608 ], [ 6.900758, 50.153898 ], [ 6.900523, 50.154078 ], [ 6.900733, 50.154283 ], [ 6.900548, 50.154433 ], [ 6.900323, 50.154218 ], [ 6.899828, 50.154608 ], [ 6.899848, 50.154628 ], [ 6.899508, 50.154898 ] ] ] ] } },
{ "type": "Feature", "properties": { }, "geometry": { "type": "MultiPolygon", "coordinates": [ [ [ [ 6.901458, 50.160633 ], [ 6.901128, 50.160243 ], [ 6.900738, 50.160498 ], [ 6.901063, 50.160888 ], [ 6.901458, 50.160633 ] ] ] ] } },
{ "type": "Feature", "properties": { }, "geometry": { "type": "MultiPolygon", "coordinates": [ [ [ [ 6.769263, 49.535698 ], [ 6.769263, 49.535308 ], [ 6.769008, 49.535308 ], [ 6.769008, 49.535178 ], [ 6.768443, 49.535178 ], [ 6.768443, 49.535698 ], [ 6.769263, 49.535698 ] ] ] ] } },
{ "type": "Feature", "properties": { }, "geometry": { "type": "MultiPolygon", "coordinates": [ [ [ [ 6.774448, 49.540148 ], [ 6.774533, 49.539718 ], [ 6.773923, 49.539623 ], [ 6.773788, 49.540298 ], [ 6.774273, 49.540373 ], [ 6.774323, 49.540128 ], [ 6.774448, 49.540148 ] ] ] ] } },
{ "type": "Feature", "properties": { }, "geometry": { "type": "MultiPolygon", "coordinates": [ [ [ [ 6.768428, 49.541158 ], [ 6.768428, 49.541653 ], [ 6.769008, 49.541653 ], [ 6.769008, 49.541498 ], [ 6.769248, 49.541498 ], [ 6.769248, 49.540958 ], [ 6.768698, 49.540958 ], [ 6.768698, 49.541158 ], [ 6.768428, 49.541158 ] ] ] ] } },
{ "type": "Feature", "properties": { }, "geometry": { "type": "MultiPolygon", "coordinates": [ [ [ [ 6.924848, 49.501798 ], [ 6.922533, 49.501783 ], [ 6.922528, 49.502623 ], [ 6.922843, 49.502623 ], [ 6.922838, 49.503373 ], [ 6.922553, 49.503368 ], [ 6.922553, 49.503798 ], [ 6.922873, 49.503803 ], [ 6.922868, 49.504523 ], [ 6.922598, 49.504518 ], [ 6.922593, 49.505328 ], [ 6.924498, 49.505338 ], [ 6.924503, 49.504528 ], [ 6.924398, 49.504528 ], [ 6.924398, 49.504153 ], [ 6.924828, 49.504153 ], [ 6.924848, 49.501798 ] ] ] ] } },
{ "type": "Feature", "properties": { }, "geometry": { "type": "MultiPolygon", "coordinates": [ [ [ [ 6.855913, 49.515763 ], [ 6.855913, 49.514438 ], [ 6.856683, 49.514438 ], [ 6.856683, 49.514253 ], [ 6.856948, 49.514258 ], [ 6.856948, 49.513998 ], [ 6.856728, 49.513998 ], [ 6.856728, 49.513813 ], [ 6.855233, 49.513813 ], [ 6.855228, 49.515763 ], [ 6.855913, 49.515763 ] ] ] ] } },
{ "type": "Feature", "properties": { }, "geometry": { "type": "MultiPolygon", "coordinates": [ [ [ [ 6.838763, 49.511453 ], [ 6.838763, 49.512033 ], [ 6.839513, 49.512038 ], [ 6.839508, 49.512708 ], [ 6.839708, 49.512708 ], [ 6.839708, 49.512943 ], [ 6.840163, 49.512943 ], [ 6.840173, 49.511458 ], [ 6.838763, 49.511453 ] ] ] ] } },
{ "type": "Feature", "properties": { }, "geometry": { "type": "MultiPolygon", "coordinates": [ [ [ [ 6.898973, 49.504378 ], [ 6.899163, 49.504468 ], [ 6.898968, 49.504798 ], [ 6.899683, 49.505128 ], [ 6.899863, 49.504823 ], [ 6.900043, 49.504903 ], [ 6.900538, 49.504073 ], [ 6.899693, 49.503683 ], [ 6.899533, 49.503953 ], [ 6.899293, 49.503843 ], [ 6.898973, 49.504378 ] ] ] ] } },
{ "type": "Feature", "properties": { }, "geometry": { "type": "MultiPolygon", "coordinates": [ [ [ [ 6.838903, 49.495228 ], [ 6.838903, 49.494873 ], [ 6.837763, 49.494873 ], [ 6.837763, 49.495228 ], [ 6.838903, 49.495228 ] ] ] ] } },
{ "type": "Feature", "properties": { }, "geometry": { "type": "MultiPolygon", "coordinates": [ [ [ [ 6.839803, 49.571023 ], [ 6.839808, 49.571458 ], [ 6.840423, 49.571458 ], [ 6.840418, 49.570798 ], [ 6.840073, 49.570798 ], [ 6.840073, 49.571023 ], [ 6.839803, 49.571023 ] ] ] ] } },
{ "type": "Feature", "properties": { }, "geometry": { "type": "MultiPolygon", "coordinates": [ [ [ [ 6.840983, 49.555328 ], [ 6.840983, 49.554773 ], [ 6.840258, 49.554773 ], [ 6.840258, 49.555328 ], [ 6.840983, 49.555328 ] ] ] ] } },
{ "type": "Feature", "properties": { }, "geometry": { "type": "MultiPolygon", "coordinates": [ [ [ [ 6.837148, 49.558768 ], [ 6.837148, 49.558038 ], [ 6.836713, 49.558038 ], [ 6.836713, 49.557918 ], [ 6.836328, 49.557918 ], [ 6.836328, 49.558438 ], [ 6.836693, 49.558438 ], [ 6.836693, 49.558768 ], [ 6.837148, 49.558768 ] ] ] ] } },
{ "type": "Feature", "properties": { }, "geometry": { "type": "MultiPolygon", "coordinates": [ [ [ [ 6.839708, 49.560138 ], [ 6.839708, 49.560668 ], [ 6.840433, 49.560668 ], [ 6.840433, 49.560138 ], [ 6.839708, 49.560138 ] ] ] ] } },
{ "type": "Feature", "properties": { }, "geometry": { "type": "MultiPolygon", "coordinates": [ [ [ [ 6.835553, 49.574083 ], [ 6.835058, 49.574083 ], [ 6.835058, 49.574778 ], [ 6.835553, 49.574778 ], [ 6.835553, 49.574083 ] ] ] ] } },
{ "type": "Feature", "properties": { }, "geometry": { "type": "MultiPolygon", "coordinates": [ [ [ [ 6.898838, 49.536583 ], [ 6.898533, 49.536583 ], [ 6.898533, 49.536758 ], [ 6.898263, 49.536758 ], [ 6.898263, 49.537138 ], [ 6.899083, 49.537138 ], [ 6.899083, 49.536653 ], [ 6.898838, 49.536653 ], [ 6.898838, 49.536583 ] ] ] ] } },
{ "type": "Feature", "properties": { }, "geometry": { "type": "MultiPolygon", "coordinates": [ [ [ [ 6.882128, 49.534723 ], [ 6.882668, 49.534723 ], [ 6.882668, 49.534558 ], [ 6.882933, 49.534558 ], [ 6.882933, 49.534153 ], [ 6.882128, 49.534153 ], [ 6.882128, 49.534723 ] ] ] ] } },
{ "type": "Feature", "properties": { }, "geometry": { "type": "MultiPolygon", "coordinates": [ [ [ [ 6.876468, 49.534508 ], [ 6.876738, 49.534508 ], [ 6.876738, 49.534638 ], [ 6.877273, 49.534638 ], [ 6.877273, 49.534118 ], [ 6.876468, 49.534118 ], [ 6.876468, 49.534508 ] ] ] ] } },
{ "type": "Feature", "properties": { }, "geometry": { "type": "MultiPolygon", "coordinates": [ [ [ [ 6.862118, 49.536478 ], [ 6.861303, 49.536478 ], [ 6.861303, 49.536903 ], [ 6.862118, 49.536903 ], [ 6.862118, 49.536478 ] ] ] ] } },
{ "type": "Feature", "properties": { }, "geometry": { "type": "MultiPolygon", "coordinates": [ [ [ [ 6.910723, 49.527893 ], [ 6.910723, 49.528533 ], [ 6.911108, 49.528533 ], [ 6.911108, 49.527893 ], [ 6.910723, 49.527893 ] ] ] ] } },
{ "type": "Feature", "properties": { }, "geometry": { "type": "MultiPolygon", "coordinates": [ [ [ [ 6.649688, 49.638908 ], [ 6.648833, 49.638908 ], [ 6.648833, 49.639648 ], [ 6.649688, 49.639648 ], [ 6.649688, 49.638908 ] ] ] ] } },
{ "type": "Feature", "properties": { }, "geometry": { "type": "MultiPolygon", "coordinates": [ [ [ [ 6.646783, 49.647943 ], [ 6.648013, 49.648268 ], [ 6.648233, 49.647618 ], [ 6.647003, 49.647293 ], [ 6.646783, 49.647943 ] ] ] ] } },
{ "type": "Feature", "properties": { }, "geometry": { "type": "MultiPolygon", "coordinates": [ [ [ [ 6.646413, 49.634158 ], [ 6.646383, 49.635483 ], [ 6.647368, 49.635498 ], [ 6.647398, 49.634173 ], [ 6.646413, 49.634158 ] ] ] ] } },
{ "type": "Feature", "properties": { }, "geometry": { "type": "MultiPolygon", "coordinates": [ [ [ [ 6.646338, 49.632508 ], [ 6.646338, 49.631553 ], [ 6.645678, 49.631553 ], [ 6.645678, 49.632508 ], [ 6.646338, 49.632508 ] ] ] ] } },
{ "type": "Feature", "properties": { }, "geometry": { "type": "MultiPolygon", "coordinates": [ [ [ [ 6.862468, 49.580978 ], [ 6.863298, 49.580978 ], [ 6.863298, 49.580448 ], [ 6.862468, 49.580448 ], [ 6.862468, 49.580978 ] ] ] ] } },
{ "type": "Feature", "properties": { }, "geometry": { "type": "MultiPolygon", "coordinates": [ [ [ [ 6.858928, 49.579018 ], [ 6.858928, 49.578348 ], [ 6.858673, 49.578348 ], [ 6.858673, 49.578243 ], [ 6.858098, 49.578243 ], [ 6.858098, 49.579018 ], [ 6.858928, 49.579018 ] ] ] ] } },
{ "type": "Feature", "properties": { }, "geometry": { "type": "MultiPolygon", "coordinates": [ [ [ [ 6.875558, 49.571338 ], [ 6.875773, 49.571203 ], [ 6.875463, 49.570818 ], [ 6.874843, 49.571208 ], [ 6.875333, 49.571808 ], [ 6.875738, 49.571558 ], [ 6.875558, 49.571338 ] ] ] ] } },
{ "type": "Feature", "properties": { }, "geometry": { "type": "MultiPolygon", "coordinates": [ [ [ [ 6.854138, 49.561443 ], [ 6.854138, 49.560843 ], [ 6.853253, 49.560843 ], [ 6.853253, 49.561443 ], [ 6.854138, 49.561443 ] ] ] ] } },
{ "type": "Feature", "properties": { }, "geometry": { "type": "MultiPolygon", "coordinates": [ [ [ [ 6.875453, 49.552603 ], [ 6.874703, 49.552603 ], [ 6.874698, 49.553338 ], [ 6.875298, 49.553343 ], [ 6.875298, 49.553173 ], [ 6.875453, 49.553173 ], [ 6.875453, 49.552603 ] ] ] ] } },
{ "type": "Feature", "properties": { }, "geometry": { "type": "MultiPolygon", "coordinates": [ [ [ [ 6.879783, 49.555528 ], [ 6.879778, 49.555023 ], [ 6.878988, 49.555023 ], [ 6.878993, 49.555778 ], [ 6.879528, 49.555778 ], [ 6.879528, 49.555528 ], [ 6.879783, 49.555528 ] ] ] ] } },
{ "type": "Feature", "properties": { }, "geometry": { "type": "MultiPolygon", "coordinates": [ [ [ [ 6.772693, 49.505448 ], [ 6.771983, 49.505448 ], [ 6.771983, 49.505933 ], [ 6.772693, 49.505933 ], [ 6.772693, 49.505448 ] ] ] ] } },
{ "type": "Feature", "properties": { }, "geometry": { "type": "MultiPolygon", "coordinates": [ [ [ [ 6.697908, 49.580163 ], [ 6.697378, 49.579793 ], [ 6.696863, 49.580353 ], [ 6.697408, 49.580733 ], [ 6.697908, 49.580163 ] ] ] ] } },
{ "type": "Feature", "properties": { }, "geometry": { "type": "MultiPolygon", "coordinates": [ [ [ [ 6.668893, 49.614633 ], [ 6.671703, 49.614948 ], [ 6.671803, 49.614253 ], [ 6.668993, 49.613938 ], [ 6.668893, 49.614633 ] ] ] ] } },
{ "type": "Feature", "properties": { }, "geometry": { "type": "MultiPolygon", "coordinates": [ [ [ [ 6.683948, 49.598608 ], [ 6.684213, 49.598908 ], [ 6.684343, 49.598818 ], [ 6.684623, 49.599128 ], [ 6.684893, 49.598943 ], [ 6.684343, 49.598333 ], [ 6.683948, 49.598608 ] ] ] ] } },
{ "type": "Feature", "properties": { }, "geometry": { "type": "MultiPolygon", "coordinates": [ [ [ [ 6.690593, 49.592893 ], [ 6.691253, 49.593473 ], [ 6.691553, 49.593208 ], [ 6.690893, 49.592628 ], [ 6.690593, 49.592893 ] ] ] ] } },
{ "type": "Feature", "properties": { }, "geometry": { "type": "MultiPolygon", "coordinates": [ [ [ [ 6.692083, 49.594128 ], [ 6.691798, 49.594483 ], [ 6.692533, 49.594938 ], [ 6.692818, 49.594588 ], [ 6.692083, 49.594128 ] ] ] ] } },
{ "type": "Feature", "properties": { }, "geometry": { "type": "MultiPolygon", "coordinates": [ [ [ [ 6.690558, 49.580728 ], [ 6.690713, 49.581283 ], [ 6.690968, 49.581223 ], [ 6.691118, 49.581748 ], [ 6.691888, 49.581578 ], [ 6.691863, 49.581488 ], [ 6.692608, 49.581323 ], [ 6.692328, 49.580338 ], [ 6.690558, 49.580728 ] ] ] ] } },
{ "type": "Feature", "properties": { }, "geometry": { "type": "MultiPolygon", "coordinates": [ [ [ [ 6.962543, 49.494993 ], [ 6.962113, 49.494993 ], [ 6.962108, 49.495528 ], [ 6.962538, 49.495533 ], [ 6.962543, 49.494993 ] ] ] ] } },
{ "type": "Feature", "properties": { }, "geometry": { "type": "MultiPolygon", "coordinates": [ [ [ [ 6.957473, 49.507443 ], [ 6.957473, 49.508408 ], [ 6.957863, 49.508408 ], [ 6.957863, 49.507443 ], [ 6.957473, 49.507443 ] ] ] ] } },
{ "type": "Feature", "properties": { }, "geometry": { "type": "MultiPolygon", "coordinates": [ [ [ [ 6.970843, 49.500333 ], [ 6.970843, 49.499403 ], [ 6.970198, 49.499403 ], [ 6.970198, 49.499683 ], [ 6.969958, 49.499683 ], [ 6.969958, 49.499978 ], [ 6.970348, 49.499978 ], [ 6.970348, 49.500333 ], [ 6.970843, 49.500333 ] ] ] ] } },
{ "type": "Feature", "properties": { }, "geometry": { "type": "MultiPolygon", "coordinates": [ [ [ [ 6.979498, 49.492103 ], [ 6.979508, 49.492598 ], [ 6.979818, 49.492593 ], [ 6.979823, 49.492838 ], [ 6.980318, 49.492833 ], [ 6.980298, 49.492088 ], [ 6.979498, 49.492103 ] ] ] ] } },
{ "type": "Feature", "properties": { }, "geometry": { "type": "MultiPolygon", "coordinates": [ [ [ [ 6.995798, 49.490133 ], [ 6.996028, 49.490083 ], [ 6.995908, 49.489638 ], [ 6.994923, 49.489838 ], [ 6.995043, 49.490288 ], [ 6.995318, 49.490233 ], [ 6.995383, 49.490488 ], [ 6.995868, 49.490388 ], [ 6.995798, 49.490133 ] ] ] ] } },
{ "type": "Feature", "properties": { }, "geometry": { "type": "MultiPolygon", "coordinates": [ [ [ [ 6.982053, 49.494943 ], [ 6.982053, 49.494428 ], [ 6.981398, 49.494428 ], [ 6.981398, 49.494943 ], [ 6.982053, 49.494943 ] ] ] ] } },
{ "type": "Feature", "properties": { }, "geometry": { "type": "MultiPolygon", "coordinates": [ [ [ [ 6.976193, 49.496868 ], [ 6.975578, 49.496868 ], [ 6.975578, 49.497103 ], [ 6.975388, 49.497103 ], [ 6.975388, 49.497588 ], [ 6.976193, 49.497588 ], [ 6.976193, 49.496868 ] ] ] ] } },
{ "type": "Feature", "properties": { }, "geometry": { "type": "MultiPolygon", "coordinates": [ [ [ [ 6.982068, 49.498163 ], [ 6.981598, 49.498163 ], [ 6.981598, 49.497938 ], [ 6.981303, 49.497938 ], [ 6.981303, 49.498588 ], [ 6.982068, 49.498588 ], [ 6.982068, 49.498163 ] ] ] ] } },
{ "type": "Feature", "properties": { }, "geometry": { "type": "MultiPolygon", "coordinates": [ [ [ [ 6.980753, 49.502078 ], [ 6.980753, 49.501698 ], [ 6.979963, 49.501698 ], [ 6.979963, 49.502303 ], [ 6.980473, 49.502303 ], [ 6.980473, 49.502078 ], [ 6.980753, 49.502078 ] ] ] ] } },
{ "type": "Feature", "properties": { }, "geometry": { "type": "MultiPolygon", "coordinates": [ [ [ [ 6.736808, 49.628198 ], [ 6.734433, 49.628913 ], [ 6.734708, 49.629623 ], [ 6.737083, 49.628908 ], [ 6.736808, 49.628198 ] ] ] ] } },
{ "type": "Feature", "properties": { }, "geometry": { "type": "MultiPolygon", "coordinates": [ [ [ [ 6.732558, 49.624473 ], [ 6.730953, 49.625068 ], [ 6.731313, 49.625818 ], [ 6.732918, 49.625223 ], [ 6.732558, 49.624473 ] ] ] ] } },
{ "type": "Feature", "properties": { }, "geometry": { "type": "MultiPolygon", "coordinates": [ [ [ [ 6.744463, 49.614268 ], [ 6.744573, 49.614198 ], [ 6.744688, 49.614333 ], [ 6.745083, 49.614073 ], [ 6.744443, 49.613328 ], [ 6.743943, 49.613658 ], [ 6.744463, 49.614268 ] ] ] ] } },
{ "type": "Feature", "properties": { }, "geometry": { "type": "MultiPolygon", "coordinates": [ [ [ [ 6.938543, 49.909403 ], [ 6.938553, 49.909103 ], [ 6.938213, 49.909093 ], [ 6.938223, 49.908858 ], [ 6.937298, 49.908833 ], [ 6.937273, 49.909468 ], [ 6.937833, 49.909483 ], [ 6.937843, 49.909238 ], [ 6.938233, 49.909248 ], [ 6.938228, 49.909398 ], [ 6.938543, 49.909403 ] ] ] ] } },
{ "type": "Feature", "properties": { }, "geometry": { "type": "MultiPolygon", "coordinates": [ [ [ [ 6.921398, 49.910758 ], [ 6.921143, 49.910753 ], [ 6.921148, 49.910523 ], [ 6.920603, 49.910513 ], [ 6.920598, 49.910708 ], [ 6.920313, 49.910703 ], [ 6.920288, 49.911823 ], [ 6.921373, 49.911838 ], [ 6.921398, 49.910758 ] ] ] ] } },
{ "type": "Feature", "properties": { }, "geometry": { "type": "MultiPolygon", "coordinates": [ [ [ [ 6.913523, 49.903543 ], [ 6.912788, 49.903543 ], [ 6.912788, 49.904053 ], [ 6.913093, 49.904053 ], [ 6.913093, 49.904383 ], [ 6.913778, 49.904383 ], [ 6.913778, 49.903943 ], [ 6.913523, 49.903943 ], [ 6.913523, 49.903543 ] ] ] ] } },
{ "type": "Feature", "properties": { }, "geometry": { "type": "MultiPolygon", "coordinates": [ [ [ [ 6.921368, 49.900928 ], [ 6.921368, 49.900153 ], [ 6.920753, 49.900153 ], [ 6.920753, 49.900928 ], [ 6.921368, 49.900928 ] ] ] ] } },
{ "type": "Feature", "properties": { }, "geometry": { "type": "MultiPolygon", "coordinates": [ [ [ [ 6.921323, 49.897858 ], [ 6.921328, 49.896913 ], [ 6.920808, 49.896913 ], [ 6.920803, 49.897133 ], [ 6.920568, 49.897133 ], [ 6.920568, 49.897618 ], [ 6.920823, 49.897618 ], [ 6.920818, 49.897853 ], [ 6.921323, 49.897858 ] ] ] ] } },
{ "type": "Feature", "properties": { }, "geometry": { "type": "MultiPolygon", "coordinates": [ [ [ [ 6.881528, 49.811158 ], [ 6.880733, 49.811158 ], [ 6.880733, 49.811863 ], [ 6.881528, 49.811863 ], [ 6.881528, 49.811158 ] ] ] ] } },
{ "type": "Feature", "properties": { }, "geometry": { "type": "MultiPolygon", "coordinates": [ [ [ [ 6.943108, 49.837278 ], [ 6.942778, 49.837278 ], [ 6.942783, 49.835883 ], [ 6.942123, 49.835883 ], [ 6.942118, 49.839243 ], [ 6.943103, 49.839243 ], [ 6.943108, 49.837278 ] ] ] ] } },
{ "type": "Feature", "properties": { }, "geometry": { "type": "MultiPolygon", "coordinates": [ [ [ [ 6.965063, 49.839043 ], [ 6.965508, 49.839043 ], [ 6.965508, 49.838468 ], [ 6.965063, 49.838468 ], [ 6.965063, 49.839043 ] ] ] ] } },
{ "type": "Feature", "properties": { }, "geometry": { "type": "MultiPolygon", "coordinates": [ [ [ [ 6.965103, 49.836358 ], [ 6.965548, 49.836358 ], [ 6.965548, 49.835523 ], [ 6.965103, 49.835523 ], [ 6.965103, 49.836358 ] ] ] ] } },
{ "type": "Feature", "properties": { }, "geometry": { "type": "MultiPolygon", "coordinates": [ [ [ [ 6.965718, 49.828463 ], [ 6.965718, 49.828088 ], [ 6.964863, 49.828088 ], [ 6.964863, 49.828463 ], [ 6.965718, 49.828463 ] ] ] ] } },
{ "type": "Feature", "properties": { }, "geometry": { "type": "MultiPolygon", "coordinates": [ [ [ [ 6.955218, 49.828608 ], [ 6.955218, 49.828218 ], [ 6.954698, 49.828218 ], [ 6.954698, 49.828608 ], [ 6.955218, 49.828608 ] ] ] ] } },
{ "type": "Feature", "properties": { }, "geometry": { "type": "MultiPolygon", "coordinates": [ [ [ [ 6.927518, 49.830523 ], [ 6.927508, 49.828993 ], [ 6.926358, 49.829003 ], [ 6.926363, 49.830208 ], [ 6.926533, 49.830208 ], [ 6.926538, 49.830528 ], [ 6.927518, 49.830523 ] ] ] ] } },
{ "type": "Feature", "properties": { }, "geometry": { "type": "MultiPolygon", "coordinates": [ [ [ [ 6.911673, 49.861258 ], [ 6.911418, 49.861273 ], [ 6.911448, 49.861708 ], [ 6.912293, 49.861663 ], [ 6.912228, 49.860768 ], [ 6.911643, 49.860803 ], [ 6.911673, 49.861258 ] ] ] ] } },
{ "type": "Feature", "properties": { }, "geometry": { "type": "MultiPolygon", "coordinates": [ [ [ [ 7.078613, 49.757933 ], [ 7.079203, 49.757933 ], [ 7.079203, 49.757298 ], [ 7.078613, 49.757298 ], [ 7.078613, 49.757933 ] ] ] ] } },
{ "type": "Feature", "properties": { }, "geometry": { "type": "MultiPolygon", "coordinates": [ [ [ [ 7.090938, 49.766513 ], [ 7.090068, 49.766513 ], [ 7.090068, 49.766958 ], [ 7.090938, 49.766958 ], [ 7.090938, 49.766513 ] ] ] ] } },
{ "type": "Feature", "properties": { }, "geometry": { "type": "MultiPolygon", "coordinates": [ [ [ [ 7.033753, 49.710133 ], [ 7.035358, 49.710183 ], [ 7.035358, 49.709353 ], [ 7.033953, 49.709348 ], [ 7.033753, 49.710133 ] ] ] ] } },
{ "type": "Feature", "properties": { }, "geometry": { "type": "MultiPolygon", "coordinates": [ [ [ [ 7.043288, 49.736653 ], [ 7.043288, 49.737468 ], [ 7.043693, 49.737468 ], [ 7.043693, 49.737303 ], [ 7.043908, 49.737303 ], [ 7.043908, 49.736653 ], [ 7.043288, 49.736653 ] ] ] ] } },
{ "type": "Feature", "properties": { }, "geometry": { "type": "MultiPolygon", "coordinates": [ [ [ [ 7.041843, 49.741803 ], [ 7.041843, 49.741223 ], [ 7.041158, 49.741223 ], [ 7.041158, 49.741803 ], [ 7.041843, 49.741803 ] ] ] ] } },
{ "type": "Feature", "properties": { }, "geometry": { "type": "MultiPolygon", "coordinates": [ [ [ [ 7.025328, 49.632463 ], [ 7.025583, 49.632283 ], [ 7.025268, 49.631938 ], [ 7.024703, 49.632333 ], [ 7.025278, 49.632963 ], [ 7.025588, 49.632743 ], [ 7.025328, 49.632463 ] ] ] ] } },
{ "type": "Feature", "properties": { }, "geometry": { "type": "MultiPolygon", "coordinates": [ [ [ [ 7.018763, 49.634073 ], [ 7.018848, 49.634258 ], [ 7.019543, 49.634013 ], [ 7.019268, 49.633418 ], [ 7.018323, 49.633748 ], [ 7.018513, 49.634163 ], [ 7.018763, 49.634073 ] ] ] ] } },
{ "type": "Feature", "properties": { }, "geometry": { "type": "MultiPolygon", "coordinates": [ [ [ [ 7.011703, 49.656713 ], [ 7.012158, 49.656833 ], [ 7.012248, 49.656563 ], [ 7.012593, 49.656653 ], [ 7.012748, 49.656203 ], [ 7.011948, 49.655988 ], [ 7.011703, 49.656713 ] ] ] ] } },
{ "type": "Feature", "properties": { }, "geometry": { "type": "MultiPolygon", "coordinates": [ [ [ [ 7.012043, 49.651208 ], [ 7.012133, 49.650343 ], [ 7.011648, 49.650303 ], [ 7.011608, 49.650718 ], [ 7.011148, 49.650683 ], [ 7.011103, 49.651133 ], [ 7.012043, 49.651208 ] ] ] ] } },
{ "type": "Feature", "properties": { }, "geometry": { "type": "MultiPolygon", "coordinates": [ [ [ [ 7.031493, 49.663898 ], [ 7.031328, 49.663018 ], [ 7.030493, 49.663133 ], [ 7.030658, 49.664018 ], [ 7.031493, 49.663898 ] ] ] ] } },
{ "type": "Feature", "properties": { }, "geometry": { "type": "MultiPolygon", "coordinates": [ [ [ [ 7.032558, 49.661183 ], [ 7.032053, 49.661893 ], [ 7.032923, 49.662373 ], [ 7.033278, 49.661878 ], [ 7.033108, 49.661783 ], [ 7.033258, 49.661573 ], [ 7.032558, 49.661183 ] ] ] ] } },
{ "type": "Feature", "properties": { }, "geometry": { "type": "MultiPolygon", "coordinates": [ [ [ [ 7.035553, 49.658143 ], [ 7.036338, 49.658253 ], [ 7.036388, 49.657973 ], [ 7.036118, 49.657938 ], [ 7.036208, 49.657423 ], [ 7.035693, 49.657348 ], [ 7.035553, 49.658143 ] ] ] ] } },
{ "type": "Feature", "properties": { }, "geometry": { "type": "MultiPolygon", "coordinates": [ [ [ [ 7.021523, 49.658908 ], [ 7.021523, 49.659688 ], [ 7.022233, 49.659688 ], [ 7.022233, 49.659168 ], [ 7.022503, 49.659168 ], [ 7.022503, 49.658663 ], [ 7.022018, 49.658663 ], [ 7.022018, 49.658908 ], [ 7.021523, 49.658908 ] ] ] ] } },
{ "type": "Feature", "properties": { }, "geometry": { "type": "MultiPolygon", "coordinates": [ [ [ [ 7.076923, 50.039068 ], [ 7.076923, 50.038763 ], [ 7.076283, 50.038763 ], [ 7.076283, 50.039068 ], [ 7.076923, 50.039068 ] ] ] ] } },
{ "type": "Feature", "properties": { }, "geometry": { "type": "MultiPolygon", "coordinates": [ [ [ [ 7.276493, 49.952388 ], [ 7.276803, 49.950883 ], [ 7.275878, 49.950738 ], [ 7.275738, 49.951428 ], [ 7.275703, 49.951478 ], [ 7.275623, 49.951858 ], [ 7.275578, 49.951918 ], [ 7.275508, 49.952258 ], [ 7.276198, 49.952363 ], [ 7.276168, 49.952498 ], [ 7.275773, 49.953038 ], [ 7.276053, 49.953198 ], [ 7.276078, 49.953203 ], [ 7.277198, 49.953838 ], [ 7.277258, 49.953848 ], [ 7.277743, 49.953193 ], [ 7.277758, 49.953108 ], [ 7.276493, 49.952388 ] ] ] ] } },
{ "type": "Feature", "properties": { }, "geometry": { "type": "MultiPolygon", "coordinates": [ [ [ [ 7.273613, 49.939333 ], [ 7.273318, 49.939333 ], [ 7.273318, 49.939603 ], [ 7.273613, 49.939603 ], [ 7.273613, 49.939333 ] ] ] ] } },
{ "type": "Feature", "properties": { }, "geometry": { "type": "MultiPolygon", "coordinates": [ [ [ [ 6.650143, 49.692838 ], [ 6.652858, 49.693118 ], [ 6.652978, 49.692198 ], [ 6.650263, 49.691923 ], [ 6.650143, 49.692838 ] ] ] ] } },
{ "type": "Feature", "properties": { }, "geometry": { "type": "MultiPolygon", "coordinates": [ [ [ [ 6.651248, 49.819858 ], [ 6.648698, 49.819853 ], [ 6.648698, 49.821453 ], [ 6.651008, 49.821458 ], [ 6.651008, 49.820393 ], [ 6.651248, 49.820393 ], [ 6.651248, 49.819858 ] ] ] ] } },
{ "type": "Feature", "properties": { }, "geometry": { "type": "MultiPolygon", "coordinates": [ [ [ [ 6.713088, 49.791698 ], [ 6.712933, 49.792403 ], [ 6.714593, 49.792693 ], [ 6.714753, 49.791988 ], [ 6.713088, 49.791698 ] ] ] ] } },
{ "type": "Feature", "properties": { }, "geometry": { "type": "MultiPolygon", "coordinates": [ [ [ [ 6.729013, 49.798453 ], [ 6.729013, 49.798053 ], [ 6.728213, 49.798053 ], [ 6.728213, 49.798453 ], [ 6.729013, 49.798453 ] ] ] ] } },
{ "type": "Feature", "properties": { }, "geometry": { "type": "MultiPolygon", "coordinates": [ [ [ [ 6.737093, 49.800878 ], [ 6.736643, 49.800873 ], [ 6.736643, 49.801573 ], [ 6.737088, 49.801578 ], [ 6.737093, 49.800878 ] ] ] ] } },
{ "type": "Feature", "properties": { }, "geometry": { "type": "MultiPolygon", "coordinates": [ [ [ [ 6.729883, 49.817998 ], [ 6.729163, 49.818478 ], [ 6.729443, 49.818798 ], [ 6.730158, 49.818318 ], [ 6.729883, 49.817998 ] ] ] ] } },
{ "type": "Feature", "properties": { }, "geometry": { "type": "MultiPolygon", "coordinates": [ [ [ [ 6.733158, 49.813278 ], [ 6.733158, 49.812863 ], [ 6.732758, 49.812863 ], [ 6.732758, 49.813278 ], [ 6.733158, 49.813278 ] ] ] ] } },
{ "type": "Feature", "properties": { }, "geometry": { "type": "MultiPolygon", "coordinates": [ [ [ [ 7.149838, 50.153113 ], [ 7.149693, 50.153113 ], [ 7.149693, 50.152508 ], [ 7.149223, 50.152508 ], [ 7.149223, 50.153588 ], [ 7.149838, 50.153588 ], [ 7.149838, 50.153113 ] ] ] ] } },
{ "type": "Feature", "properties": { }, "geometry": { "type": "MultiPolygon", "coordinates": [ [ [ [ 7.145158, 50.154913 ], [ 7.144608, 50.154908 ], [ 7.144598, 50.155633 ], [ 7.145148, 50.155638 ], [ 7.145158, 50.154913 ] ] ] ] } },
{ "type": "Feature", "properties": { }, "geometry": { "type": "MultiPolygon", "coordinates": [ [ [ [ 7.135183, 50.117113 ], [ 7.135183, 50.117758 ], [ 7.135663, 50.117758 ], [ 7.135663, 50.117113 ], [ 7.135183, 50.117113 ] ] ] ] } },
{ "type": "Feature", "properties": { }, "geometry": { "type": "MultiPolygon", "coordinates": [ [ [ [ 7.116353, 50.096208 ], [ 7.115843, 50.096208 ], [ 7.115843, 50.097493 ], [ 7.116353, 50.097493 ], [ 7.116353, 50.096208 ] ] ] ] } },
{ "type": "Feature", "properties": { }, "geometry": { "type": "MultiPolygon", "coordinates": [ [ [ [ 7.138668, 50.134268 ], [ 7.138668, 50.133998 ], [ 7.138213, 50.133998 ], [ 7.138213, 50.134268 ], [ 7.137383, 50.134273 ], [ 7.137388, 50.135978 ], [ 7.139913, 50.135973 ], [ 7.139908, 50.134263 ], [ 7.138668, 50.134268 ] ] ] ] } },
{ "type": "Feature", "properties": { }, "geometry": { "type": "MultiPolygon", "coordinates": [ [ [ [ 7.145238, 50.147398 ], [ 7.145238, 50.148233 ], [ 7.145708, 50.148233 ], [ 7.145708, 50.148008 ], [ 7.145898, 50.148008 ], [ 7.145898, 50.147633 ], [ 7.145668, 50.147633 ], [ 7.145668, 50.147398 ], [ 7.145238, 50.147398 ] ] ] ] } },
{ "type": "Feature", "properties": { }, "geometry": { "type": "MultiPolygon", "coordinates": [ [ [ [ 7.137768, 50.147728 ], [ 7.137768, 50.148268 ], [ 7.138348, 50.148268 ], [ 7.138348, 50.147728 ], [ 7.137768, 50.147728 ] ] ] ] } },
{ "type": "Feature", "properties": { }, "geometry": { "type": "MultiPolygon", "coordinates": [ [ [ [ 7.142023, 50.124323 ], [ 7.142023, 50.124763 ], [ 7.143228, 50.124763 ], [ 7.143228, 50.124323 ], [ 7.142023, 50.124323 ] ] ] ] } },
{ "type": "Feature", "properties": { }, "geometry": { "type": "MultiPolygon", "coordinates": [ [ [ [ 7.150443, 50.121873 ], [ 7.150448, 50.121323 ], [ 7.148943, 50.121308 ], [ 7.148938, 50.122088 ], [ 7.149158, 50.122088 ], [ 7.149153, 50.122358 ], [ 7.150223, 50.122368 ], [ 7.150228, 50.121873 ], [ 7.150443, 50.121873 ] ] ] ] } },
{ "type": "Feature", "properties": { }, "geometry": { "type": "MultiPolygon", "coordinates": [ [ [ [ 7.082993, 49.581133 ], [ 7.083008, 49.580448 ], [ 7.082048, 49.580388 ], [ 7.081963, 49.581193 ], [ 7.082993, 49.581133 ] ] ] ] } },
{ "type": "Feature", "properties": { }, "geometry": { "type": "MultiPolygon", "coordinates": [ [ [ [ 6.952693, 49.605503 ], [ 6.953243, 49.605503 ], [ 6.953308, 49.605668 ], [ 6.953833, 49.605683 ], [ 6.954008, 49.604938 ], [ 6.955888, 49.604988 ], [ 6.955873, 49.605398 ], [ 6.960258, 49.605538 ], [ 6.960353, 49.603573 ], [ 6.955923, 49.603453 ], [ 6.955898, 49.603903 ], [ 6.954033, 49.603888 ], [ 6.953913, 49.603903 ], [ 6.953993, 49.603303 ], [ 6.952853, 49.603313 ], [ 6.952763, 49.604163 ], [ 6.952763, 49.604563 ], [ 6.952693, 49.605503 ] ] ] ] } },
{ "type": "Feature", "properties": { }, "geometry": { "type": "MultiPolygon", "coordinates": [ [ [ [ 7.378993, 50.151083 ], [ 7.378988, 50.151893 ], [ 7.379478, 50.151893 ], [ 7.379483, 50.151618 ], [ 7.379963, 50.151623 ], [ 7.379963, 50.151088 ], [ 7.378993, 50.151083 ] ] ] ] } },
{ "type": "Feature", "properties": { }, "geometry": { "type": "MultiPolygon", "coordinates": [ [ [ [ 7.373348, 50.151788 ], [ 7.373348, 50.151988 ], [ 7.373738, 50.151988 ], [ 7.373738, 50.151268 ], [ 7.373038, 50.151268 ], [ 7.373038, 50.151788 ], [ 7.373348, 50.151788 ] ] ] ] } },
{ "type": "Feature", "properties": { }, "geometry": { "type": "MultiPolygon", "coordinates": [ [ [ [ 7.356333, 50.139178 ], [ 7.354278, 50.138433 ], [ 7.353848, 50.139348 ], [ 7.354118, 50.139448 ], [ 7.354058, 50.139573 ], [ 7.355843, 50.140218 ], [ 7.356333, 50.139178 ] ] ] ] } },
{ "type": "Feature", "properties": { }, "geometry": { "type": "MultiPolygon", "coordinates": [ [ [ [ 7.371998, 50.170763 ], [ 7.372913, 50.170973 ], [ 7.373053, 50.170503 ], [ 7.372138, 50.170288 ], [ 7.371998, 50.170763 ] ] ] ] } },
{ "type": "Feature", "properties": { }, "geometry": { "type": "MultiPolygon", "coordinates": [ [ [ [ 7.371628, 50.172783 ], [ 7.371433, 50.172283 ], [ 7.371228, 50.172348 ], [ 7.371123, 50.172083 ], [ 7.370558, 50.172253 ], [ 7.370853, 50.173013 ], [ 7.371628, 50.172783 ] ] ] ] } },
{ "type": "Feature", "properties": { }, "geometry": { "type": "MultiPolygon", "coordinates": [ [ [ [ 7.378688, 50.178078 ], [ 7.378688, 50.178938 ], [ 7.379278, 50.178938 ], [ 7.379278, 50.178078 ], [ 7.378688, 50.178078 ] ] ] ] } },
{ "type": "Feature", "properties": { }, "geometry": { "type": "MultiPolygon", "coordinates": [ [ [ [ 7.385568, 49.959638 ], [ 7.385943, 49.959638 ], [ 7.385943, 49.959203 ], [ 7.385568, 49.959203 ], [ 7.385568, 49.959638 ] ] ] ] } },
{ "type": "Feature", "properties": { }, "geometry": { "type": "MultiPolygon", "coordinates": [ [ [ [ 7.374348, 49.943743 ], [ 7.374608, 49.944208 ], [ 7.375388, 49.943883 ], [ 7.375138, 49.943418 ], [ 7.374348, 49.943743 ] ] ] ] } },
{ "type": "Feature", "properties": { }, "geometry": { "type": "MultiPolygon", "coordinates": [ [ [ [ 7.372583, 50.007248 ], [ 7.372583, 50.006788 ], [ 7.371473, 50.006788 ], [ 7.371473, 50.007248 ], [ 7.372583, 50.007248 ] ] ] ] } },
{ "type": "Feature", "properties": { }, "geometry": { "type": "MultiPolygon", "coordinates": [ [ [ [ 7.371433, 49.996718 ], [ 7.371433, 49.997223 ], [ 7.372398, 49.997223 ], [ 7.372398, 49.996718 ], [ 7.371433, 49.996718 ] ] ] ] } },
{ "type": "Feature", "properties": { }, "geometry": { "type": "MultiPolygon", "coordinates": [ [ [ [ 7.375413, 49.974843 ], [ 7.375413, 49.975683 ], [ 7.376043, 49.975683 ], [ 7.376043, 49.975353 ], [ 7.376298, 49.975353 ], [ 7.376298, 49.974843 ], [ 7.375413, 49.974843 ] ] ] ] } },
{ "type": "Feature", "properties": { }, "geometry": { "type": "MultiPolygon", "coordinates": [ [ [ [ 7.356693, 49.947223 ], [ 7.355953, 49.947223 ], [ 7.355953, 49.947438 ], [ 7.355738, 49.947438 ], [ 7.355738, 49.947683 ], [ 7.356693, 49.947683 ], [ 7.356693, 49.947223 ] ] ] ] } },
{ "type": "Feature", "properties": { }, "geometry": { "type": "MultiPolygon", "coordinates": [ [ [ [ 7.354908, 49.941028 ], [ 7.355263, 49.941253 ], [ 7.355598, 49.940843 ], [ 7.355248, 49.940618 ], [ 7.354908, 49.941028 ] ] ] ] } },
{ "type": "Feature", "properties": { }, "geometry": { "type": "MultiPolygon", "coordinates": [ [ [ [ 7.328198, 49.927628 ], [ 7.327473, 49.927863 ], [ 7.327638, 49.928273 ], [ 7.328368, 49.928038 ], [ 7.328198, 49.927628 ] ] ] ] } },
{ "type": "Feature", "properties": { }, "geometry": { "type": "MultiPolygon", "coordinates": [ [ [ [ 7.292548, 49.942293 ], [ 7.291388, 49.942933 ], [ 7.291783, 49.943483 ], [ 7.292943, 49.942843 ], [ 7.292548, 49.942293 ] ] ] ] } },
{ "type": "Feature", "properties": { }, "geometry": { "type": "MultiPolygon", "coordinates": [ [ [ [ 7.292763, 49.944813 ], [ 7.293338, 49.945518 ], [ 7.294838, 49.944578 ], [ 7.294263, 49.943868 ], [ 7.292763, 49.944813 ] ] ] ] } },
{ "type": "Feature", "properties": { }, "geometry": { "type": "MultiPolygon", "coordinates": [ [ [ [ 7.343603, 49.962043 ], [ 7.343323, 49.962043 ], [ 7.343323, 49.961793 ], [ 7.342813, 49.961793 ], [ 7.342813, 49.962288 ], [ 7.343603, 49.962288 ], [ 7.343603, 49.962043 ] ] ] ] } },
{ "type": "Feature", "properties": { }, "geometry": { "type": "MultiPolygon", "coordinates": [ [ [ [ 7.368558, 49.990878 ], [ 7.368343, 49.990508 ], [ 7.367623, 49.990833 ], [ 7.367838, 49.991198 ], [ 7.368558, 49.990878 ] ] ] ] } },
{ "type": "Feature", "properties": { }, "geometry": { "type": "MultiPolygon", "coordinates": [ [ [ [ 7.198588, 49.958613 ], [ 7.198078, 49.958613 ], [ 7.198078, 49.959368 ], [ 7.199113, 49.959368 ], [ 7.199113, 49.958848 ], [ 7.198588, 49.958848 ], [ 7.198588, 49.958613 ] ] ] ] } },
{ "type": "Feature", "properties": { }, "geometry": { "type": "MultiPolygon", "coordinates": [ [ [ [ 7.247888, 49.954658 ], [ 7.247888, 49.954058 ], [ 7.247193, 49.954058 ], [ 7.247193, 49.954658 ], [ 7.247888, 49.954658 ] ] ] ] } },
{ "type": "Feature", "properties": { }, "geometry": { "type": "MultiPolygon", "coordinates": [ [ [ [ 7.255963, 49.962118 ], [ 7.255978, 49.961068 ], [ 7.255403, 49.961063 ], [ 7.255393, 49.961578 ], [ 7.255098, 49.961578 ], [ 7.255088, 49.962108 ], [ 7.255963, 49.962118 ] ] ] ] } },
{ "type": "Feature", "properties": { }, "geometry": { "type": "MultiPolygon", "coordinates": [ [ [ [ 7.219598, 49.963498 ], [ 7.218378, 49.963078 ], [ 7.218093, 49.963723 ], [ 7.218628, 49.963903 ], [ 7.218543, 49.964088 ], [ 7.219233, 49.964328 ], [ 7.219088, 49.964653 ], [ 7.219648, 49.964848 ], [ 7.220348, 49.963273 ], [ 7.219783, 49.963078 ], [ 7.219598, 49.963498 ] ] ] ] } },
{ "type": "Feature", "properties": { }, "geometry": { "type": "MultiPolygon", "coordinates": [ [ [ [ 7.181063, 49.929803 ], [ 7.181063, 49.930228 ], [ 7.181918, 49.930228 ], [ 7.181918, 49.929803 ], [ 7.181063, 49.929803 ] ] ] ] } },
{ "type": "Feature", "properties": { }, "geometry": { "type": "MultiPolygon", "coordinates": [ [ [ [ 7.183408, 49.924783 ], [ 7.183408, 49.925218 ], [ 7.184293, 49.925218 ], [ 7.184293, 49.924783 ], [ 7.183408, 49.924783 ] ] ] ] } },
{ "type": "Feature", "properties": { }, "geometry": { "type": "MultiPolygon", "coordinates": [ [ [ [ 7.161688, 49.926573 ], [ 7.162868, 49.926568 ], [ 7.162858, 49.926218 ], [ 7.162728, 49.926223 ], [ 7.162733, 49.925758 ], [ 7.161988, 49.925738 ], [ 7.161983, 49.926083 ], [ 7.161698, 49.926093 ], [ 7.161688, 49.926573 ] ] ] ] } },
{ "type": "Feature", "properties": { }, "geometry": { "type": "MultiPolygon", "coordinates": [ [ [ [ 7.169228, 49.934633 ], [ 7.169503, 49.935033 ], [ 7.169653, 49.934943 ], [ 7.169693, 49.935013 ], [ 7.170148, 49.934773 ], [ 7.170043, 49.934623 ], [ 7.170143, 49.934573 ], [ 7.169853, 49.934158 ], [ 7.169593, 49.934318 ], [ 7.169558, 49.934273 ], [ 7.169363, 49.934373 ], [ 7.169458, 49.934508 ], [ 7.169228, 49.934633 ] ] ] ] } },
{ "type": "Feature", "properties": { }, "geometry": { "type": "MultiPolygon", "coordinates": [ [ [ [ 7.168713, 49.937483 ], [ 7.169608, 49.937463 ], [ 7.169613, 49.937198 ], [ 7.169943, 49.937178 ], [ 7.169948, 49.936873 ], [ 7.168718, 49.936863 ], [ 7.168713, 49.937483 ] ] ] ] } },
{ "type": "Feature", "properties": { }, "geometry": { "type": "MultiPolygon", "coordinates": [ [ [ [ 7.084303, 49.912723 ], [ 7.084303, 49.913758 ], [ 7.084943, 49.913758 ], [ 7.084943, 49.912723 ], [ 7.084303, 49.912723 ] ] ] ] } },
{ "type": "Feature", "properties": { }, "geometry": { "type": "MultiPolygon", "coordinates": [ [ [ [ 7.057293, 49.901718 ], [ 7.057293, 49.902428 ], [ 7.057933, 49.902428 ], [ 7.057933, 49.901718 ], [ 7.057293, 49.901718 ] ] ] ] } },
{ "type": "Feature", "properties": { }, "geometry": { "type": "MultiPolygon", "coordinates": [ [ [ [ 7.059343, 49.900398 ], [ 7.059933, 49.900398 ], [ 7.059933, 49.900013 ], [ 7.059343, 49.900013 ], [ 7.059343, 49.900398 ] ] ] ] } },
{ "type": "Feature", "properties": { }, "geometry": { "type": "MultiPolygon", "coordinates": [ [ [ [ 7.073263, 49.899068 ], [ 7.073263, 49.899528 ], [ 7.073948, 49.899528 ], [ 7.073948, 49.899068 ], [ 7.073263, 49.899068 ] ] ] ] } },
{ "type": "Feature", "properties": { }, "geometry": { "type": "MultiPolygon", "coordinates": [ [ [ [ 7.096623, 49.905488 ], [ 7.096623, 49.905938 ], [ 7.097308, 49.905938 ], [ 7.097308, 49.905488 ], [ 7.096623, 49.905488 ] ] ] ] } },
{ "type": "Feature", "properties": { }, "geometry": { "type": "MultiPolygon", "coordinates": [ [ [ [ 7.099468, 49.910553 ], [ 7.098883, 49.910553 ], [ 7.098883, 49.911273 ], [ 7.099468, 49.911273 ], [ 7.099468, 49.910553 ] ] ] ] } },
{ "type": "Feature", "properties": { }, "geometry": { "type": "MultiPolygon", "coordinates": [ [ [ [ 7.068183, 49.891553 ], [ 7.067428, 49.891548 ], [ 7.067418, 49.892578 ], [ 7.067698, 49.892578 ], [ 7.067693, 49.893048 ], [ 7.068163, 49.893053 ], [ 7.068183, 49.891553 ] ] ] ] } },
{ "type": "Feature", "properties": { }, "geometry": { "type": "MultiPolygon", "coordinates": [ [ [ [ 7.074028, 49.894983 ], [ 7.074023, 49.893003 ], [ 7.072983, 49.893008 ], [ 7.072988, 49.894038 ], [ 7.072303, 49.894038 ], [ 7.072303, 49.894988 ], [ 7.074028, 49.894983 ] ] ] ] } },
{ "type": "Feature", "properties": { }, "geometry": { "type": "MultiPolygon", "coordinates": [ [ [ [ 7.078573, 49.892143 ], [ 7.079068, 49.892143 ], [ 7.079068, 49.891468 ], [ 7.078573, 49.891468 ], [ 7.078573, 49.892143 ] ] ] ] } },
{ "type": "Feature", "properties": { }, "geometry": { "type": "MultiPolygon", "coordinates": [ [ [ [ 7.080853, 49.891518 ], [ 7.080853, 49.892473 ], [ 7.081513, 49.892473 ], [ 7.081513, 49.891518 ], [ 7.080853, 49.891518 ] ] ] ] } },
{ "type": "Feature", "properties": { }, "geometry": { "type": "MultiPolygon", "coordinates": [ [ [ [ 7.080693, 49.893413 ], [ 7.080168, 49.893413 ], [ 7.080168, 49.893813 ], [ 7.080693, 49.893813 ], [ 7.080693, 49.893413 ] ] ] ] } },
{ "type": "Feature", "properties": { }, "geometry": { "type": "MultiPolygon", "coordinates": [ [ [ [ 7.093448, 49.924408 ], [ 7.094388, 49.924408 ], [ 7.094388, 49.924008 ], [ 7.093448, 49.924008 ], [ 7.093448, 49.924408 ] ] ] ] } },
{ "type": "Feature", "properties": { }, "geometry": { "type": "MultiPolygon", "coordinates": [ [ [ [ 7.093153, 49.926443 ], [ 7.094118, 49.926413 ], [ 7.094103, 49.925888 ], [ 7.093113, 49.925913 ], [ 7.093153, 49.926443 ] ] ] ] } },
{ "type": "Feature", "properties": { }, "geometry": { "type": "MultiPolygon", "coordinates": [ [ [ [ 7.088658, 49.931483 ], [ 7.089823, 49.931483 ], [ 7.089818, 49.930693 ], [ 7.089253, 49.930693 ], [ 7.089253, 49.930118 ], [ 7.088653, 49.930118 ], [ 7.088658, 49.931483 ] ] ] ] } },
{ "type": "Feature", "properties": { }, "geometry": { "type": "MultiPolygon", "coordinates": [ [ [ [ 7.091208, 49.926898 ], [ 7.091223, 49.926393 ], [ 7.090713, 49.926383 ], [ 7.090703, 49.926643 ], [ 7.090518, 49.926638 ], [ 7.090513, 49.926883 ], [ 7.091208, 49.926898 ] ] ] ] } },
{ "type": "Feature", "properties": { }, "geometry": { "type": "MultiPolygon", "coordinates": [ [ [ [ 7.101078, 49.939003 ], [ 7.101398, 49.939003 ], [ 7.101398, 49.938778 ], [ 7.101628, 49.938778 ], [ 7.101628, 49.938238 ], [ 7.101078, 49.938238 ], [ 7.101078, 49.939003 ] ] ] ] } },
{ "type": "Feature", "properties": { }, "geometry": { "type": "MultiPolygon", "coordinates": [ [ [ [ 7.124938, 49.934748 ], [ 7.125513, 49.934748 ], [ 7.125513, 49.934443 ], [ 7.124938, 49.934443 ], [ 7.124938, 49.934748 ] ] ] ] } },
{ "type": "Feature", "properties": { }, "geometry": { "type": "MultiPolygon", "coordinates": [ [ [ [ 7.119438, 49.942558 ], [ 7.119438, 49.942053 ], [ 7.119278, 49.942053 ], [ 7.119278, 49.941843 ], [ 7.118863, 49.941843 ], [ 7.118863, 49.942558 ], [ 7.119438, 49.942558 ] ] ] ] } },
{ "type": "Feature", "properties": { }, "geometry": { "type": "MultiPolygon", "coordinates": [ [ [ [ 7.122483, 49.942973 ], [ 7.122483, 49.941898 ], [ 7.121998, 49.941898 ], [ 7.121998, 49.942973 ], [ 7.122483, 49.942973 ] ] ] ] } },
{ "type": "Feature", "properties": { }, "geometry": { "type": "MultiPolygon", "coordinates": [ [ [ [ 7.127243, 49.935503 ], [ 7.125983, 49.935503 ], [ 7.125983, 49.935973 ], [ 7.127243, 49.935973 ], [ 7.127243, 49.935503 ] ] ] ] } },
{ "type": "Feature", "properties": { }, "geometry": { "type": "MultiPolygon", "coordinates": [ [ [ [ 7.142343, 49.942063 ], [ 7.141658, 49.942063 ], [ 7.141658, 49.942748 ], [ 7.142343, 49.942748 ], [ 7.142343, 49.942063 ] ] ] ] } },
{ "type": "Feature", "properties": { }, "geometry": { "type": "MultiPolygon", "coordinates": [ [ [ [ 7.125068, 49.941913 ], [ 7.125068, 49.942463 ], [ 7.125378, 49.942463 ], [ 7.125378, 49.942313 ], [ 7.125648, 49.942313 ], [ 7.125648, 49.941913 ], [ 7.125068, 49.941913 ] ] ] ] } },
{ "type": "Feature", "properties": { }, "geometry": { "type": "MultiPolygon", "coordinates": [ [ [ [ 7.087208, 49.980863 ], [ 7.087203, 49.981513 ], [ 7.087803, 49.981513 ], [ 7.087803, 49.980863 ], [ 7.087208, 49.980863 ] ] ] ] } },
{ "type": "Feature", "properties": { }, "geometry": { "type": "MultiPolygon", "coordinates": [ [ [ [ 7.090978, 49.974528 ], [ 7.090978, 49.974763 ], [ 7.091558, 49.974763 ], [ 7.091558, 49.974528 ], [ 7.090978, 49.974528 ] ] ] ] } },
{ "type": "Feature", "properties": { }, "geometry": { "type": "MultiPolygon", "coordinates": [ [ [ [ 7.028623, 50.183118 ], [ 7.028623, 50.183628 ], [ 7.029303, 50.183628 ], [ 7.029303, 50.183118 ], [ 7.028623, 50.183118 ] ] ] ] } },
{ "type": "Feature", "properties": { }, "geometry": { "type": "MultiPolygon", "coordinates": [ [ [ [ 7.029043, 50.185158 ], [ 7.028548, 50.185153 ], [ 7.028543, 50.186168 ], [ 7.029038, 50.186168 ], [ 7.029043, 50.185158 ] ] ] ] } },
{ "type": "Feature", "properties": { }, "geometry": { "type": "MultiPolygon", "coordinates": [ [ [ [ 7.012493, 50.173138 ], [ 7.012483, 50.172933 ], [ 7.012683, 50.172928 ], [ 7.012678, 50.172698 ], [ 7.012463, 50.172703 ], [ 7.012453, 50.172468 ], [ 7.011673, 50.172493 ], [ 7.011638, 50.171598 ], [ 7.010983, 50.171618 ], [ 7.011013, 50.172323 ], [ 7.010798, 50.172333 ], [ 7.010833, 50.173188 ], [ 7.012493, 50.173138 ] ] ] ] } },
{ "type": "Feature", "properties": { }, "geometry": { "type": "MultiPolygon", "coordinates": [ [ [ [ 7.012848, 50.153873 ], [ 7.012848, 50.153258 ], [ 7.012188, 50.153258 ], [ 7.012188, 50.153553 ], [ 7.012323, 50.153553 ], [ 7.012323, 50.153873 ], [ 7.012848, 50.153873 ] ] ] ] } },
{ "type": "Feature", "properties": { }, "geometry": { "type": "MultiPolygon", "coordinates": [ [ [ [ 7.011308, 50.159598 ], [ 7.011128, 50.159583 ], [ 7.011108, 50.159818 ], [ 7.011288, 50.159828 ], [ 7.011308, 50.159598 ] ] ] ] } },
{ "type": "Feature", "properties": { }, "geometry": { "type": "MultiPolygon", "coordinates": [ [ [ [ 7.023938, 50.129438 ], [ 7.023938, 50.130253 ], [ 7.024713, 50.130253 ], [ 7.024713, 50.129438 ], [ 7.023938, 50.129438 ] ] ] ] } },
{ "type": "Feature", "properties": { }, "geometry": { "type": "MultiPolygon", "coordinates": [ [ [ [ 7.021643, 50.131558 ], [ 7.021643, 50.129508 ], [ 7.020893, 50.129508 ], [ 7.020893, 50.131558 ], [ 7.021643, 50.131558 ] ] ] ] } },
{ "type": "Feature", "properties": { }, "geometry": { "type": "MultiPolygon", "coordinates": [ [ [ [ 7.077083, 50.122848 ], [ 7.077758, 50.122848 ], [ 7.077758, 50.122093 ], [ 7.077083, 50.122093 ], [ 7.077083, 50.122848 ] ] ] ] } },
{ "type": "Feature", "properties": { }, "geometry": { "type": "MultiPolygon", "coordinates": [ [ [ [ 7.070193, 50.116103 ], [ 7.069293, 50.116103 ], [ 7.069293, 50.116718 ], [ 7.069928, 50.116718 ], [ 7.069928, 50.116548 ], [ 7.070193, 50.116548 ], [ 7.070193, 50.116103 ] ] ] ] } },
{ "type": "Feature", "properties": { }, "geometry": { "type": "MultiPolygon", "coordinates": [ [ [ [ 7.062573, 50.116778 ], [ 7.062573, 50.116418 ], [ 7.062163, 50.116418 ], [ 7.062163, 50.116773 ], [ 7.062573, 50.116778 ] ] ] ] } },
{ "type": "Feature", "properties": { }, "geometry": { "type": "MultiPolygon", "coordinates": [ [ [ [ 7.052773, 50.114873 ], [ 7.052328, 50.114873 ], [ 7.052328, 50.115558 ], [ 7.052773, 50.115558 ], [ 7.052773, 50.114873 ] ] ] ] } },
{ "type": "Feature", "properties": { }, "geometry": { "type": "MultiPolygon", "coordinates": [ [ [ [ 7.052168, 50.105558 ], [ 7.051763, 50.105558 ], [ 7.051763, 50.106148 ], [ 7.052168, 50.106148 ], [ 7.052168, 50.105558 ] ] ] ] } },
{ "type": "Feature", "properties": { }, "geometry": { "type": "MultiPolygon", "coordinates": [ [ [ [ 7.073638, 50.092513 ], [ 7.073638, 50.092723 ], [ 7.073918, 50.092723 ], [ 7.073918, 50.091958 ], [ 7.073398, 50.091958 ], [ 7.073398, 50.092513 ], [ 7.073638, 50.092513 ] ] ] ] } },
{ "type": "Feature", "properties": { }, "geometry": { "type": "MultiPolygon", "coordinates": [ [ [ [ 7.075438, 50.091913 ], [ 7.075088, 50.091913 ], [ 7.075088, 50.092663 ], [ 7.075438, 50.092663 ], [ 7.075438, 50.091913 ] ] ] ] } },
{ "type": "Feature", "properties": { }, "geometry": { "type": "MultiPolygon", "coordinates": [ [ [ [ 7.070018, 50.073893 ], [ 7.070018, 50.074473 ], [ 7.070768, 50.074473 ], [ 7.070768, 50.073893 ], [ 7.070018, 50.073893 ] ] ] ] } },
{ "type": "Feature", "properties": { }, "geometry": { "type": "MultiPolygon", "coordinates": [ [ [ [ 7.091018, 50.076588 ], [ 7.091018, 50.076058 ], [ 7.089998, 50.076058 ], [ 7.089998, 50.076588 ], [ 7.091018, 50.076588 ] ] ] ] } },
{ "type": "Feature", "properties": { }, "geometry": { "type": "MultiPolygon", "coordinates": [ [ [ [ 6.995678, 50.143878 ], [ 6.995678, 50.143073 ], [ 6.994713, 50.143073 ], [ 6.994713, 50.143498 ], [ 6.995263, 50.143498 ], [ 6.995263, 50.143878 ], [ 6.995678, 50.143878 ] ] ] ] } },
{ "type": "Feature", "properties": { }, "geometry": { "type": "MultiPolygon", "coordinates": [ [ [ [ 7.000038, 50.137728 ], [ 7.000038, 50.137223 ], [ 6.999088, 50.137218 ], [ 6.999083, 50.137728 ], [ 7.000038, 50.137728 ] ] ] ] } },
{ "type": "Feature", "properties": { }, "geometry": { "type": "MultiPolygon", "coordinates": [ [ [ [ 7.001083, 50.133893 ], [ 7.001083, 50.133373 ], [ 7.000658, 50.133373 ], [ 7.000658, 50.133253 ], [ 7.000228, 50.133253 ], [ 7.000228, 50.133893 ], [ 7.001083, 50.133893 ] ] ] ] } },
{ "type": "Feature", "properties": { }, "geometry": { "type": "MultiPolygon", "coordinates": [ [ [ [ 7.000953, 50.127638 ], [ 7.000953, 50.126953 ], [ 7.000053, 50.126953 ], [ 7.000053, 50.127438 ], [ 7.000333, 50.127438 ], [ 7.000333, 50.127638 ], [ 7.000953, 50.127638 ] ] ] ] } },
{ "type": "Feature", "properties": { }, "geometry": { "type": "MultiPolygon", "coordinates": [ [ [ [ 7.009663, 50.118748 ], [ 7.008848, 50.118458 ], [ 7.008568, 50.119053 ], [ 7.009388, 50.119343 ], [ 7.009663, 50.118748 ] ] ] ] } },
{ "type": "Feature", "properties": { }, "geometry": { "type": "MultiPolygon", "coordinates": [ [ [ [ 7.023333, 50.105818 ], [ 7.024073, 50.105818 ], [ 7.024073, 50.105418 ], [ 7.023333, 50.105418 ], [ 7.023333, 50.105818 ] ] ] ] } },
{ "type": "Feature", "properties": { }, "geometry": { "type": "MultiPolygon", "coordinates": [ [ [ [ 7.013813, 50.096163 ], [ 7.012868, 50.096143 ], [ 7.012878, 50.096738 ], [ 7.012988, 50.096743 ], [ 7.012993, 50.097188 ], [ 7.012888, 50.097188 ], [ 7.012873, 50.097558 ], [ 7.013443, 50.097553 ], [ 7.013438, 50.097198 ], [ 7.013208, 50.097203 ], [ 7.013208, 50.097073 ], [ 7.013473, 50.097078 ], [ 7.013478, 50.096728 ], [ 7.013793, 50.096733 ], [ 7.013813, 50.096163 ] ] ] ] } },
{ "type": "Feature", "properties": { }, "geometry": { "type": "MultiPolygon", "coordinates": [ [ [ [ 7.048008, 50.054168 ], [ 7.048008, 50.053723 ], [ 7.047303, 50.053723 ], [ 7.047303, 50.054168 ], [ 7.048008, 50.054168 ] ] ] ] } },
{ "type": "Feature", "properties": { }, "geometry": { "type": "MultiPolygon", "coordinates": [ [ [ [ 7.014678, 50.029568 ], [ 7.014678, 50.029358 ], [ 7.015018, 50.029358 ], [ 7.015018, 50.029143 ], [ 7.014163, 50.029143 ], [ 7.014163, 50.029568 ], [ 7.014678, 50.029568 ] ] ] ] } },
{ "type": "Feature", "properties": { }, "geometry": { "type": "MultiPolygon", "coordinates": [ [ [ [ 7.023323, 50.028788 ], [ 7.024233, 50.028788 ], [ 7.024233, 50.028188 ], [ 7.023323, 50.028188 ], [ 7.023323, 50.028788 ] ] ] ] } },
{ "type": "Feature", "properties": { }, "geometry": { "type": "MultiPolygon", "coordinates": [ [ [ [ 7.022168, 50.030908 ], [ 7.022168, 50.031118 ], [ 7.022543, 50.031118 ], [ 7.022543, 50.030543 ], [ 7.022343, 50.030543 ], [ 7.022343, 50.030368 ], [ 7.022138, 50.030368 ], [ 7.022138, 50.030568 ], [ 7.021898, 50.030568 ], [ 7.021898, 50.030908 ], [ 7.022168, 50.030908 ] ] ] ] } },
{ "type": "Feature", "properties": { }, "geometry": { "type": "MultiPolygon", "coordinates": [ [ [ [ 7.031058, 50.026068 ], [ 7.031058, 50.026503 ], [ 7.031383, 50.026503 ], [ 7.031383, 50.026068 ], [ 7.031058, 50.026068 ] ] ] ] } },
{ "type": "Feature", "properties": { }, "geometry": { "type": "MultiPolygon", "coordinates": [ [ [ [ 7.038088, 50.016023 ], [ 7.036868, 50.016023 ], [ 7.036868, 50.016553 ], [ 7.038088, 50.016553 ], [ 7.038088, 50.016023 ] ] ] ] } },
{ "type": "Feature", "properties": { }, "geometry": { "type": "MultiPolygon", "coordinates": [ [ [ [ 7.073983, 50.051868 ], [ 7.074528, 50.052328 ], [ 7.074928, 50.051963 ], [ 7.074388, 50.051503 ], [ 7.073983, 50.051868 ] ] ] ] } },
{ "type": "Feature", "properties": { }, "geometry": { "type": "MultiPolygon", "coordinates": [ [ [ [ 7.067173, 50.052438 ], [ 7.067173, 50.051553 ], [ 7.066703, 50.051553 ], [ 7.066703, 50.052438 ], [ 7.067173, 50.052438 ] ] ] ] } },
{ "type": "Feature", "properties": { }, "geometry": { "type": "MultiPolygon", "coordinates": [ [ [ [ 7.102518, 50.072583 ], [ 7.102043, 50.072998 ], [ 7.102433, 50.073338 ], [ 7.102908, 50.072923 ], [ 7.102518, 50.072583 ] ] ] ] } },
{ "type": "Feature", "properties": { }, "geometry": { "type": "MultiPolygon", "coordinates": [ [ [ [ 7.090673, 50.068643 ], [ 7.090673, 50.067548 ], [ 7.089973, 50.067548 ], [ 7.089973, 50.068643 ], [ 7.090673, 50.068643 ] ] ] ] } },
{ "type": "Feature", "properties": { }, "geometry": { "type": "MultiPolygon", "coordinates": [ [ [ [ 7.059073, 49.572203 ], [ 7.058483, 49.571798 ], [ 7.057863, 49.572488 ], [ 7.058633, 49.573023 ], [ 7.059138, 49.572463 ], [ 7.058953, 49.572333 ], [ 7.059073, 49.572203 ] ] ] ] } },
{ "type": "Feature", "properties": { }, "geometry": { "type": "MultiPolygon", "coordinates": [ [ [ [ 7.061983, 49.555018 ], [ 7.061983, 49.553438 ], [ 7.060403, 49.553438 ], [ 7.060403, 49.555018 ], [ 7.061983, 49.555018 ] ] ] ] } },
{ "type": "Feature", "properties": { }, "geometry": { "type": "MultiPolygon", "coordinates": [ [ [ [ 7.023173, 49.706673 ], [ 7.024123, 49.706673 ], [ 7.024123, 49.706168 ], [ 7.023173, 49.706168 ], [ 7.023173, 49.706673 ] ] ] ] } },
{ "type": "Feature", "properties": { }, "geometry": { "type": "MultiPolygon", "coordinates": [ [ [ [ 6.983153, 49.786378 ], [ 6.983153, 49.786793 ], [ 6.983638, 49.786793 ], [ 6.983638, 49.786378 ], [ 6.983153, 49.786378 ] ] ] ] } },
{ "type": "Feature", "properties": { }, "geometry": { "type": "MultiPolygon", "coordinates": [ [ [ [ 6.992758, 49.796698 ], [ 6.992758, 49.797218 ], [ 6.993133, 49.797218 ], [ 6.993133, 49.796698 ], [ 6.992758, 49.796698 ] ] ] ] } },
{ "type": "Feature", "properties": { }, "geometry": { "type": "MultiPolygon", "coordinates": [ [ [ [ 6.976543, 49.786378 ], [ 6.976543, 49.786768 ], [ 6.977038, 49.786768 ], [ 6.977038, 49.786378 ], [ 6.976543, 49.786378 ] ] ] ] } },
{ "type": "Feature", "properties": { }, "geometry": { "type": "MultiPolygon", "coordinates": [ [ [ [ 6.965908, 49.775643 ], [ 6.965908, 49.775018 ], [ 6.965423, 49.775018 ], [ 6.965423, 49.775218 ], [ 6.964888, 49.775218 ], [ 6.964888, 49.775643 ], [ 6.965908, 49.775643 ] ] ] ] } },
{ "type": "Feature", "properties": { }, "geometry": { "type": "MultiPolygon", "coordinates": [ [ [ [ 6.994878, 49.761563 ], [ 6.994878, 49.761998 ], [ 6.995493, 49.761998 ], [ 6.995493, 49.761563 ], [ 6.994878, 49.761563 ] ] ] ] } },
{ "type": "Feature", "properties": { }, "geometry": { "type": "MultiPolygon", "coordinates": [ [ [ [ 6.967638, 49.732553 ], [ 6.967638, 49.732043 ], [ 6.967193, 49.732043 ], [ 6.967193, 49.732553 ], [ 6.967638, 49.732553 ] ] ] ] } },
{ "type": "Feature", "properties": { }, "geometry": { "type": "MultiPolygon", "coordinates": [ [ [ [ 6.977308, 49.726893 ], [ 6.976703, 49.726893 ], [ 6.976703, 49.727568 ], [ 6.977308, 49.727568 ], [ 6.977308, 49.726893 ] ] ] ] } },
{ "type": "Feature", "properties": { }, "geometry": { "type": "MultiPolygon", "coordinates": [ [ [ [ 6.962963, 49.719988 ], [ 6.962958, 49.719538 ], [ 6.962608, 49.719538 ], [ 6.962613, 49.719988 ], [ 6.962963, 49.719988 ] ] ] ] } },
{ "type": "Feature", "properties": { }, "geometry": { "type": "MultiPolygon", "coordinates": [ [ [ [ 6.957508, 49.723803 ], [ 6.953868, 49.723758 ], [ 6.953863, 49.724198 ], [ 6.954788, 49.724208 ], [ 6.954773, 49.725053 ], [ 6.955278, 49.725058 ], [ 6.955293, 49.724178 ], [ 6.956748, 49.724193 ], [ 6.956733, 49.725143 ], [ 6.957488, 49.725153 ], [ 6.957508, 49.723803 ] ] ] ] } },
{ "type": "Feature", "properties": { }, "geometry": { "type": "MultiPolygon", "coordinates": [ [ [ [ 6.931323, 49.720248 ], [ 6.931818, 49.720248 ], [ 6.931818, 49.719733 ], [ 6.931323, 49.719733 ], [ 6.931323, 49.720248 ] ] ] ] } },
{ "type": "Feature", "properties": { }, "geometry": { "type": "MultiPolygon", "coordinates": [ [ [ [ 7.070663, 49.768433 ], [ 7.070663, 49.768808 ], [ 7.070863, 49.768808 ], [ 7.070863, 49.769043 ], [ 7.071593, 49.769043 ], [ 7.071593, 49.768633 ], [ 7.071388, 49.768633 ], [ 7.071388, 49.768433 ], [ 7.070663, 49.768433 ] ] ] ] } },
{ "type": "Feature", "properties": { }, "geometry": { "type": "MultiPolygon", "coordinates": [ [ [ [ 7.065913, 49.773523 ], [ 7.065913, 49.772898 ], [ 7.065473, 49.772898 ], [ 7.065473, 49.773073 ], [ 7.065203, 49.773073 ], [ 7.065203, 49.773523 ], [ 7.065913, 49.773523 ] ] ] ] } },
{ "type": "Feature", "properties": { }, "geometry": { "type": "MultiPolygon", "coordinates": [ [ [ [ 7.025573, 49.702598 ], [ 7.025573, 49.701758 ], [ 7.024918, 49.701758 ], [ 7.024918, 49.702373 ], [ 7.025158, 49.702373 ], [ 7.025158, 49.702598 ], [ 7.025573, 49.702598 ] ] ] ] } },
{ "type": "Feature", "properties": { }, "geometry": { "type": "MultiPolygon", "coordinates": [ [ [ [ 6.921343, 49.690258 ], [ 6.920138, 49.690258 ], [ 6.920138, 49.691483 ], [ 6.921343, 49.691483 ], [ 6.921343, 49.690258 ] ] ] ] } },
{ "type": "Feature", "properties": { }, "geometry": { "type": "MultiPolygon", "coordinates": [ [ [ [ 6.894803, 49.678213 ], [ 6.893703, 49.678213 ], [ 6.893703, 49.678778 ], [ 6.894803, 49.678778 ], [ 6.894803, 49.678213 ] ] ] ] } },
{ "type": "Feature", "properties": { }, "geometry": { "type": "MultiPolygon", "coordinates": [ [ [ [ 6.921663, 49.668783 ], [ 6.921663, 49.669458 ], [ 6.922148, 49.669458 ], [ 6.922148, 49.668783 ], [ 6.921663, 49.668783 ] ] ] ] } },
{ "type": "Feature", "properties": { }, "geometry": { "type": "MultiPolygon", "coordinates": [ [ [ [ 6.923718, 49.670423 ], [ 6.923718, 49.669103 ], [ 6.923288, 49.669103 ], [ 6.923288, 49.670423 ], [ 6.923718, 49.670423 ] ] ] ] } },
{ "type": "Feature", "properties": { }, "geometry": { "type": "MultiPolygon", "coordinates": [ [ [ [ 7.049003, 49.490643 ], [ 7.049738, 49.490643 ], [ 7.049738, 49.490113 ], [ 7.049003, 49.490113 ], [ 7.049003, 49.490643 ] ] ] ] } },
{ "type": "Feature", "properties": { }, "geometry": { "type": "MultiPolygon", "coordinates": [ [ [ [ 7.051848, 49.493968 ], [ 7.051848, 49.493423 ], [ 7.051338, 49.493423 ], [ 7.051338, 49.493968 ], [ 7.051848, 49.493968 ] ] ] ] } },
{ "type": "Feature", "properties": { }, "geometry": { "type": "MultiPolygon", "coordinates": [ [ [ [ 7.070543, 49.495018 ], [ 7.071178, 49.495018 ], [ 7.071178, 49.494543 ], [ 7.070543, 49.494543 ], [ 7.070543, 49.495018 ] ] ] ] } },
{ "type": "Feature", "properties": { }, "geometry": { "type": "MultiPolygon", "coordinates": [ [ [ [ 7.074053, 49.499933 ], [ 7.074518, 49.499943 ], [ 7.074543, 49.498563 ], [ 7.074053, 49.498568 ], [ 7.074053, 49.499933 ] ] ] ] } },
{ "type": "Feature", "properties": { }, "geometry": { "type": "MultiPolygon", "coordinates": [ [ [ [ 7.080343, 49.506238 ], [ 7.080333, 49.505773 ], [ 7.079568, 49.505783 ], [ 7.079578, 49.506248 ], [ 7.080343, 49.506238 ] ] ] ] } },
{ "type": "Feature", "properties": { }, "geometry": { "type": "MultiPolygon", "coordinates": [ [ [ [ 7.089993, 49.517863 ], [ 7.089998, 49.517533 ], [ 7.089463, 49.517523 ], [ 7.089473, 49.517068 ], [ 7.089323, 49.517063 ], [ 7.089328, 49.516803 ], [ 7.088228, 49.516788 ], [ 7.088213, 49.517838 ], [ 7.089993, 49.517863 ] ] ] ] } },
{ "type": "Feature", "properties": { }, "geometry": { "type": "MultiPolygon", "coordinates": [ [ [ [ 7.025063, 49.620438 ], [ 7.025063, 49.619663 ], [ 7.024298, 49.619663 ], [ 7.024298, 49.619848 ], [ 7.024058, 49.619848 ], [ 7.024058, 49.620213 ], [ 7.024273, 49.620213 ], [ 7.024273, 49.620438 ], [ 7.025063, 49.620438 ] ] ] ] } },
{ "type": "Feature", "properties": { }, "geometry": { "type": "MultiPolygon", "coordinates": [ [ [ [ 7.011963, 49.614003 ], [ 7.011963, 49.613108 ], [ 7.011103, 49.613108 ], [ 7.011103, 49.613483 ], [ 7.010833, 49.613483 ], [ 7.010833, 49.614003 ], [ 7.011963, 49.614003 ] ] ] ] } },
{ "type": "Feature", "properties": { }, "geometry": { "type": "MultiPolygon", "coordinates": [ [ [ [ 6.993563, 49.597853 ], [ 6.992853, 49.597853 ], [ 6.992853, 49.598093 ], [ 6.992598, 49.598093 ], [ 6.992598, 49.598683 ], [ 6.993253, 49.598683 ], [ 6.993253, 49.598458 ], [ 6.993563, 49.598458 ], [ 6.993563, 49.597853 ] ] ] ] } },
{ "type": "Feature", "properties": { }, "geometry": { "type": "MultiPolygon", "coordinates": [ [ [ [ 6.987193, 49.600933 ], [ 6.988043, 49.600933 ], [ 6.988043, 49.600023 ], [ 6.987193, 49.600023 ], [ 6.987193, 49.600933 ] ] ] ] } },
{ "type": "Feature", "properties": { }, "geometry": { "type": "MultiPolygon", "coordinates": [ [ [ [ 6.988908, 49.590548 ], [ 6.988023, 49.590548 ], [ 6.988023, 49.591173 ], [ 6.988298, 49.591173 ], [ 6.988298, 49.591363 ], [ 6.988908, 49.591363 ], [ 6.988908, 49.590548 ] ] ] ] } },
{ "type": "Feature", "properties": { }, "geometry": { "type": "MultiPolygon", "coordinates": [ [ [ [ 7.016563, 49.609853 ], [ 7.016563, 49.610348 ], [ 7.016778, 49.610348 ], [ 7.016778, 49.610808 ], [ 7.017328, 49.610808 ], [ 7.017328, 49.609853 ], [ 7.016563, 49.609853 ] ] ] ] } },
{ "type": "Feature", "properties": { }, "geometry": { "type": "MultiPolygon", "coordinates": [ [ [ [ 6.972828, 49.632978 ], [ 6.972343, 49.632978 ], [ 6.972343, 49.632758 ], [ 6.972063, 49.632758 ], [ 6.972063, 49.633123 ], [ 6.972303, 49.633123 ], [ 6.972303, 49.633593 ], [ 6.972828, 49.633593 ], [ 6.972828, 49.632978 ] ] ] ] } },
{ "type": "Feature", "properties": { }, "geometry": { "type": "MultiPolygon", "coordinates": [ [ [ [ 6.963898, 49.636693 ], [ 6.963898, 49.636278 ], [ 6.963183, 49.636278 ], [ 6.963183, 49.636693 ], [ 6.963898, 49.636693 ] ] ] ] } },
{ "type": "Feature", "properties": { }, "geometry": { "type": "MultiPolygon", "coordinates": [ [ [ [ 6.938723, 49.626228 ], [ 6.938723, 49.626958 ], [ 6.939678, 49.626958 ], [ 6.939678, 49.626228 ], [ 6.938723, 49.626228 ] ] ] ] } },
{ "type": "Feature", "properties": { }, "geometry": { "type": "MultiPolygon", "coordinates": [ [ [ [ 6.940748, 49.658878 ], [ 6.941238, 49.658888 ], [ 6.941248, 49.657953 ], [ 6.940708, 49.657943 ], [ 6.940688, 49.658398 ], [ 6.940753, 49.658403 ], [ 6.940748, 49.658878 ] ] ] ] } },
{ "type": "Feature", "properties": { }, "geometry": { "type": "MultiPolygon", "coordinates": [ [ [ [ 6.946233, 49.651918 ], [ 6.946233, 49.651343 ], [ 6.945753, 49.651343 ], [ 6.945753, 49.651553 ], [ 6.945498, 49.651553 ], [ 6.945498, 49.651918 ], [ 6.946233, 49.651918 ] ] ] ] } },
{ "type": "Feature", "properties": { }, "geometry": { "type": "MultiPolygon", "coordinates": [ [ [ [ 6.955688, 49.579078 ], [ 6.955688, 49.578443 ], [ 6.955393, 49.578443 ], [ 6.955393, 49.579078 ], [ 6.955688, 49.579078 ] ] ] ] } },
{ "type": "Feature", "properties": { }, "geometry": { "type": "MultiPolygon", "coordinates": [ [ [ [ 6.949888, 49.551758 ], [ 6.950373, 49.551758 ], [ 6.950378, 49.551183 ], [ 6.949893, 49.551178 ], [ 6.949888, 49.551758 ] ] ] ] } },
{ "type": "Feature", "properties": { }, "geometry": { "type": "MultiPolygon", "coordinates": [ [ [ [ 6.980473, 49.566078 ], [ 6.979803, 49.566078 ], [ 6.979803, 49.567113 ], [ 6.980473, 49.567113 ], [ 6.980473, 49.566078 ] ] ] ] } },
{ "type": "Feature", "properties": { }, "geometry": { "type": "MultiPolygon", "coordinates": [ [ [ [ 6.982808, 49.555098 ], [ 6.982813, 49.554613 ], [ 6.982678, 49.554613 ], [ 6.982683, 49.554093 ], [ 6.981643, 49.554088 ], [ 6.981638, 49.554568 ], [ 6.981943, 49.554568 ], [ 6.981938, 49.555093 ], [ 6.982808, 49.555098 ] ] ] ] } },
{ "type": "Feature", "properties": { }, "geometry": { "type": "MultiPolygon", "coordinates": [ [ [ [ 6.986308, 49.537363 ], [ 6.985743, 49.537363 ], [ 6.985743, 49.537728 ], [ 6.986308, 49.537728 ], [ 6.986308, 49.537363 ] ] ] ] } },
{ "type": "Feature", "properties": { }, "geometry": { "type": "MultiPolygon", "coordinates": [ [ [ [ 6.942333, 49.536513 ], [ 6.941808, 49.536513 ], [ 6.941808, 49.536998 ], [ 6.942063, 49.536998 ], [ 6.942063, 49.537253 ], [ 6.942343, 49.537253 ], [ 6.942343, 49.536998 ], [ 6.942613, 49.536998 ], [ 6.942613, 49.536748 ], [ 6.942333, 49.536748 ], [ 6.942333, 49.536513 ] ] ] ] } },
{ "type": "Feature", "properties": { }, "geometry": { "type": "MultiPolygon", "coordinates": [ [ [ [ 6.964418, 49.529343 ], [ 6.964418, 49.528673 ], [ 6.963468, 49.528673 ], [ 6.963468, 49.529168 ], [ 6.963723, 49.529168 ], [ 6.963723, 49.529343 ], [ 6.964418, 49.529343 ] ] ] ] } },
{ "type": "Feature", "properties": { }, "geometry": { "type": "MultiPolygon", "coordinates": [ [ [ [ 6.790678, 49.541228 ], [ 6.789768, 49.541228 ], [ 6.789768, 49.541713 ], [ 6.790023, 49.541713 ], [ 6.790023, 49.541853 ], [ 6.790678, 49.541853 ], [ 6.790678, 49.541228 ] ] ] ] } },
{ "type": "Feature", "properties": { }, "geometry": { "type": "MultiPolygon", "coordinates": [ [ [ [ 6.805983, 49.531173 ], [ 6.805983, 49.530583 ], [ 6.805188, 49.530583 ], [ 6.805188, 49.531173 ], [ 6.805983, 49.531173 ] ] ] ] } },
{ "type": "Feature", "properties": { }, "geometry": { "type": "MultiPolygon", "coordinates": [ [ [ [ 6.808568, 49.518393 ], [ 6.808568, 49.517873 ], [ 6.808183, 49.517873 ], [ 6.808183, 49.518393 ], [ 6.808568, 49.518393 ] ] ] ] } },
{ "type": "Feature", "properties": { }, "geometry": { "type": "MultiPolygon", "coordinates": [ [ [ [ 6.810758, 49.521988 ], [ 6.810758, 49.521318 ], [ 6.810208, 49.521318 ], [ 6.810208, 49.521988 ], [ 6.810758, 49.521988 ] ] ] ] } },
{ "type": "Feature", "properties": { }, "geometry": { "type": "MultiPolygon", "coordinates": [ [ [ [ 7.040153, 50.009283 ], [ 7.040153, 50.008918 ], [ 7.039763, 50.008918 ], [ 7.039763, 50.009283 ], [ 7.040153, 50.009283 ] ] ] ] } },
{ "type": "Feature", "properties": { }, "geometry": { "type": "MultiPolygon", "coordinates": [ [ [ [ 7.050263, 50.020273 ], [ 7.050263, 50.020793 ], [ 7.050748, 50.020793 ], [ 7.050748, 50.020273 ], [ 7.050263, 50.020273 ] ] ] ] } },
{ "type": "Feature", "properties": { }, "geometry": { "type": "MultiPolygon", "coordinates": [ [ [ [ 7.052773, 49.999898 ], [ 7.053363, 49.999898 ], [ 7.053363, 49.999308 ], [ 7.052773, 49.999308 ], [ 7.052773, 49.999898 ] ] ] ] } },
{ "type": "Feature", "properties": { }, "geometry": { "type": "MultiPolygon", "coordinates": [ [ [ [ 7.034253, 49.992018 ], [ 7.034253, 49.992808 ], [ 7.034868, 49.992808 ], [ 7.034868, 49.992018 ], [ 7.034253, 49.992018 ] ] ] ] } },
{ "type": "Feature", "properties": { }, "geometry": { "type": "MultiPolygon", "coordinates": [ [ [ [ 7.020853, 49.986313 ], [ 7.020868, 49.985733 ], [ 7.020253, 49.985723 ], [ 7.020258, 49.985473 ], [ 7.019858, 49.985468 ], [ 7.019828, 49.986538 ], [ 7.020578, 49.986553 ], [ 7.020588, 49.986308 ], [ 7.020853, 49.986313 ] ] ] ] } },
{ "type": "Feature", "properties": { }, "geometry": { "type": "MultiPolygon", "coordinates": [ [ [ [ 7.042933, 49.971718 ], [ 7.042678, 49.971723 ], [ 7.042673, 49.971548 ], [ 7.042363, 49.971558 ], [ 7.042358, 49.971488 ], [ 7.041598, 49.971508 ], [ 7.041623, 49.972168 ], [ 7.042358, 49.972143 ], [ 7.042383, 49.972783 ], [ 7.042973, 49.972763 ], [ 7.042933, 49.971718 ] ] ] ] } },
{ "type": "Feature", "properties": { }, "geometry": { "type": "MultiPolygon", "coordinates": [ [ [ [ 7.033968, 50.002078 ], [ 7.033968, 50.001393 ], [ 7.033433, 50.001393 ], [ 7.033433, 50.002078 ], [ 7.033968, 50.002078 ] ] ] ] } },
{ "type": "Feature", "properties": { }, "geometry": { "type": "MultiPolygon", "coordinates": [ [ [ [ 7.023038, 49.999003 ], [ 7.022353, 49.999003 ], [ 7.022353, 49.999723 ], [ 7.023038, 49.999723 ], [ 7.023038, 49.999003 ] ] ] ] } },
{ "type": "Feature", "properties": { }, "geometry": { "type": "MultiPolygon", "coordinates": [ [ [ [ 7.014343, 50.000188 ], [ 7.015278, 50.000203 ], [ 7.015288, 49.999698 ], [ 7.014358, 49.999693 ], [ 7.014343, 50.000188 ] ] ] ] } },
{ "type": "Feature", "properties": { }, "geometry": { "type": "MultiPolygon", "coordinates": [ [ [ [ 6.981838, 50.001618 ], [ 6.982473, 50.001618 ], [ 6.982473, 50.001133 ], [ 6.981838, 50.001133 ], [ 6.981838, 50.001618 ] ] ] ] } },
{ "type": "Feature", "properties": { }, "geometry": { "type": "MultiPolygon", "coordinates": [ [ [ [ 6.998738, 50.014833 ], [ 6.998108, 50.014833 ], [ 6.998108, 50.015633 ], [ 6.998738, 50.015633 ], [ 6.998738, 50.014833 ] ] ] ] } },
{ "type": "Feature", "properties": { }, "geometry": { "type": "MultiPolygon", "coordinates": [ [ [ [ 6.810983, 50.175123 ], [ 6.810983, 50.174888 ], [ 6.810503, 50.174888 ], [ 6.810503, 50.175123 ], [ 6.810983, 50.175123 ] ] ] ] } },
{ "type": "Feature", "properties": { }, "geometry": { "type": "MultiPolygon", "coordinates": [ [ [ [ 6.797373, 50.168323 ], [ 6.796733, 50.170348 ], [ 6.797583, 50.170553 ], [ 6.798218, 50.168528 ], [ 6.797373, 50.168323 ] ] ] ] } },
{ "type": "Feature", "properties": { }, "geometry": { "type": "MultiPolygon", "coordinates": [ [ [ [ 6.834683, 50.138998 ], [ 6.831248, 50.138993 ], [ 6.831248, 50.140163 ], [ 6.834678, 50.140168 ], [ 6.834683, 50.138998 ] ] ] ] } },
{ "type": "Feature", "properties": { }, "geometry": { "type": "MultiPolygon", "coordinates": [ [ [ [ 6.871963, 50.174728 ], [ 6.871268, 50.174728 ], [ 6.871268, 50.175418 ], [ 6.871963, 50.175418 ], [ 6.871963, 50.174728 ] ] ] ] } },
{ "type": "Feature", "properties": { }, "geometry": { "type": "MultiPolygon", "coordinates": [ [ [ [ 6.912363, 50.169758 ], [ 6.912348, 50.168913 ], [ 6.912013, 50.168918 ], [ 6.912018, 50.169128 ], [ 6.911763, 50.169133 ], [ 6.911773, 50.169768 ], [ 6.912363, 50.169758 ] ] ] ] } },
{ "type": "Feature", "properties": { }, "geometry": { "type": "MultiPolygon", "coordinates": [ [ [ [ 6.895018, 50.033423 ], [ 6.895018, 50.034308 ], [ 6.896363, 50.034308 ], [ 6.896358, 50.033118 ], [ 6.895933, 50.033118 ], [ 6.895933, 50.033423 ], [ 6.895018, 50.033423 ] ] ] ] } },
{ "type": "Feature", "properties": { }, "geometry": { "type": "MultiPolygon", "coordinates": [ [ [ [ 6.900853, 50.032723 ], [ 6.900853, 50.033428 ], [ 6.902098, 50.033428 ], [ 6.902098, 50.032723 ], [ 6.900853, 50.032723 ] ] ] ] } },
{ "type": "Feature", "properties": { }, "geometry": { "type": "MultiPolygon", "coordinates": [ [ [ [ 6.900803, 50.031968 ], [ 6.900798, 50.032463 ], [ 6.901848, 50.032468 ], [ 6.901848, 50.031988 ], [ 6.902383, 50.031988 ], [ 6.902393, 50.030723 ], [ 6.901548, 50.030718 ], [ 6.901538, 50.031973 ], [ 6.900803, 50.031968 ] ] ] ] } },
{ "type": "Feature", "properties": { }, "geometry": { "type": "MultiPolygon", "coordinates": [ [ [ [ 6.912358, 50.024513 ], [ 6.911963, 50.025608 ], [ 6.912913, 50.025873 ], [ 6.913308, 50.024773 ], [ 6.912358, 50.024513 ] ] ] ] } },
{ "type": "Feature", "properties": { }, "geometry": { "type": "MultiPolygon", "coordinates": [ [ [ [ 6.920873, 50.022863 ], [ 6.920873, 50.023618 ], [ 6.921463, 50.023618 ], [ 6.921463, 50.022863 ], [ 6.920873, 50.022863 ] ] ] ] } },
{ "type": "Feature", "properties": { }, "geometry": { "type": "MultiPolygon", "coordinates": [ [ [ [ 6.921623, 50.016823 ], [ 6.921623, 50.017013 ], [ 6.921423, 50.017013 ], [ 6.921423, 50.017458 ], [ 6.922173, 50.017458 ], [ 6.922173, 50.016823 ], [ 6.921623, 50.016823 ] ] ] ] } },
{ "type": "Feature", "properties": { }, "geometry": { "type": "MultiPolygon", "coordinates": [ [ [ [ 6.920353, 50.019978 ], [ 6.920728, 50.019978 ], [ 6.920728, 50.019663 ], [ 6.920353, 50.019663 ], [ 6.920353, 50.019978 ] ] ] ] } },
{ "type": "Feature", "properties": { }, "geometry": { "type": "MultiPolygon", "coordinates": [ [ [ [ 6.925823, 49.990323 ], [ 6.925823, 49.989828 ], [ 6.925043, 49.989828 ], [ 6.925043, 49.990108 ], [ 6.924748, 49.990108 ], [ 6.924748, 49.990323 ], [ 6.925823, 49.990323 ] ] ] ] } },
{ "type": "Feature", "properties": { }, "geometry": { "type": "MultiPolygon", "coordinates": [ [ [ [ 6.929123, 49.984188 ], [ 6.929123, 49.984658 ], [ 6.930128, 49.984658 ], [ 6.930128, 49.984188 ], [ 6.929123, 49.984188 ] ] ] ] } },
{ "type": "Feature", "properties": { }, "geometry": { "type": "MultiPolygon", "coordinates": [ [ [ [ 6.937013, 49.984098 ], [ 6.937008, 49.984773 ], [ 6.937148, 49.984768 ], [ 6.937143, 49.984863 ], [ 6.937458, 49.984863 ], [ 6.937463, 49.984733 ], [ 6.937623, 49.984733 ], [ 6.937598, 49.984103 ], [ 6.937013, 49.984098 ] ] ] ] } },
{ "type": "Feature", "properties": { }, "geometry": { "type": "MultiPolygon", "coordinates": [ [ [ [ 6.739018, 50.110293 ], [ 6.739018, 50.110763 ], [ 6.739838, 50.110763 ], [ 6.739838, 50.110293 ], [ 6.739018, 50.110293 ] ] ] ] } },
{ "type": "Feature", "properties": { }, "geometry": { "type": "MultiPolygon", "coordinates": [ [ [ [ 6.729473, 50.117583 ], [ 6.729473, 50.116828 ], [ 6.728478, 50.116828 ], [ 6.728478, 50.117583 ], [ 6.729473, 50.117583 ] ] ] ] } },
{ "type": "Feature", "properties": { }, "geometry": { "type": "MultiPolygon", "coordinates": [ [ [ [ 6.730773, 50.120858 ], [ 6.731223, 50.121248 ], [ 6.732108, 50.120473 ], [ 6.731658, 50.120078 ], [ 6.730773, 50.120858 ] ] ] ] } },
{ "type": "Feature", "properties": { }, "geometry": { "type": "MultiPolygon", "coordinates": [ [ [ [ 6.717028, 50.096173 ], [ 6.717028, 50.096823 ], [ 6.717828, 50.096823 ], [ 6.717828, 50.096398 ], [ 6.717508, 50.096398 ], [ 6.717508, 50.096173 ], [ 6.717028, 50.096173 ] ] ] ] } },
{ "type": "Feature", "properties": { }, "geometry": { "type": "MultiPolygon", "coordinates": [ [ [ [ 6.717683, 50.093228 ], [ 6.717683, 50.093513 ], [ 6.718273, 50.093513 ], [ 6.718273, 50.093278 ], [ 6.718553, 50.093278 ], [ 6.718553, 50.092793 ], [ 6.717858, 50.092793 ], [ 6.717858, 50.093228 ], [ 6.717683, 50.093228 ] ] ] ] } },
{ "type": "Feature", "properties": { }, "geometry": { "type": "MultiPolygon", "coordinates": [ [ [ [ 6.715913, 50.123163 ], [ 6.715133, 50.123163 ], [ 6.715133, 50.123633 ], [ 6.715913, 50.123633 ], [ 6.715913, 50.123163 ] ] ] ] } },
{ "type": "Feature", "properties": { }, "geometry": { "type": "MultiPolygon", "coordinates": [ [ [ [ 6.706498, 50.125378 ], [ 6.706888, 50.125378 ], [ 6.706888, 50.125153 ], [ 6.707193, 50.125153 ], [ 6.707193, 50.124798 ], [ 6.706498, 50.124798 ], [ 6.706498, 50.125378 ] ] ] ] } },
{ "type": "Feature", "properties": { }, "geometry": { "type": "MultiPolygon", "coordinates": [ [ [ [ 6.699818, 50.128168 ], [ 6.699818, 50.127908 ], [ 6.700088, 50.127908 ], [ 6.700088, 50.127508 ], [ 6.699383, 50.127508 ], [ 6.699383, 50.128168 ], [ 6.699818, 50.128168 ] ] ] ] } },
{ "type": "Feature", "properties": { }, "geometry": { "type": "MultiPolygon", "coordinates": [ [ [ [ 6.692068, 50.086403 ], [ 6.692623, 50.086408 ], [ 6.692628, 50.086008 ], [ 6.692868, 50.086013 ], [ 6.692873, 50.085608 ], [ 6.692078, 50.085598 ], [ 6.692068, 50.086403 ] ] ] ] } },
{ "type": "Feature", "properties": { }, "geometry": { "type": "MultiPolygon", "coordinates": [ [ [ [ 6.692198, 50.075758 ], [ 6.691988, 50.075183 ], [ 6.691528, 50.075313 ], [ 6.691738, 50.075888 ], [ 6.692198, 50.075758 ] ] ] ] } },
{ "type": "Feature", "properties": { }, "geometry": { "type": "MultiPolygon", "coordinates": [ [ [ [ 6.687838, 50.076233 ], [ 6.687423, 50.076598 ], [ 6.688053, 50.077148 ], [ 6.688468, 50.076783 ], [ 6.687838, 50.076233 ] ] ] ] } },
{ "type": "Feature", "properties": { }, "geometry": { "type": "MultiPolygon", "coordinates": [ [ [ [ 6.670518, 50.041393 ], [ 6.669108, 50.041353 ], [ 6.669088, 50.042178 ], [ 6.669368, 50.042183 ], [ 6.671613, 50.042223 ], [ 6.671673, 50.041418 ], [ 6.670518, 50.041393 ] ] ] ] } },
{ "type": "Feature", "properties": { }, "geometry": { "type": "MultiPolygon", "coordinates": [ [ [ [ 6.665318, 50.084968 ], [ 6.666193, 50.085388 ], [ 6.666463, 50.084953 ], [ 6.665588, 50.084533 ], [ 6.665318, 50.084968 ] ] ] ] } },
{ "type": "Feature", "properties": { }, "geometry": { "type": "MultiPolygon", "coordinates": [ [ [ [ 7.005913, 50.025833 ], [ 7.005913, 50.026338 ], [ 7.006478, 50.026338 ], [ 7.006478, 50.025833 ], [ 7.005913, 50.025833 ] ] ] ] } },
{ "type": "Feature", "properties": { }, "geometry": { "type": "MultiPolygon", "coordinates": [ [ [ [ 7.001783, 50.009958 ], [ 7.001783, 50.010523 ], [ 7.002398, 50.010523 ], [ 7.002398, 50.009958 ], [ 7.001783, 50.009958 ] ] ] ] } },
{ "type": "Feature", "properties": { }, "geometry": { "type": "MultiPolygon", "coordinates": [ [ [ [ 7.041078, 50.044943 ], [ 7.041733, 50.044953 ], [ 7.041733, 50.044288 ], [ 7.041098, 50.044293 ], [ 7.041078, 50.044943 ] ] ] ] } },
{ "type": "Feature", "properties": { }, "geometry": { "type": "MultiPolygon", "coordinates": [ [ [ [ 6.983583, 49.973233 ], [ 6.983583, 49.973798 ], [ 6.984253, 49.973798 ], [ 6.984253, 49.973233 ], [ 6.983583, 49.973233 ] ] ] ] } },
{ "type": "Feature", "properties": { }, "geometry": { "type": "MultiPolygon", "coordinates": [ [ [ [ 6.964578, 50.020813 ], [ 6.964053, 50.020823 ], [ 6.964058, 50.020948 ], [ 6.963538, 50.020958 ], [ 6.963558, 50.021603 ], [ 6.964308, 50.021583 ], [ 6.964298, 50.021293 ], [ 6.964593, 50.021288 ], [ 6.964578, 50.020813 ] ] ] ] } },
{ "type": "Feature", "properties": { }, "geometry": { "type": "MultiPolygon", "coordinates": [ [ [ [ 6.963818, 50.002973 ], [ 6.964418, 50.002973 ], [ 6.964418, 50.002503 ], [ 6.963818, 50.002503 ], [ 6.963818, 50.002973 ] ] ] ] } },
{ "type": "Feature", "properties": { }, "geometry": { "type": "MultiPolygon", "coordinates": [ [ [ [ 6.979723, 49.994528 ], [ 6.979723, 49.995328 ], [ 6.980283, 49.995328 ], [ 6.980283, 49.994303 ], [ 6.980018, 49.994303 ], [ 6.980018, 49.994528 ], [ 6.979723, 49.994528 ] ] ] ] } },
{ "type": "Feature", "properties": { }, "geometry": { "type": "MultiPolygon", "coordinates": [ [ [ [ 6.950823, 49.988303 ], [ 6.950278, 49.988303 ], [ 6.950278, 49.988758 ], [ 6.949988, 49.988758 ], [ 6.949988, 49.989213 ], [ 6.950818, 49.989213 ], [ 6.950823, 49.988303 ] ] ] ] } },
{ "type": "Feature", "properties": { }, "geometry": { "type": "MultiPolygon", "coordinates": [ [ [ [ 6.998083, 49.967128 ], [ 6.998083, 49.966343 ], [ 6.997303, 49.966343 ], [ 6.997303, 49.966553 ], [ 6.997033, 49.966553 ], [ 6.997033, 49.967368 ], [ 6.997543, 49.967368 ], [ 6.997543, 49.967128 ], [ 6.998083, 49.967128 ] ] ] ] } },
{ "type": "Feature", "properties": { }, "geometry": { "type": "MultiPolygon", "coordinates": [ [ [ [ 6.980083, 49.963963 ], [ 6.979428, 49.963963 ], [ 6.979428, 49.964623 ], [ 6.980083, 49.964623 ], [ 6.980083, 49.963963 ] ] ] ] } },
{ "type": "Feature", "properties": { }, "geometry": { "type": "MultiPolygon", "coordinates": [ [ [ [ 6.984618, 49.964128 ], [ 6.984013, 49.964128 ], [ 6.984013, 49.965083 ], [ 6.984618, 49.965083 ], [ 6.984618, 49.964128 ] ] ] ] } },
{ "type": "Feature", "properties": { }, "geometry": { "type": "MultiPolygon", "coordinates": [ [ [ [ 6.968683, 49.963573 ], [ 6.968683, 49.964078 ], [ 6.969718, 49.964078 ], [ 6.969718, 49.963573 ], [ 6.968683, 49.963573 ] ] ] ] } },
{ "type": "Feature", "properties": { }, "geometry": { "type": "MultiPolygon", "coordinates": [ [ [ [ 6.963968, 49.958718 ], [ 6.964703, 49.959038 ], [ 6.964988, 49.958558 ], [ 6.965223, 49.958683 ], [ 6.965378, 49.958468 ], [ 6.964448, 49.957948 ], [ 6.963968, 49.958718 ] ] ] ] } },
{ "type": "Feature", "properties": { }, "geometry": { "type": "MultiPolygon", "coordinates": [ [ [ [ 6.954618, 49.968308 ], [ 6.953783, 49.968308 ], [ 6.953783, 49.968638 ], [ 6.954068, 49.968638 ], [ 6.954068, 49.969108 ], [ 6.954363, 49.969108 ], [ 6.954363, 49.968883 ], [ 6.954618, 49.968883 ], [ 6.954618, 49.968308 ] ] ] ] } },
{ "type": "Feature", "properties": { }, "geometry": { "type": "MultiPolygon", "coordinates": [ [ [ [ 6.975443, 49.930603 ], [ 6.976168, 49.930603 ], [ 6.976168, 49.929863 ], [ 6.975443, 49.929863 ], [ 6.975443, 49.930603 ] ] ] ] } },
{ "type": "Feature", "properties": { }, "geometry": { "type": "MultiPolygon", "coordinates": [ [ [ [ 6.979748, 49.933063 ], [ 6.979763, 49.931878 ], [ 6.979173, 49.931873 ], [ 6.979158, 49.933058 ], [ 6.979748, 49.933063 ] ] ] ] } },
{ "type": "Feature", "properties": { }, "geometry": { "type": "MultiPolygon", "coordinates": [ [ [ [ 7.099403, 49.569013 ], [ 7.099713, 49.569308 ], [ 7.099943, 49.569053 ], [ 7.100298, 49.569478 ], [ 7.101088, 49.568923 ], [ 7.100233, 49.568228 ], [ 7.099403, 49.569013 ] ] ] ] } },
{ "type": "Feature", "properties": { }, "geometry": { "type": "MultiPolygon", "coordinates": [ [ [ [ 7.068523, 49.604838 ], [ 7.069433, 49.605028 ], [ 7.069603, 49.604103 ], [ 7.068743, 49.603958 ], [ 7.068523, 49.604838 ] ] ] ] } },
{ "type": "Feature", "properties": { }, "geometry": { "type": "MultiPolygon", "coordinates": [ [ [ [ 7.069883, 49.605463 ], [ 7.068458, 49.605193 ], [ 7.068253, 49.606013 ], [ 7.069613, 49.606293 ], [ 7.069883, 49.605463 ] ] ] ] } },
{ "type": "Feature", "properties": { }, "geometry": { "type": "MultiPolygon", "coordinates": [ [ [ [ 6.960248, 49.859848 ], [ 6.960248, 49.859083 ], [ 6.959733, 49.859083 ], [ 6.959733, 49.860228 ], [ 6.960113, 49.860228 ], [ 6.960113, 49.859848 ], [ 6.960248, 49.859848 ] ] ] ] } },
{ "type": "Feature", "properties": { }, "geometry": { "type": "MultiPolygon", "coordinates": [ [ [ [ 7.102323, 49.980498 ], [ 7.103038, 49.980498 ], [ 7.103038, 49.980133 ], [ 7.102323, 49.980133 ], [ 7.102323, 49.980498 ] ] ] ] } },
{ "type": "Feature", "properties": { }, "geometry": { "type": "MultiPolygon", "coordinates": [ [ [ [ 7.127938, 49.972888 ], [ 7.127513, 49.972888 ], [ 7.127513, 49.973738 ], [ 7.127938, 49.973738 ], [ 7.127938, 49.972888 ] ] ] ] } },
{ "type": "Feature", "properties": { }, "geometry": { "type": "MultiPolygon", "coordinates": [ [ [ [ 7.136378, 49.977203 ], [ 7.136378, 49.977413 ], [ 7.136108, 49.977413 ], [ 7.136108, 49.978063 ], [ 7.136993, 49.978063 ], [ 7.136993, 49.977613 ], [ 7.137288, 49.977613 ], [ 7.137288, 49.977203 ], [ 7.136378, 49.977203 ] ] ] ] } },
{ "type": "Feature", "properties": { }, "geometry": { "type": "MultiPolygon", "coordinates": [ [ [ [ 7.129753, 49.971783 ], [ 7.130193, 49.971783 ], [ 7.130193, 49.971168 ], [ 7.129753, 49.971168 ], [ 7.129753, 49.971783 ] ] ] ] } },
{ "type": "Feature", "properties": { }, "geometry": { "type": "MultiPolygon", "coordinates": [ [ [ [ 7.134028, 49.975258 ], [ 7.134563, 49.975258 ], [ 7.134563, 49.974633 ], [ 7.134028, 49.974633 ], [ 7.134028, 49.975258 ] ] ] ] } },
{ "type": "Feature", "properties": { }, "geometry": { "type": "MultiPolygon", "coordinates": [ [ [ [ 7.140253, 49.970368 ], [ 7.140253, 49.970793 ], [ 7.141163, 49.970793 ], [ 7.141163, 49.970368 ], [ 7.140253, 49.970368 ] ] ] ] } },
{ "type": "Feature", "properties": { }, "geometry": { "type": "MultiPolygon", "coordinates": [ [ [ [ 7.110213, 49.960558 ], [ 7.110213, 49.961018 ], [ 7.110893, 49.961018 ], [ 7.110893, 49.960558 ], [ 7.110213, 49.960558 ] ] ] ] } },
{ "type": "Feature", "properties": { }, "geometry": { "type": "MultiPolygon", "coordinates": [ [ [ [ 7.095738, 49.967423 ], [ 7.095363, 49.967423 ], [ 7.095363, 49.967863 ], [ 7.095738, 49.967863 ], [ 7.095738, 49.967423 ] ] ] ] } },
{ "type": "Feature", "properties": { }, "geometry": { "type": "MultiPolygon", "coordinates": [ [ [ [ 7.093788, 49.981823 ], [ 7.094748, 49.981818 ], [ 7.094733, 49.981323 ], [ 7.093788, 49.981333 ], [ 7.093788, 49.981823 ] ] ] ] } },
{ "type": "Feature", "properties": { }, "geometry": { "type": "MultiPolygon", "coordinates": [ [ [ [ 7.093838, 49.981228 ], [ 7.094763, 49.981238 ], [ 7.094768, 49.980958 ], [ 7.094708, 49.980963 ], [ 7.094708, 49.980743 ], [ 7.093843, 49.980758 ], [ 7.093838, 49.981228 ] ] ] ] } },
{ "type": "Feature", "properties": { }, "geometry": { "type": "MultiPolygon", "coordinates": [ [ [ [ 7.091913, 49.984778 ], [ 7.091803, 49.985423 ], [ 7.092388, 49.985498 ], [ 7.092498, 49.984853 ], [ 7.091913, 49.984778 ] ] ] ] } },
{ "type": "Feature", "properties": { }, "geometry": { "type": "MultiPolygon", "coordinates": [ [ [ [ 7.152618, 49.969508 ], [ 7.151758, 49.969508 ], [ 7.151758, 49.970053 ], [ 7.152618, 49.970053 ], [ 7.152618, 49.969508 ] ] ] ] } },
{ "type": "Feature", "properties": { }, "geometry": { "type": "MultiPolygon", "coordinates": [ [ [ [ 7.131213, 49.964028 ], [ 7.131213, 49.963843 ], [ 7.131923, 49.963838 ], [ 7.131923, 49.963453 ], [ 7.130683, 49.963453 ], [ 7.130683, 49.964028 ], [ 7.131213, 49.964028 ] ] ] ] } },
{ "type": "Feature", "properties": { }, "geometry": { "type": "MultiPolygon", "coordinates": [ [ [ [ 7.146463, 49.962618 ], [ 7.146463, 49.963303 ], [ 7.147023, 49.963303 ], [ 7.147023, 49.963043 ], [ 7.147628, 49.963043 ], [ 7.147628, 49.962618 ], [ 7.146463, 49.962618 ] ] ] ] } },
{ "type": "Feature", "properties": { }, "geometry": { "type": "MultiPolygon", "coordinates": [ [ [ [ 7.313038, 49.584878 ], [ 7.312868, 49.585663 ], [ 7.313578, 49.585783 ], [ 7.313748, 49.584998 ], [ 7.313038, 49.584878 ] ] ] ] } },
{ "type": "Feature", "properties": { }, "geometry": { "type": "MultiPolygon", "coordinates": [ [ [ [ 7.292148, 49.570903 ], [ 7.291338, 49.570913 ], [ 7.291353, 49.571898 ], [ 7.292163, 49.571888 ], [ 7.292148, 49.570903 ] ] ] ] } },
{ "type": "Feature", "properties": { }, "geometry": { "type": "MultiPolygon", "coordinates": [ [ [ [ 7.257693, 49.543708 ], [ 7.257683, 49.542753 ], [ 7.256833, 49.542763 ], [ 7.256838, 49.543013 ], [ 7.256593, 49.543013 ], [ 7.256603, 49.543723 ], [ 7.257693, 49.543708 ] ] ] ] } },
{ "type": "Feature", "properties": { }, "geometry": { "type": "MultiPolygon", "coordinates": [ [ [ [ 7.208043, 49.568348 ], [ 7.208273, 49.568393 ], [ 7.208153, 49.568873 ], [ 7.208778, 49.568993 ], [ 7.208958, 49.568288 ], [ 7.209238, 49.568343 ], [ 7.209358, 49.567873 ], [ 7.208813, 49.567763 ], [ 7.208758, 49.567973 ], [ 7.208168, 49.567858 ], [ 7.208043, 49.568348 ] ] ] ] } },
{ "type": "Feature", "properties": { }, "geometry": { "type": "MultiPolygon", "coordinates": [ [ [ [ 7.249553, 49.573333 ], [ 7.250093, 49.573513 ], [ 7.250533, 49.572493 ], [ 7.250123, 49.572353 ], [ 7.250043, 49.572538 ], [ 7.249463, 49.572348 ], [ 7.249203, 49.572943 ], [ 7.249653, 49.573093 ], [ 7.249553, 49.573333 ] ] ] ] } },
{ "type": "Feature", "properties": { }, "geometry": { "type": "MultiPolygon", "coordinates": [ [ [ [ 7.250828, 49.558428 ], [ 7.250828, 49.557533 ], [ 7.250248, 49.557533 ], [ 7.250248, 49.557753 ], [ 7.250088, 49.557753 ], [ 7.250088, 49.558428 ], [ 7.250828, 49.558428 ] ] ] ] } },
{ "type": "Feature", "properties": { }, "geometry": { "type": "MultiPolygon", "coordinates": [ [ [ [ 7.268338, 49.578963 ], [ 7.268338, 49.579903 ], [ 7.268838, 49.579903 ], [ 7.268838, 49.579658 ], [ 7.269438, 49.579658 ], [ 7.269438, 49.578963 ], [ 7.268338, 49.578963 ] ] ] ] } },
{ "type": "Feature", "properties": { }, "geometry": { "type": "MultiPolygon", "coordinates": [ [ [ [ 7.265873, 49.583043 ], [ 7.265858, 49.583533 ], [ 7.266138, 49.583538 ], [ 7.266123, 49.584023 ], [ 7.266798, 49.584038 ], [ 7.266833, 49.583068 ], [ 7.265873, 49.583043 ] ] ] ] } },
{ "type": "Feature", "properties": { }, "geometry": { "type": "MultiPolygon", "coordinates": [ [ [ [ 7.272588, 49.600958 ], [ 7.272588, 49.601218 ], [ 7.271903, 49.601213 ], [ 7.271898, 49.601753 ], [ 7.273133, 49.601758 ], [ 7.273138, 49.600958 ], [ 7.272588, 49.600958 ] ] ] ] } },
{ "type": "Feature", "properties": { }, "geometry": { "type": "MultiPolygon", "coordinates": [ [ [ [ 7.275323, 49.635723 ], [ 7.274788, 49.635728 ], [ 7.274788, 49.635918 ], [ 7.274553, 49.635918 ], [ 7.274553, 49.635743 ], [ 7.274218, 49.635743 ], [ 7.274223, 49.636628 ], [ 7.275333, 49.636618 ], [ 7.275323, 49.635723 ] ] ] ] } },
{ "type": "Feature", "properties": { }, "geometry": { "type": "MultiPolygon", "coordinates": [ [ [ [ 7.226853, 49.649748 ], [ 7.226848, 49.650238 ], [ 7.227813, 49.650243 ], [ 7.227818, 49.649753 ], [ 7.226853, 49.649748 ] ] ] ] } },
{ "type": "Feature", "properties": { }, "geometry": { "type": "MultiPolygon", "coordinates": [ [ [ [ 7.222383, 49.656233 ], [ 7.222383, 49.655493 ], [ 7.221913, 49.655493 ], [ 7.221913, 49.655748 ], [ 7.221658, 49.655748 ], [ 7.221658, 49.656233 ], [ 7.222383, 49.656233 ] ] ] ] } },
{ "type": "Feature", "properties": { }, "geometry": { "type": "MultiPolygon", "coordinates": [ [ [ [ 7.221378, 49.650333 ], [ 7.221383, 49.650118 ], [ 7.221648, 49.650123 ], [ 7.221653, 49.649803 ], [ 7.220808, 49.649793 ], [ 7.220803, 49.650323 ], [ 7.221378, 49.650333 ] ] ] ] } },
{ "type": "Feature", "properties": { }, "geometry": { "type": "MultiPolygon", "coordinates": [ [ [ [ 7.214708, 49.642218 ], [ 7.213743, 49.642218 ], [ 7.213743, 49.642738 ], [ 7.214708, 49.642738 ], [ 7.214708, 49.642218 ] ] ] ] } },
{ "type": "Feature", "properties": { }, "geometry": { "type": "MultiPolygon", "coordinates": [ [ [ [ 7.217618, 49.635468 ], [ 7.217618, 49.636223 ], [ 7.218158, 49.636223 ], [ 7.218158, 49.636008 ], [ 7.218423, 49.636008 ], [ 7.218423, 49.635468 ], [ 7.217618, 49.635468 ] ] ] ] } },
{ "type": "Feature", "properties": { }, "geometry": { "type": "MultiPolygon", "coordinates": [ [ [ [ 7.216438, 49.627403 ], [ 7.216778, 49.628008 ], [ 7.217283, 49.627788 ], [ 7.217168, 49.627578 ], [ 7.217748, 49.627323 ], [ 7.217523, 49.626928 ], [ 7.216438, 49.627403 ] ] ] ] } },
{ "type": "Feature", "properties": { }, "geometry": { "type": "MultiPolygon", "coordinates": [ [ [ [ 7.148618, 49.651248 ], [ 7.148618, 49.651873 ], [ 7.149078, 49.651873 ], [ 7.149078, 49.651248 ], [ 7.148618, 49.651248 ] ] ] ] } },
{ "type": "Feature", "properties": { }, "geometry": { "type": "MultiPolygon", "coordinates": [ [ [ [ 7.154898, 49.644423 ], [ 7.155608, 49.644423 ], [ 7.155608, 49.643858 ], [ 7.154898, 49.643858 ], [ 7.154898, 49.644423 ] ] ] ] } },
{ "type": "Feature", "properties": { }, "geometry": { "type": "MultiPolygon", "coordinates": [ [ [ [ 7.158008, 49.627428 ], [ 7.158948, 49.627428 ], [ 7.158948, 49.626743 ], [ 7.158678, 49.626743 ], [ 7.158678, 49.626483 ], [ 7.158008, 49.626483 ], [ 7.158008, 49.627428 ] ] ] ] } },
{ "type": "Feature", "properties": { }, "geometry": { "type": "MultiPolygon", "coordinates": [ [ [ [ 7.185613, 49.621238 ], [ 7.185598, 49.621943 ], [ 7.186408, 49.621953 ], [ 7.186408, 49.622133 ], [ 7.186903, 49.622138 ], [ 7.186918, 49.621243 ], [ 7.186673, 49.621238 ], [ 7.186673, 49.621008 ], [ 7.185873, 49.620998 ], [ 7.185868, 49.621238 ], [ 7.185613, 49.621238 ] ] ] ] } },
{ "type": "Feature", "properties": { }, "geometry": { "type": "MultiPolygon", "coordinates": [ [ [ [ 7.154733, 49.660088 ], [ 7.154133, 49.660088 ], [ 7.154133, 49.660758 ], [ 7.154388, 49.660758 ], [ 7.154388, 49.660948 ], [ 7.154733, 49.660948 ], [ 7.154733, 49.660088 ] ] ] ] } },
{ "type": "Feature", "properties": { }, "geometry": { "type": "MultiPolygon", "coordinates": [ [ [ [ 7.153273, 49.662528 ], [ 7.153273, 49.663138 ], [ 7.153823, 49.663138 ], [ 7.153823, 49.662528 ], [ 7.153273, 49.662528 ] ] ] ] } },
{ "type": "Feature", "properties": { }, "geometry": { "type": "MultiPolygon", "coordinates": [ [ [ [ 7.146133, 49.663268 ], [ 7.146758, 49.663263 ], [ 7.146763, 49.662778 ], [ 7.146598, 49.662798 ], [ 7.146593, 49.662253 ], [ 7.146343, 49.662263 ], [ 7.146333, 49.662383 ], [ 7.146138, 49.662378 ], [ 7.146133, 49.663268 ] ] ] ] } },
{ "type": "Feature", "properties": { }, "geometry": { "type": "MultiPolygon", "coordinates": [ [ [ [ 7.105533, 49.661828 ], [ 7.105518, 49.662703 ], [ 7.106633, 49.662723 ], [ 7.106638, 49.662548 ], [ 7.107008, 49.662553 ], [ 7.107018, 49.662103 ], [ 7.106053, 49.662083 ], [ 7.106058, 49.661838 ], [ 7.105533, 49.661828 ] ] ] ] } },
{ "type": "Feature", "properties": { }, "geometry": { "type": "MultiPolygon", "coordinates": [ [ [ [ 7.104338, 49.660238 ], [ 7.104333, 49.659553 ], [ 7.103888, 49.659553 ], [ 7.103888, 49.659308 ], [ 7.102948, 49.659313 ], [ 7.102958, 49.660248 ], [ 7.104338, 49.660238 ] ] ] ] } },
{ "type": "Feature", "properties": { }, "geometry": { "type": "MultiPolygon", "coordinates": [ [ [ [ 7.115473, 49.634083 ], [ 7.116163, 49.635103 ], [ 7.116628, 49.634858 ], [ 7.116458, 49.634608 ], [ 7.116633, 49.634513 ], [ 7.116258, 49.633953 ], [ 7.116048, 49.634063 ], [ 7.115908, 49.633853 ], [ 7.115473, 49.634083 ] ] ] ] } },
{ "type": "Feature", "properties": { }, "geometry": { "type": "MultiPolygon", "coordinates": [ [ [ [ 7.103008, 49.646288 ], [ 7.103008, 49.646663 ], [ 7.103438, 49.646663 ], [ 7.103438, 49.646288 ], [ 7.103008, 49.646288 ] ] ] ] } },
{ "type": "Feature", "properties": { }, "geometry": { "type": "MultiPolygon", "coordinates": [ [ [ [ 7.108808, 49.646613 ], [ 7.109023, 49.646613 ], [ 7.109023, 49.646858 ], [ 7.110138, 49.646853 ], [ 7.110133, 49.646178 ], [ 7.109553, 49.646183 ], [ 7.109553, 49.645973 ], [ 7.108803, 49.645978 ], [ 7.108808, 49.646613 ] ] ] ] } },
{ "type": "Feature", "properties": { }, "geometry": { "type": "MultiPolygon", "coordinates": [ [ [ [ 7.113298, 49.645138 ], [ 7.114423, 49.645153 ], [ 7.114448, 49.644193 ], [ 7.113328, 49.644183 ], [ 7.113298, 49.645138 ] ] ] ] } },
{ "type": "Feature", "properties": { }, "geometry": { "type": "MultiPolygon", "coordinates": [ [ [ [ 7.067588, 49.732823 ], [ 7.068168, 49.732823 ], [ 7.068168, 49.732043 ], [ 7.067588, 49.732043 ], [ 7.067588, 49.732823 ] ] ] ] } },
{ "type": "Feature", "properties": { }, "geometry": { "type": "MultiPolygon", "coordinates": [ [ [ [ 7.071913, 49.743308 ], [ 7.072403, 49.743308 ], [ 7.072388, 49.743168 ], [ 7.072988, 49.743153 ], [ 7.073008, 49.742643 ], [ 7.071918, 49.742633 ], [ 7.071913, 49.743308 ] ] ] ] } },
{ "type": "Feature", "properties": { }, "geometry": { "type": "MultiPolygon", "coordinates": [ [ [ [ 7.033143, 49.784308 ], [ 7.033153, 49.783798 ], [ 7.032658, 49.783793 ], [ 7.032648, 49.784303 ], [ 7.033143, 49.784308 ] ] ] ] } },
{ "type": "Feature", "properties": { }, "geometry": { "type": "MultiPolygon", "coordinates": [ [ [ [ 7.004118, 49.810393 ], [ 7.003473, 49.810393 ], [ 7.002978, 49.810393 ], [ 7.002483, 49.810393 ], [ 7.001848, 49.810393 ], [ 7.001848, 49.810568 ], [ 7.001848, 49.810923 ], [ 7.002293, 49.810923 ], [ 7.002718, 49.810923 ], [ 7.003218, 49.810923 ], [ 7.003653, 49.810923 ], [ 7.004118, 49.810923 ], [ 7.004118, 49.810393 ] ] ] ] } },
{ "type": "Feature", "properties": { }, "geometry": { "type": "MultiPolygon", "coordinates": [ [ [ [ 7.056498, 49.547438 ], [ 7.056498, 49.548113 ], [ 7.057558, 49.548113 ], [ 7.057558, 49.547663 ], [ 7.057293, 49.547663 ], [ 7.057293, 49.547203 ], [ 7.056753, 49.547203 ], [ 7.056753, 49.547438 ], [ 7.056498, 49.547438 ] ] ] ] } },
{ "type": "Feature", "properties": { }, "geometry": { "type": "MultiPolygon", "coordinates": [ [ [ [ 7.020713, 49.526663 ], [ 7.020898, 49.526498 ], [ 7.020438, 49.526093 ], [ 7.019973, 49.526498 ], [ 7.020638, 49.527083 ], [ 7.020913, 49.526838 ], [ 7.020713, 49.526663 ] ] ] ] } },
{ "type": "Feature", "properties": { }, "geometry": { "type": "MultiPolygon", "coordinates": [ [ [ [ 7.020008, 49.538903 ], [ 7.020008, 49.538658 ], [ 7.020773, 49.538658 ], [ 7.020773, 49.538258 ], [ 7.019658, 49.538258 ], [ 7.019658, 49.538903 ], [ 7.020008, 49.538903 ] ] ] ] } },
{ "type": "Feature", "properties": { }, "geometry": { "type": "MultiPolygon", "coordinates": [ [ [ [ 7.090458, 49.588908 ], [ 7.091783, 49.588908 ], [ 7.091783, 49.588178 ], [ 7.090618, 49.588178 ], [ 7.090618, 49.588428 ], [ 7.090458, 49.588428 ], [ 7.090458, 49.588908 ] ] ] ] } },
{ "type": "Feature", "properties": { }, "geometry": { "type": "MultiPolygon", "coordinates": [ [ [ [ 7.113878, 49.598903 ], [ 7.113568, 49.598448 ], [ 7.113838, 49.598308 ], [ 7.113608, 49.597968 ], [ 7.112768, 49.598403 ], [ 7.113308, 49.599203 ], [ 7.113878, 49.598903 ] ] ] ] } },
{ "type": "Feature", "properties": { }, "geometry": { "type": "MultiPolygon", "coordinates": [ [ [ [ 7.122483, 49.604678 ], [ 7.122483, 49.604843 ], [ 7.122188, 49.604843 ], [ 7.122183, 49.605658 ], [ 7.122728, 49.605658 ], [ 7.122728, 49.605873 ], [ 7.123078, 49.605873 ], [ 7.123083, 49.605413 ], [ 7.123323, 49.605418 ], [ 7.123328, 49.604838 ], [ 7.123088, 49.604838 ], [ 7.123088, 49.604683 ], [ 7.122483, 49.604678 ] ] ] ] } },
{ "type": "Feature", "properties": { }, "geometry": { "type": "MultiPolygon", "coordinates": [ [ [ [ 7.129538, 49.607283 ], [ 7.129538, 49.607708 ], [ 7.130688, 49.607708 ], [ 7.130688, 49.607098 ], [ 7.129793, 49.607098 ], [ 7.129793, 49.607283 ], [ 7.129538, 49.607283 ] ] ] ] } },
{ "type": "Feature", "properties": { }, "geometry": { "type": "MultiPolygon", "coordinates": [ [ [ [ 7.130983, 49.597148 ], [ 7.130983, 49.595498 ], [ 7.130488, 49.595498 ], [ 7.130488, 49.595683 ], [ 7.129658, 49.595683 ], [ 7.129658, 49.596693 ], [ 7.130513, 49.596693 ], [ 7.130513, 49.597148 ], [ 7.130983, 49.597148 ] ] ] ] } },
{ "type": "Feature", "properties": { }, "geometry": { "type": "MultiPolygon", "coordinates": [ [ [ [ 7.128138, 49.596188 ], [ 7.128443, 49.596183 ], [ 7.128448, 49.596898 ], [ 7.129403, 49.596878 ], [ 7.129383, 49.595938 ], [ 7.128883, 49.595948 ], [ 7.128873, 49.595563 ], [ 7.128488, 49.595568 ], [ 7.128493, 49.595793 ], [ 7.128138, 49.595793 ], [ 7.128138, 49.596188 ] ] ] ] } },
{ "type": "Feature", "properties": { }, "geometry": { "type": "MultiPolygon", "coordinates": [ [ [ [ 7.080898, 49.577158 ], [ 7.080823, 49.577668 ], [ 7.081378, 49.577728 ], [ 7.081443, 49.577293 ], [ 7.082003, 49.577358 ], [ 7.082073, 49.576858 ], [ 7.081413, 49.576783 ], [ 7.081353, 49.577208 ], [ 7.080898, 49.577158 ] ] ] ] } },
{ "type": "Feature", "properties": { }, "geometry": { "type": "MultiPolygon", "coordinates": [ [ [ [ 7.059303, 49.727898 ], [ 7.059303, 49.728828 ], [ 7.059948, 49.728828 ], [ 7.059948, 49.727898 ], [ 7.059303, 49.727898 ] ] ] ] } },
{ "type": "Feature", "properties": { }, "geometry": { "type": "MultiPolygon", "coordinates": [ [ [ [ 7.126023, 49.737833 ], [ 7.126023, 49.738633 ], [ 7.126463, 49.738633 ], [ 7.126463, 49.737833 ], [ 7.126023, 49.737833 ] ] ] ] } },
{ "type": "Feature", "properties": { }, "geometry": { "type": "MultiPolygon", "coordinates": [ [ [ [ 7.126183, 49.715533 ], [ 7.127818, 49.715578 ], [ 7.127833, 49.714723 ], [ 7.126203, 49.714723 ], [ 7.126183, 49.715533 ] ] ] ] } },
{ "type": "Feature", "properties": { }, "geometry": { "type": "MultiPolygon", "coordinates": [ [ [ [ 7.123878, 49.725448 ], [ 7.124548, 49.725448 ], [ 7.124548, 49.725128 ], [ 7.123878, 49.725128 ], [ 7.123878, 49.725448 ] ] ] ] } },
{ "type": "Feature", "properties": { }, "geometry": { "type": "MultiPolygon", "coordinates": [ [ [ [ 7.115723, 49.756478 ], [ 7.116458, 49.756473 ], [ 7.116448, 49.755428 ], [ 7.115713, 49.755433 ], [ 7.115723, 49.756478 ] ] ] ] } },
{ "type": "Feature", "properties": { }, "geometry": { "type": "MultiPolygon", "coordinates": [ [ [ [ 7.104378, 49.785728 ], [ 7.105648, 49.785843 ], [ 7.105703, 49.785393 ], [ 7.105483, 49.785373 ], [ 7.105588, 49.784488 ], [ 7.104953, 49.784428 ], [ 7.104848, 49.785303 ], [ 7.104433, 49.785268 ], [ 7.104378, 49.785728 ] ] ] ] } },
{ "type": "Feature", "properties": { }, "geometry": { "type": "MultiPolygon", "coordinates": [ [ [ [ 7.087558, 49.787323 ], [ 7.087558, 49.787673 ], [ 7.088393, 49.787673 ], [ 7.088393, 49.787098 ], [ 7.087788, 49.787098 ], [ 7.087788, 49.787323 ], [ 7.087558, 49.787323 ] ] ] ] } },
{ "type": "Feature", "properties": { }, "geometry": { "type": "MultiPolygon", "coordinates": [ [ [ [ 7.091153, 49.788263 ], [ 7.091153, 49.788478 ], [ 7.091648, 49.788478 ], [ 7.091648, 49.788263 ], [ 7.091153, 49.788263 ] ] ] ] } },
{ "type": "Feature", "properties": { }, "geometry": { "type": "MultiPolygon", "coordinates": [ [ [ [ 7.077848, 49.781648 ], [ 7.076868, 49.781648 ], [ 7.076868, 49.782153 ], [ 7.077158, 49.782153 ], [ 7.077158, 49.782428 ], [ 7.077848, 49.782433 ], [ 7.077848, 49.781648 ] ] ] ] } },
{ "type": "Feature", "properties": { }, "geometry": { "type": "MultiPolygon", "coordinates": [ [ [ [ 7.082818, 49.778908 ], [ 7.083558, 49.778918 ], [ 7.083578, 49.778068 ], [ 7.083233, 49.778058 ], [ 7.083238, 49.777923 ], [ 7.082818, 49.777913 ], [ 7.082818, 49.778908 ] ] ] ] } },
{ "type": "Feature", "properties": { }, "geometry": { "type": "MultiPolygon", "coordinates": [ [ [ [ 7.090893, 49.831103 ], [ 7.090888, 49.830623 ], [ 7.090433, 49.830623 ], [ 7.090438, 49.831108 ], [ 7.090893, 49.831103 ] ] ] ] } },
{ "type": "Feature", "properties": { }, "geometry": { "type": "MultiPolygon", "coordinates": [ [ [ [ 7.103023, 49.827108 ], [ 7.101978, 49.827108 ], [ 7.101978, 49.827548 ], [ 7.103023, 49.827548 ], [ 7.103023, 49.827108 ] ] ] ] } },
{ "type": "Feature", "properties": { }, "geometry": { "type": "MultiPolygon", "coordinates": [ [ [ [ 6.996138, 49.830678 ], [ 6.996138, 49.830148 ], [ 6.995428, 49.830148 ], [ 6.995428, 49.830678 ], [ 6.996138, 49.830678 ] ] ] ] } },
{ "type": "Feature", "properties": { }, "geometry": { "type": "MultiPolygon", "coordinates": [ [ [ [ 6.986788, 49.839338 ], [ 6.986788, 49.838928 ], [ 6.986373, 49.838928 ], [ 6.986373, 49.839338 ], [ 6.986788, 49.839338 ] ] ] ] } },
{ "type": "Feature", "properties": { }, "geometry": { "type": "MultiPolygon", "coordinates": [ [ [ [ 7.136698, 49.926278 ], [ 7.136698, 49.926728 ], [ 7.137048, 49.926728 ], [ 7.137048, 49.926278 ], [ 7.136698, 49.926278 ] ] ] ] } },
{ "type": "Feature", "properties": { }, "geometry": { "type": "MultiPolygon", "coordinates": [ [ [ [ 7.145588, 49.923793 ], [ 7.145588, 49.924393 ], [ 7.146083, 49.924393 ], [ 7.146083, 49.923793 ], [ 7.145588, 49.923793 ] ] ] ] } },
{ "type": "Feature", "properties": { }, "geometry": { "type": "MultiPolygon", "coordinates": [ [ [ [ 7.146298, 49.928033 ], [ 7.146298, 49.928768 ], [ 7.146758, 49.928768 ], [ 7.146758, 49.928033 ], [ 7.146298, 49.928033 ] ] ] ] } },
{ "type": "Feature", "properties": { }, "geometry": { "type": "MultiPolygon", "coordinates": [ [ [ [ 7.142128, 49.935243 ], [ 7.142128, 49.936103 ], [ 7.142583, 49.936103 ], [ 7.142583, 49.935243 ], [ 7.142128, 49.935243 ] ] ] ] } },
{ "type": "Feature", "properties": { }, "geometry": { "type": "MultiPolygon", "coordinates": [ [ [ [ 7.148803, 49.938643 ], [ 7.149483, 49.938648 ], [ 7.149498, 49.937768 ], [ 7.149308, 49.937783 ], [ 7.149308, 49.937708 ], [ 7.149023, 49.937708 ], [ 7.149008, 49.938288 ], [ 7.148813, 49.938278 ], [ 7.148803, 49.938643 ] ] ] ] } },
{ "type": "Feature", "properties": { }, "geometry": { "type": "MultiPolygon", "coordinates": [ [ [ [ 7.108463, 49.927023 ], [ 7.109713, 49.927003 ], [ 7.109718, 49.926723 ], [ 7.110198, 49.926718 ], [ 7.110193, 49.926403 ], [ 7.109733, 49.926398 ], [ 7.109743, 49.926558 ], [ 7.108463, 49.926573 ], [ 7.108463, 49.927023 ] ] ] ] } },
{ "type": "Feature", "properties": { }, "geometry": { "type": "MultiPolygon", "coordinates": [ [ [ [ 7.104493, 49.920713 ], [ 7.105023, 49.920713 ], [ 7.105023, 49.920163 ], [ 7.104493, 49.920163 ], [ 7.104493, 49.920713 ] ] ] ] } },
{ "type": "Feature", "properties": { }, "geometry": { "type": "MultiPolygon", "coordinates": [ [ [ [ 7.096583, 49.902193 ], [ 7.096588, 49.901533 ], [ 7.095088, 49.901523 ], [ 7.095083, 49.902183 ], [ 7.096583, 49.902193 ] ] ] ] } },
{ "type": "Feature", "properties": { }, "geometry": { "type": "MultiPolygon", "coordinates": [ [ [ [ 6.999033, 49.914358 ], [ 6.999273, 49.914358 ], [ 6.999273, 49.914028 ], [ 6.998803, 49.914028 ], [ 6.998803, 49.914513 ], [ 6.999033, 49.914513 ], [ 6.999033, 49.914358 ] ] ] ] } },
{ "type": "Feature", "properties": { }, "geometry": { "type": "MultiPolygon", "coordinates": [ [ [ [ 6.974958, 49.870888 ], [ 6.974478, 49.870888 ], [ 6.974478, 49.871573 ], [ 6.974958, 49.871573 ], [ 6.974958, 49.870888 ] ] ] ] } },
{ "type": "Feature", "properties": { }, "geometry": { "type": "MultiPolygon", "coordinates": [ [ [ [ 6.960043, 49.876123 ], [ 6.960688, 49.876118 ], [ 6.960698, 49.875158 ], [ 6.960053, 49.875168 ], [ 6.960043, 49.876123 ] ] ] ] } },
{ "type": "Feature", "properties": { }, "geometry": { "type": "MultiPolygon", "coordinates": [ [ [ [ 6.924698, 49.866683 ], [ 6.924148, 49.866683 ], [ 6.924148, 49.867108 ], [ 6.924698, 49.867108 ], [ 6.924698, 49.866683 ] ] ] ] } },
{ "type": "Feature", "properties": { }, "geometry": { "type": "MultiPolygon", "coordinates": [ [ [ [ 6.929018, 49.859798 ], [ 6.929463, 49.860203 ], [ 6.930008, 49.859738 ], [ 6.929568, 49.859338 ], [ 6.929018, 49.859798 ] ] ] ] } },
{ "type": "Feature", "properties": { }, "geometry": { "type": "MultiPolygon", "coordinates": [ [ [ [ 6.957713, 50.071083 ], [ 6.957413, 50.071483 ], [ 6.957223, 50.071373 ], [ 6.957133, 50.071493 ], [ 6.957743, 50.071848 ], [ 6.958133, 50.071328 ], [ 6.957713, 50.071083 ] ] ] ] } },
{ "type": "Feature", "properties": { }, "geometry": { "type": "MultiPolygon", "coordinates": [ [ [ [ 6.961148, 50.084068 ], [ 6.960503, 50.084068 ], [ 6.960503, 50.084478 ], [ 6.961148, 50.084478 ], [ 6.961148, 50.084068 ] ] ] ] } },
{ "type": "Feature", "properties": { }, "geometry": { "type": "MultiPolygon", "coordinates": [ [ [ [ 6.946048, 50.096103 ], [ 6.947228, 50.096103 ], [ 6.947228, 50.095233 ], [ 6.946933, 50.095233 ], [ 6.946933, 50.095383 ], [ 6.946048, 50.095383 ], [ 6.946048, 50.096103 ] ] ] ] } },
{ "type": "Feature", "properties": { }, "geometry": { "type": "MultiPolygon", "coordinates": [ [ [ [ 6.976978, 50.121058 ], [ 6.977393, 50.121413 ], [ 6.977893, 50.120958 ], [ 6.977223, 50.120383 ], [ 6.976518, 50.121023 ], [ 6.976778, 50.121238 ], [ 6.976978, 50.121058 ] ] ] ] } },
{ "type": "Feature", "properties": { }, "geometry": { "type": "MultiPolygon", "coordinates": [ [ [ [ 6.959013, 50.141863 ], [ 6.959013, 50.141298 ], [ 6.958358, 50.141298 ], [ 6.958358, 50.141863 ], [ 6.959013, 50.141863 ] ] ] ] } },
{ "type": "Feature", "properties": { }, "geometry": { "type": "MultiPolygon", "coordinates": [ [ [ [ 7.136973, 50.182123 ], [ 7.136428, 50.181548 ], [ 7.135998, 50.181863 ], [ 7.136548, 50.182438 ], [ 7.136973, 50.182123 ] ] ] ] } },
{ "type": "Feature", "properties": { }, "geometry": { "type": "MultiPolygon", "coordinates": [ [ [ [ 7.136348, 50.181183 ], [ 7.136953, 50.181818 ], [ 7.137338, 50.181533 ], [ 7.136738, 50.180903 ], [ 7.136348, 50.181183 ] ] ] ] } },
{ "type": "Feature", "properties": { }, "geometry": { "type": "MultiPolygon", "coordinates": [ [ [ [ 7.360543, 50.118488 ], [ 7.360543, 50.117608 ], [ 7.359923, 50.117608 ], [ 7.359923, 50.118058 ], [ 7.359658, 50.118058 ], [ 7.359658, 50.118488 ], [ 7.360543, 50.118488 ] ] ] ] } },
{ "type": "Feature", "properties": { }, "geometry": { "type": "MultiPolygon", "coordinates": [ [ [ [ 7.358143, 50.120698 ], [ 7.357323, 50.120698 ], [ 7.357323, 50.121573 ], [ 7.357848, 50.121573 ], [ 7.357848, 50.121103 ], [ 7.358143, 50.121103 ], [ 7.358143, 50.120698 ] ] ] ] } },
{ "type": "Feature", "properties": { }, "geometry": { "type": "MultiPolygon", "coordinates": [ [ [ [ 7.369243, 50.127448 ], [ 7.369243, 50.128083 ], [ 7.369433, 50.128083 ], [ 7.369433, 50.128228 ], [ 7.369703, 50.128228 ], [ 7.369703, 50.128048 ], [ 7.370213, 50.128048 ], [ 7.370213, 50.127448 ], [ 7.369243, 50.127448 ] ] ] ] } },
{ "type": "Feature", "properties": { }, "geometry": { "type": "MultiPolygon", "coordinates": [ [ [ [ 7.353118, 50.172303 ], [ 7.352483, 50.171748 ], [ 7.352058, 50.172118 ], [ 7.352698, 50.172678 ], [ 7.353118, 50.172303 ] ] ] ] } },
{ "type": "Feature", "properties": { }, "geometry": { "type": "MultiPolygon", "coordinates": [ [ [ [ 7.350263, 50.161368 ], [ 7.351128, 50.161563 ], [ 7.351263, 50.161113 ], [ 7.350398, 50.160918 ], [ 7.350263, 50.161368 ] ] ] ] } },
{ "type": "Feature", "properties": { }, "geometry": { "type": "MultiPolygon", "coordinates": [ [ [ [ 7.365013, 50.170998 ], [ 7.365118, 50.170773 ], [ 7.364528, 50.170563 ], [ 7.364218, 50.171233 ], [ 7.365033, 50.171523 ], [ 7.365238, 50.171078 ], [ 7.365013, 50.170998 ] ] ] ] } },
{ "type": "Feature", "properties": { }, "geometry": { "type": "MultiPolygon", "coordinates": [ [ [ [ 7.298418, 50.121253 ], [ 7.298423, 50.119318 ], [ 7.297923, 50.119318 ], [ 7.297923, 50.119568 ], [ 7.297388, 50.119568 ], [ 7.297388, 50.120213 ], [ 7.297133, 50.120213 ], [ 7.297133, 50.121248 ], [ 7.298418, 50.121253 ] ] ] ] } },
{ "type": "Feature", "properties": { }, "geometry": { "type": "MultiPolygon", "coordinates": [ [ [ [ 7.289143, 50.123563 ], [ 7.289143, 50.124068 ], [ 7.289423, 50.124068 ], [ 7.289423, 50.124283 ], [ 7.290188, 50.124283 ], [ 7.290188, 50.123563 ], [ 7.289143, 50.123563 ] ] ] ] } },
{ "type": "Feature", "properties": { }, "geometry": { "type": "MultiPolygon", "coordinates": [ [ [ [ 7.307713, 50.169273 ], [ 7.307713, 50.169698 ], [ 7.307918, 50.169698 ], [ 7.307918, 50.169863 ], [ 7.308238, 50.169863 ], [ 7.308238, 50.169673 ], [ 7.308478, 50.169673 ], [ 7.308478, 50.169273 ], [ 7.307713, 50.169273 ] ] ] ] } },
{ "type": "Feature", "properties": { }, "geometry": { "type": "MultiPolygon", "coordinates": [ [ [ [ 7.305263, 50.183263 ], [ 7.305263, 50.182768 ], [ 7.304378, 50.182768 ], [ 7.304378, 50.183263 ], [ 7.305263, 50.183263 ] ] ] ] } },
{ "type": "Feature", "properties": { }, "geometry": { "type": "MultiPolygon", "coordinates": [ [ [ [ 7.279608, 50.178903 ], [ 7.280623, 50.178903 ], [ 7.280623, 50.178223 ], [ 7.279858, 50.178223 ], [ 7.279858, 50.178633 ], [ 7.279608, 50.178633 ], [ 7.279608, 50.178903 ] ] ] ] } },
{ "type": "Feature", "properties": { }, "geometry": { "type": "MultiPolygon", "coordinates": [ [ [ [ 7.279463, 50.173723 ], [ 7.280488, 50.173728 ], [ 7.280493, 50.173158 ], [ 7.279918, 50.173153 ], [ 7.279918, 50.172893 ], [ 7.280113, 50.172893 ], [ 7.280118, 50.172243 ], [ 7.279473, 50.172238 ], [ 7.279463, 50.173723 ] ] ] ] } },
{ "type": "Feature", "properties": { }, "geometry": { "type": "MultiPolygon", "coordinates": [ [ [ [ 7.291553, 50.166728 ], [ 7.291553, 50.167493 ], [ 7.292093, 50.167493 ], [ 7.292093, 50.166483 ], [ 7.291823, 50.166483 ], [ 7.291823, 50.166728 ], [ 7.291553, 50.166728 ] ] ] ] } },
{ "type": "Feature", "properties": { }, "geometry": { "type": "MultiPolygon", "coordinates": [ [ [ [ 7.135223, 49.516848 ], [ 7.135488, 49.517068 ], [ 7.135528, 49.517033 ], [ 7.135808, 49.517273 ], [ 7.135773, 49.517303 ], [ 7.136053, 49.517533 ], [ 7.136568, 49.517053 ], [ 7.135743, 49.516363 ], [ 7.135223, 49.516848 ] ] ] ] } },
{ "type": "Feature", "properties": { }, "geometry": { "type": "MultiPolygon", "coordinates": [ [ [ [ 7.043388, 49.815158 ], [ 7.043703, 49.815208 ], [ 7.043688, 49.815273 ], [ 7.043963, 49.815323 ], [ 7.043983, 49.815248 ], [ 7.044293, 49.815303 ], [ 7.044468, 49.814473 ], [ 7.045163, 49.814588 ], [ 7.045838, 49.814493 ], [ 7.045848, 49.814553 ], [ 7.045733, 49.814573 ], [ 7.045818, 49.815028 ], [ 7.045928, 49.815018 ], [ 7.045973, 49.815333 ], [ 7.046318, 49.815288 ], [ 7.046323, 49.815358 ], [ 7.046603, 49.815318 ], [ 7.046593, 49.815243 ], [ 7.046918, 49.815203 ], [ 7.046858, 49.814883 ], [ 7.046963, 49.814868 ], [ 7.046878, 49.814403 ], [ 7.046768, 49.814423 ], [ 7.046713, 49.814113 ], [ 7.046783, 49.813808 ], [ 7.046883, 49.813823 ], [ 7.046973, 49.813368 ], [ 7.046878, 49.813353 ], [ 7.046938, 49.813043 ], [ 7.046588, 49.812988 ], [ 7.046603, 49.812923 ], [ 7.046393, 49.812893 ], [ 7.046383, 49.812963 ], [ 7.046033, 49.812893 ], [ 7.045978, 49.813208 ], [ 7.045688, 49.813168 ], [ 7.045598, 49.813608 ], [ 7.045868, 49.813653 ], [ 7.045808, 49.813968 ], [ 7.045413, 49.813968 ], [ 7.045418, 49.813793 ], [ 7.044958, 49.813783 ], [ 7.044948, 49.813968 ], [ 7.044533, 49.813943 ], [ 7.044478, 49.813633 ], [ 7.044583, 49.813623 ], [ 7.044498, 49.813168 ], [ 7.044388, 49.813188 ], [ 7.044338, 49.812873 ], [ 7.043988, 49.812923 ], [ 7.043978, 49.812858 ], [ 7.043768, 49.812893 ], [ 7.043783, 49.812953 ], [ 7.043428, 49.813003 ], [ 7.043483, 49.813313 ], [ 7.043368, 49.813333 ], [ 7.043443, 49.813793 ], [ 7.043558, 49.813773 ], [ 7.043618, 49.814093 ], [ 7.043558, 49.814393 ], [ 7.043438, 49.814368 ], [ 7.043333, 49.814823 ], [ 7.043453, 49.814848 ], [ 7.043388, 49.815158 ] ] ] ] } },
{ "type": "Feature", "properties": { }, "geometry": { "type": "MultiPolygon", "coordinates": [ [ [ [ 7.242638, 49.493693 ], [ 7.242353, 49.493548 ], [ 7.242068, 49.493983 ], [ 7.242348, 49.494128 ], [ 7.242638, 49.493693 ] ] ] ] } },
{ "type": "Feature", "properties": { }, "geometry": { "type": "MultiPolygon", "coordinates": [ [ [ [ 7.249408, 49.502523 ], [ 7.249193, 49.503018 ], [ 7.249453, 49.503103 ], [ 7.249413, 49.503198 ], [ 7.250273, 49.503483 ], [ 7.250528, 49.502893 ], [ 7.249408, 49.502523 ] ] ] ] } },
{ "type": "Feature", "properties": { }, "geometry": { "type": "MultiPolygon", "coordinates": [ [ [ [ 7.265028, 49.528218 ], [ 7.265323, 49.527248 ], [ 7.264818, 49.527133 ], [ 7.264743, 49.527393 ], [ 7.264658, 49.527373 ], [ 7.264683, 49.527328 ], [ 7.264103, 49.527198 ], [ 7.263933, 49.527963 ], [ 7.265028, 49.528218 ] ] ] ] } },
{ "type": "Feature", "properties": { }, "geometry": { "type": "MultiPolygon", "coordinates": [ [ [ [ 7.205868, 49.562098 ], [ 7.206768, 49.562683 ], [ 7.207063, 49.562333 ], [ 7.206798, 49.562158 ], [ 7.206958, 49.561968 ], [ 7.206793, 49.561858 ], [ 7.206973, 49.561648 ], [ 7.206508, 49.561343 ], [ 7.205868, 49.562098 ] ] ] ] } },
{ "type": "Feature", "properties": { }, "geometry": { "type": "MultiPolygon", "coordinates": [ [ [ [ 7.190278, 49.573598 ], [ 7.191288, 49.574233 ], [ 7.191768, 49.573648 ], [ 7.191213, 49.573298 ], [ 7.191408, 49.573063 ], [ 7.190948, 49.572773 ], [ 7.190278, 49.573598 ] ] ] ] } },
{ "type": "Feature", "properties": { }, "geometry": { "type": "MultiPolygon", "coordinates": [ [ [ [ 6.686678, 49.879583 ], [ 6.686178, 49.879583 ], [ 6.686178, 49.880043 ], [ 6.686168, 49.880043 ], [ 6.686168, 49.880338 ], [ 6.686678, 49.880338 ], [ 6.686678, 49.879583 ] ] ] ] } },
{ "type": "Feature", "properties": { }, "geometry": { "type": "MultiPolygon", "coordinates": [ [ [ [ 6.693153, 49.872753 ], [ 6.693153, 49.873103 ], [ 6.693758, 49.873103 ], [ 6.693758, 49.872753 ], [ 6.693153, 49.872753 ] ] ] ] } },
{ "type": "Feature", "properties": { }, "geometry": { "type": "MultiPolygon", "coordinates": [ [ [ [ 6.678823, 49.871253 ], [ 6.678888, 49.871548 ], [ 6.679213, 49.871493 ], [ 6.679308, 49.871938 ], [ 6.679923, 49.871833 ], [ 6.679758, 49.871093 ], [ 6.678823, 49.871253 ] ] ] ] } },
{ "type": "Feature", "properties": { }, "geometry": { "type": "MultiPolygon", "coordinates": [ [ [ [ 6.666313, 49.850093 ], [ 6.668343, 49.850203 ], [ 6.668463, 49.848468 ], [ 6.667728, 49.848428 ], [ 6.667783, 49.847633 ], [ 6.667448, 49.847613 ], [ 6.667448, 49.847643 ], [ 6.666483, 49.847593 ], [ 6.666313, 49.850093 ] ] ] ] } },
{ "type": "Feature", "properties": { }, "geometry": { "type": "MultiPolygon", "coordinates": [ [ [ [ 6.678963, 49.847538 ], [ 6.678963, 49.846948 ], [ 6.677318, 49.846948 ], [ 6.677318, 49.847538 ], [ 6.678963, 49.847538 ] ] ] ] } },
{ "type": "Feature", "properties": { }, "geometry": { "type": "MultiPolygon", "coordinates": [ [ [ [ 6.715553, 49.859888 ], [ 6.715553, 49.859038 ], [ 6.715083, 49.859038 ], [ 6.715083, 49.859888 ], [ 6.715553, 49.859888 ] ] ] ] } },
{ "type": "Feature", "properties": { }, "geometry": { "type": "MultiPolygon", "coordinates": [ [ [ [ 6.758883, 49.850273 ], [ 6.758883, 49.850743 ], [ 6.759433, 49.850743 ], [ 6.759433, 49.850273 ], [ 6.758883, 49.850273 ] ] ] ] } },
{ "type": "Feature", "properties": { }, "geometry": { "type": "MultiPolygon", "coordinates": [ [ [ [ 6.765518, 49.864518 ], [ 6.765038, 49.864518 ], [ 6.765038, 49.864753 ], [ 6.764823, 49.864753 ], [ 6.764823, 49.865293 ], [ 6.765518, 49.865293 ], [ 6.765518, 49.864518 ] ] ] ] } },
{ "type": "Feature", "properties": { }, "geometry": { "type": "MultiPolygon", "coordinates": [ [ [ [ 6.746093, 49.855743 ], [ 6.745628, 49.856003 ], [ 6.746028, 49.856553 ], [ 6.746498, 49.856293 ], [ 6.746093, 49.855743 ] ] ] ] } },
{ "type": "Feature", "properties": { }, "geometry": { "type": "MultiPolygon", "coordinates": [ [ [ [ 6.744063, 49.851098 ], [ 6.744063, 49.851733 ], [ 6.744493, 49.851733 ], [ 6.744493, 49.851098 ], [ 6.744063, 49.851098 ] ] ] ] } },
{ "type": "Feature", "properties": { }, "geometry": { "type": "MultiPolygon", "coordinates": [ [ [ [ 6.748168, 49.842708 ], [ 6.748168, 49.843403 ], [ 6.748553, 49.843403 ], [ 6.748553, 49.842708 ], [ 6.748168, 49.842708 ] ] ] ] } },
{ "type": "Feature", "properties": { }, "geometry": { "type": "MultiPolygon", "coordinates": [ [ [ [ 6.758918, 49.846858 ], [ 6.758918, 49.846423 ], [ 6.758118, 49.846423 ], [ 6.758118, 49.846858 ], [ 6.758918, 49.846858 ] ] ] ] } },
{ "type": "Feature", "properties": { }, "geometry": { "type": "MultiPolygon", "coordinates": [ [ [ [ 6.745053, 49.832883 ], [ 6.745673, 49.832883 ], [ 6.745673, 49.832673 ], [ 6.745898, 49.832673 ], [ 6.745898, 49.832343 ], [ 6.745053, 49.832343 ], [ 6.745053, 49.832883 ] ] ] ] } },
{ "type": "Feature", "properties": { }, "geometry": { "type": "MultiPolygon", "coordinates": [ [ [ [ 6.752013, 49.836678 ], [ 6.752013, 49.837373 ], [ 6.752578, 49.837373 ], [ 6.752578, 49.836678 ], [ 6.752013, 49.836678 ] ] ] ] } },
{ "type": "Feature", "properties": { }, "geometry": { "type": "MultiPolygon", "coordinates": [ [ [ [ 6.752563, 49.834968 ], [ 6.752013, 49.834968 ], [ 6.752013, 49.835673 ], [ 6.752563, 49.835673 ], [ 6.752563, 49.834968 ] ] ] ] } },
{ "type": "Feature", "properties": { }, "geometry": { "type": "MultiPolygon", "coordinates": [ [ [ [ 6.760878, 49.831033 ], [ 6.760878, 49.830418 ], [ 6.760073, 49.830418 ], [ 6.760073, 49.831033 ], [ 6.760878, 49.831033 ] ] ] ] } },
{ "type": "Feature", "properties": { }, "geometry": { "type": "MultiPolygon", "coordinates": [ [ [ [ 6.751293, 49.822938 ], [ 6.751293, 49.824083 ], [ 6.751718, 49.824083 ], [ 6.751718, 49.822938 ], [ 6.751293, 49.822938 ] ] ] ] } },
{ "type": "Feature", "properties": { }, "geometry": { "type": "MultiPolygon", "coordinates": [ [ [ [ 6.753718, 49.818248 ], [ 6.753718, 49.819523 ], [ 6.754293, 49.819523 ], [ 6.754293, 49.818968 ], [ 6.755048, 49.818968 ], [ 6.755048, 49.818248 ], [ 6.753718, 49.818248 ] ] ] ] } },
{ "type": "Feature", "properties": { }, "geometry": { "type": "MultiPolygon", "coordinates": [ [ [ [ 6.757298, 49.801118 ], [ 6.757298, 49.800258 ], [ 6.757003, 49.800258 ], [ 6.757003, 49.801118 ], [ 6.757298, 49.801118 ] ] ] ] } },
{ "type": "Feature", "properties": { }, "geometry": { "type": "MultiPolygon", "coordinates": [ [ [ [ 6.757278, 49.798313 ], [ 6.756703, 49.798308 ], [ 6.756693, 49.798893 ], [ 6.757273, 49.798903 ], [ 6.757278, 49.798313 ] ] ] ] } },
{ "type": "Feature", "properties": { }, "geometry": { "type": "MultiPolygon", "coordinates": [ [ [ [ 6.738228, 49.789323 ], [ 6.738848, 49.789323 ], [ 6.738848, 49.788548 ], [ 6.738228, 49.788548 ], [ 6.738228, 49.789323 ] ] ] ] } },
{ "type": "Feature", "properties": { }, "geometry": { "type": "MultiPolygon", "coordinates": [ [ [ [ 6.776278, 49.777848 ], [ 6.776278, 49.777153 ], [ 6.775753, 49.777153 ], [ 6.775753, 49.777848 ], [ 6.776278, 49.777848 ] ] ] ] } },
{ "type": "Feature", "properties": { }, "geometry": { "type": "MultiPolygon", "coordinates": [ [ [ [ 6.776318, 49.775658 ], [ 6.776318, 49.774913 ], [ 6.775753, 49.774913 ], [ 6.775753, 49.775658 ], [ 6.776318, 49.775658 ] ] ] ] } },
{ "type": "Feature", "properties": { }, "geometry": { "type": "MultiPolygon", "coordinates": [ [ [ [ 6.768848, 49.759998 ], [ 6.768848, 49.759373 ], [ 6.768068, 49.759373 ], [ 6.768068, 49.759998 ], [ 6.768848, 49.759998 ] ] ] ] } },
{ "type": "Feature", "properties": { }, "geometry": { "type": "MultiPolygon", "coordinates": [ [ [ [ 6.850868, 49.833293 ], [ 6.850868, 49.832468 ], [ 6.850238, 49.832468 ], [ 6.850238, 49.833293 ], [ 6.850868, 49.833293 ] ] ] ] } },
{ "type": "Feature", "properties": { }, "geometry": { "type": "MultiPolygon", "coordinates": [ [ [ [ 6.835038, 49.845283 ], [ 6.835838, 49.845403 ], [ 6.835988, 49.844608 ], [ 6.835188, 49.844493 ], [ 6.835038, 49.845283 ] ] ] ] } },
{ "type": "Feature", "properties": { }, "geometry": { "type": "MultiPolygon", "coordinates": [ [ [ [ 6.847473, 49.847258 ], [ 6.847473, 49.847623 ], [ 6.848133, 49.847623 ], [ 6.848133, 49.847258 ], [ 6.847473, 49.847258 ] ] ] ] } },
{ "type": "Feature", "properties": { }, "geometry": { "type": "MultiPolygon", "coordinates": [ [ [ [ 6.852853, 49.842353 ], [ 6.852853, 49.841873 ], [ 6.851993, 49.841873 ], [ 6.851993, 49.842628 ], [ 6.852613, 49.842628 ], [ 6.852613, 49.842353 ], [ 6.852853, 49.842353 ] ] ] ] } },
{ "type": "Feature", "properties": { }, "geometry": { "type": "MultiPolygon", "coordinates": [ [ [ [ 6.846668, 49.859308 ], [ 6.846668, 49.858708 ], [ 6.845908, 49.858708 ], [ 6.845908, 49.858863 ], [ 6.845773, 49.858863 ], [ 6.845773, 49.859308 ], [ 6.846668, 49.859308 ] ] ] ] } },
{ "type": "Feature", "properties": { }, "geometry": { "type": "MultiPolygon", "coordinates": [ [ [ [ 6.784633, 49.871503 ], [ 6.784628, 49.872198 ], [ 6.785208, 49.872203 ], [ 6.785213, 49.871508 ], [ 6.784633, 49.871503 ] ] ] ] } },
{ "type": "Feature", "properties": { }, "geometry": { "type": "MultiPolygon", "coordinates": [ [ [ [ 6.788533, 49.865013 ], [ 6.787728, 49.865013 ], [ 6.787728, 49.865613 ], [ 6.788533, 49.865613 ], [ 6.788533, 49.865013 ] ] ] ] } },
{ "type": "Feature", "properties": { }, "geometry": { "type": "MultiPolygon", "coordinates": [ [ [ [ 7.096503, 49.862653 ], [ 7.096503, 49.862338 ], [ 7.095753, 49.862338 ], [ 7.095753, 49.862653 ], [ 7.096503, 49.862653 ] ] ] ] } },
{ "type": "Feature", "properties": { }, "geometry": { "type": "MultiPolygon", "coordinates": [ [ [ [ 7.115818, 49.870173 ], [ 7.115818, 49.869733 ], [ 7.115093, 49.869733 ], [ 7.115093, 49.870173 ], [ 7.115818, 49.870173 ] ] ] ] } },
{ "type": "Feature", "properties": { }, "geometry": { "type": "MultiPolygon", "coordinates": [ [ [ [ 7.112613, 49.869038 ], [ 7.112303, 49.869038 ], [ 7.112303, 49.869403 ], [ 7.112613, 49.869403 ], [ 7.112613, 49.869038 ] ] ] ] } },
{ "type": "Feature", "properties": { }, "geometry": { "type": "MultiPolygon", "coordinates": [ [ [ [ 7.114933, 49.872788 ], [ 7.114933, 49.873208 ], [ 7.115683, 49.873208 ], [ 7.115683, 49.872788 ], [ 7.114933, 49.872788 ] ] ] ] } },
{ "type": "Feature", "properties": { }, "geometry": { "type": "MultiPolygon", "coordinates": [ [ [ [ 7.118608, 49.878288 ], [ 7.118608, 49.878948 ], [ 7.119158, 49.878948 ], [ 7.119158, 49.878288 ], [ 7.118608, 49.878288 ] ] ] ] } },
{ "type": "Feature", "properties": { }, "geometry": { "type": "MultiPolygon", "coordinates": [ [ [ [ 7.122938, 49.885723 ], [ 7.122938, 49.885118 ], [ 7.122363, 49.885118 ], [ 7.122363, 49.885723 ], [ 7.122938, 49.885723 ] ] ] ] } },
{ "type": "Feature", "properties": { }, "geometry": { "type": "MultiPolygon", "coordinates": [ [ [ [ 7.086043, 49.887278 ], [ 7.086043, 49.887878 ], [ 7.086368, 49.887878 ], [ 7.086368, 49.887748 ], [ 7.086633, 49.887748 ], [ 7.086633, 49.887088 ], [ 7.086203, 49.887088 ], [ 7.086203, 49.887278 ], [ 7.086043, 49.887278 ] ] ] ] } },
{ "type": "Feature", "properties": { }, "geometry": { "type": "MultiPolygon", "coordinates": [ [ [ [ 7.251743, 50.007093 ], [ 7.252068, 50.007513 ], [ 7.251923, 50.007618 ], [ 7.252578, 50.008353 ], [ 7.253038, 50.008048 ], [ 7.252038, 50.006873 ], [ 7.251743, 50.007093 ] ] ] ] } },
{ "type": "Feature", "properties": { }, "geometry": { "type": "MultiPolygon", "coordinates": [ [ [ [ 6.872928, 50.136368 ], [ 6.872978, 50.136203 ], [ 6.872808, 50.136168 ], [ 6.872763, 50.136328 ], [ 6.872928, 50.136368 ] ] ] ] } },
{ "type": "Feature", "properties": { }, "geometry": { "type": "MultiPolygon", "coordinates": [ [ [ [ 7.191208, 49.877443 ], [ 7.192388, 49.877463 ], [ 7.192408, 49.876633 ], [ 7.191228, 49.876613 ], [ 7.191208, 49.877443 ] ] ] ] } },
{ "type": "Feature", "properties": { }, "geometry": { "type": "MultiPolygon", "coordinates": [ [ [ [ 7.155428, 49.881383 ], [ 7.156078, 49.881398 ], [ 7.156088, 49.880973 ], [ 7.155423, 49.880963 ], [ 7.155428, 49.881383 ] ] ] ] } },
{ "type": "Feature", "properties": { }, "geometry": { "type": "MultiPolygon", "coordinates": [ [ [ [ 7.145923, 49.883483 ], [ 7.145938, 49.882823 ], [ 7.145348, 49.882813 ], [ 7.145343, 49.883028 ], [ 7.145193, 49.883023 ], [ 7.145178, 49.883473 ], [ 7.145923, 49.883483 ] ] ] ] } },
{ "type": "Feature", "properties": { }, "geometry": { "type": "MultiPolygon", "coordinates": [ [ [ [ 7.143668, 49.881013 ], [ 7.143323, 49.881008 ], [ 7.143323, 49.880783 ], [ 7.142978, 49.880778 ], [ 7.142973, 49.881018 ], [ 7.142643, 49.881018 ], [ 7.142633, 49.881483 ], [ 7.143663, 49.881493 ], [ 7.143668, 49.881013 ] ] ] ] } },
{ "type": "Feature", "properties": { }, "geometry": { "type": "MultiPolygon", "coordinates": [ [ [ [ 7.155483, 49.873968 ], [ 7.155453, 49.875123 ], [ 7.155958, 49.875133 ], [ 7.155993, 49.873983 ], [ 7.155483, 49.873968 ] ] ] ] } },
{ "type": "Feature", "properties": { }, "geometry": { "type": "MultiPolygon", "coordinates": [ [ [ [ 7.150073, 49.901963 ], [ 7.150088, 49.902658 ], [ 7.150928, 49.902638 ], [ 7.150918, 49.902413 ], [ 7.150618, 49.902418 ], [ 7.150608, 49.901953 ], [ 7.150073, 49.901963 ] ] ] ] } },
{ "type": "Feature", "properties": { }, "geometry": { "type": "MultiPolygon", "coordinates": [ [ [ [ 7.150498, 49.903638 ], [ 7.150503, 49.903358 ], [ 7.150643, 49.903358 ], [ 7.150643, 49.903138 ], [ 7.150513, 49.903138 ], [ 7.150513, 49.902833 ], [ 7.150053, 49.902828 ], [ 7.150043, 49.903633 ], [ 7.150498, 49.903638 ] ] ] ] } },
{ "type": "Feature", "properties": { }, "geometry": { "type": "MultiPolygon", "coordinates": [ [ [ [ 6.930543, 49.790593 ], [ 6.929928, 49.790583 ], [ 6.929918, 49.790923 ], [ 6.930533, 49.790933 ], [ 6.930543, 49.790593 ] ] ] ] } },
{ "type": "Feature", "properties": { }, "geometry": { "type": "MultiPolygon", "coordinates": [ [ [ [ 6.937448, 49.728828 ], [ 6.937458, 49.729503 ], [ 6.938008, 49.729498 ], [ 6.937998, 49.728823 ], [ 6.937448, 49.728828 ] ] ] ] } },
{ "type": "Feature", "properties": { }, "geometry": { "type": "MultiPolygon", "coordinates": [ [ [ [ 6.937678, 49.742263 ], [ 6.937668, 49.741923 ], [ 6.937348, 49.741928 ], [ 6.937358, 49.742268 ], [ 6.937678, 49.742263 ] ] ] ] } },
{ "type": "Feature", "properties": { }, "geometry": { "type": "MultiPolygon", "coordinates": [ [ [ [ 6.937283, 49.742828 ], [ 6.937263, 49.743493 ], [ 6.937528, 49.743498 ], [ 6.937533, 49.743263 ], [ 6.937983, 49.743273 ], [ 6.938008, 49.742513 ], [ 6.937518, 49.742503 ], [ 6.937508, 49.742833 ], [ 6.937283, 49.742828 ] ] ] ] } },
{ "type": "Feature", "properties": { }, "geometry": { "type": "MultiPolygon", "coordinates": [ [ [ [ 6.945968, 49.751863 ], [ 6.945953, 49.752563 ], [ 6.946558, 49.752568 ], [ 6.946573, 49.751873 ], [ 6.945968, 49.751863 ] ] ] ] } },
{ "type": "Feature", "properties": { }, "geometry": { "type": "MultiPolygon", "coordinates": [ [ [ [ 6.879113, 49.797698 ], [ 6.879128, 49.797238 ], [ 6.878403, 49.797218 ], [ 6.878383, 49.797678 ], [ 6.879113, 49.797698 ] ] ] ] } },
{ "type": "Feature", "properties": { }, "geometry": { "type": "MultiPolygon", "coordinates": [ [ [ [ 6.894478, 49.802203 ], [ 6.894303, 49.802198 ], [ 6.894293, 49.802568 ], [ 6.894918, 49.802583 ], [ 6.894933, 49.801983 ], [ 6.894483, 49.801973 ], [ 6.894478, 49.802203 ] ] ] ] } },
{ "type": "Feature", "properties": { }, "geometry": { "type": "MultiPolygon", "coordinates": [ [ [ [ 6.869853, 49.787358 ], [ 6.870623, 49.787553 ], [ 6.870813, 49.786978 ], [ 6.870403, 49.786873 ], [ 6.870473, 49.786663 ], [ 6.869973, 49.786533 ], [ 6.869773, 49.787143 ], [ 6.869913, 49.787178 ], [ 6.869853, 49.787358 ] ] ] ] } },
{ "type": "Feature", "properties": { }, "geometry": { "type": "MultiPolygon", "coordinates": [ [ [ [ 6.977588, 49.815393 ], [ 6.977083, 49.815383 ], [ 6.977073, 49.815683 ], [ 6.977583, 49.815693 ], [ 6.977588, 49.815393 ] ] ] ] } },
{ "type": "Feature", "properties": { }, "geometry": { "type": "MultiPolygon", "coordinates": [ [ [ [ 6.777768, 49.706413 ], [ 6.777313, 49.706228 ], [ 6.776998, 49.706828 ], [ 6.777538, 49.707048 ], [ 6.777748, 49.706648 ], [ 6.777663, 49.706608 ], [ 6.777768, 49.706413 ] ] ] ] } },
{ "type": "Feature", "properties": { }, "geometry": { "type": "MultiPolygon", "coordinates": [ [ [ [ 6.769618, 49.718178 ], [ 6.770173, 49.718453 ], [ 6.770448, 49.718073 ], [ 6.770318, 49.718013 ], [ 6.770468, 49.717803 ], [ 6.770038, 49.717573 ], [ 6.769618, 49.718178 ] ] ] ] } },
{ "type": "Feature", "properties": { }, "geometry": { "type": "MultiPolygon", "coordinates": [ [ [ [ 6.751233, 49.720078 ], [ 6.752038, 49.720108 ], [ 6.752058, 49.719708 ], [ 6.751808, 49.719698 ], [ 6.751818, 49.719533 ], [ 6.751263, 49.719513 ], [ 6.751233, 49.720078 ] ] ] ] } },
{ "type": "Feature", "properties": { }, "geometry": { "type": "MultiPolygon", "coordinates": [ [ [ [ 6.743783, 49.720653 ], [ 6.744498, 49.720663 ], [ 6.744503, 49.720308 ], [ 6.744248, 49.720308 ], [ 6.744248, 49.719948 ], [ 6.743788, 49.719948 ], [ 6.743783, 49.720653 ] ] ] ] } },
{ "type": "Feature", "properties": { }, "geometry": { "type": "MultiPolygon", "coordinates": [ [ [ [ 6.750928, 49.710418 ], [ 6.751113, 49.710023 ], [ 6.750453, 49.709783 ], [ 6.750173, 49.710373 ], [ 6.750703, 49.710568 ], [ 6.750798, 49.710368 ], [ 6.750928, 49.710418 ] ] ] ] } },
{ "type": "Feature", "properties": { }, "geometry": { "type": "MultiPolygon", "coordinates": [ [ [ [ 6.756953, 49.704348 ], [ 6.756453, 49.704208 ], [ 6.756218, 49.704863 ], [ 6.756718, 49.704998 ], [ 6.756953, 49.704348 ] ] ] ] } },
{ "type": "Feature", "properties": { }, "geometry": { "type": "MultiPolygon", "coordinates": [ [ [ [ 6.751513, 49.708038 ], [ 6.751983, 49.708228 ], [ 6.752308, 49.707613 ], [ 6.751843, 49.707418 ], [ 6.751513, 49.708038 ] ] ] ] } },
{ "type": "Feature", "properties": { }, "geometry": { "type": "MultiPolygon", "coordinates": [ [ [ [ 6.728838, 49.709413 ], [ 6.728868, 49.710108 ], [ 6.729403, 49.710093 ], [ 6.729373, 49.709398 ], [ 6.728838, 49.709413 ] ] ] ] } },
{ "type": "Feature", "properties": { }, "geometry": { "type": "MultiPolygon", "coordinates": [ [ [ [ 6.739833, 49.720893 ], [ 6.739328, 49.720878 ], [ 6.739298, 49.721558 ], [ 6.739928, 49.721583 ], [ 6.739943, 49.721218 ], [ 6.739818, 49.721213 ], [ 6.739833, 49.720893 ] ] ] ] } },
{ "type": "Feature", "properties": { }, "geometry": { "type": "MultiPolygon", "coordinates": [ [ [ [ 6.645913, 49.665503 ], [ 6.645923, 49.664938 ], [ 6.646178, 49.664943 ], [ 6.646188, 49.664703 ], [ 6.644378, 49.664668 ], [ 6.644363, 49.665223 ], [ 6.644833, 49.665233 ], [ 6.644828, 49.665363 ], [ 6.645068, 49.665368 ], [ 6.645068, 49.665483 ], [ 6.645913, 49.665503 ] ] ] ] } },
{ "type": "Feature", "properties": { }, "geometry": { "type": "MultiPolygon", "coordinates": [ [ [ [ 6.761793, 49.499198 ], [ 6.761968, 49.499198 ], [ 6.761983, 49.498683 ], [ 6.761353, 49.498668 ], [ 6.761333, 49.499348 ], [ 6.761788, 49.499363 ], [ 6.761793, 49.499198 ] ] ] ] } },
{ "type": "Feature", "properties": { }, "geometry": { "type": "MultiPolygon", "coordinates": [ [ [ [ 6.758233, 49.525283 ], [ 6.758243, 49.524813 ], [ 6.757318, 49.524803 ], [ 6.757308, 49.525273 ], [ 6.758233, 49.525283 ] ] ] ] } },
{ "type": "Feature", "properties": { }, "geometry": { "type": "MultiPolygon", "coordinates": [ [ [ [ 6.697298, 49.602198 ], [ 6.697843, 49.602518 ], [ 6.698383, 49.601813 ], [ 6.697838, 49.601498 ], [ 6.697298, 49.602198 ] ] ] ] } },
{ "type": "Feature", "properties": { }, "geometry": { "type": "MultiPolygon", "coordinates": [ [ [ [ 6.833063, 49.672123 ], [ 6.834498, 49.672133 ], [ 6.834503, 49.671583 ], [ 6.833068, 49.671573 ], [ 6.833063, 49.672123 ] ] ] ] } },
{ "type": "Feature", "properties": { }, "geometry": { "type": "MultiPolygon", "coordinates": [ [ [ [ 6.796128, 49.742758 ], [ 6.796653, 49.742773 ], [ 6.796678, 49.742018 ], [ 6.796158, 49.742003 ], [ 6.796128, 49.742758 ] ] ] ] } },
{ "type": "Feature", "properties": { }, "geometry": { "type": "MultiPolygon", "coordinates": [ [ [ [ 6.793553, 49.741728 ], [ 6.794303, 49.741738 ], [ 6.794313, 49.741053 ], [ 6.793563, 49.741043 ], [ 6.793553, 49.741728 ] ] ] ] } },
{ "type": "Feature", "properties": { }, "geometry": { "type": "MultiPolygon", "coordinates": [ [ [ [ 6.765848, 49.728908 ], [ 6.765093, 49.728893 ], [ 6.765083, 49.729448 ], [ 6.765368, 49.729453 ], [ 6.765368, 49.729313 ], [ 6.765838, 49.729318 ], [ 6.765848, 49.728908 ] ] ] ] } },
{ "type": "Feature", "properties": { }, "geometry": { "type": "MultiPolygon", "coordinates": [ [ [ [ 6.749808, 49.728603 ], [ 6.749003, 49.728623 ], [ 6.749018, 49.729233 ], [ 6.749823, 49.729218 ], [ 6.749808, 49.728603 ] ] ] ] } },
{ "type": "Feature", "properties": { }, "geometry": { "type": "MultiPolygon", "coordinates": [ [ [ [ 6.756443, 49.733188 ], [ 6.756438, 49.732403 ], [ 6.755728, 49.732403 ], [ 6.755728, 49.732918 ], [ 6.755983, 49.732918 ], [ 6.755983, 49.733188 ], [ 6.756443, 49.733188 ] ] ] ] } },
{ "type": "Feature", "properties": { }, "geometry": { "type": "MultiPolygon", "coordinates": [ [ [ [ 6.752288, 49.739023 ], [ 6.752278, 49.738498 ], [ 6.751678, 49.738508 ], [ 6.751688, 49.739028 ], [ 6.752288, 49.739023 ] ] ] ] } },
{ "type": "Feature", "properties": { }, "geometry": { "type": "MultiPolygon", "coordinates": [ [ [ [ 6.753508, 49.739018 ], [ 6.753513, 49.738618 ], [ 6.753113, 49.738618 ], [ 6.753113, 49.738463 ], [ 6.752778, 49.738458 ], [ 6.752773, 49.739013 ], [ 6.753508, 49.739018 ] ] ] ] } },
{ "type": "Feature", "properties": { }, "geometry": { "type": "MultiPolygon", "coordinates": [ [ [ [ 6.781418, 49.736393 ], [ 6.780908, 49.736393 ], [ 6.780903, 49.736923 ], [ 6.781573, 49.736928 ], [ 6.781578, 49.736633 ], [ 6.781418, 49.736633 ], [ 6.781418, 49.736393 ] ] ] ] } },
{ "type": "Feature", "properties": { }, "geometry": { "type": "MultiPolygon", "coordinates": [ [ [ [ 6.747878, 49.742683 ], [ 6.748278, 49.742693 ], [ 6.748278, 49.742788 ], [ 6.748643, 49.742798 ], [ 6.748658, 49.742298 ], [ 6.747893, 49.742278 ], [ 6.747878, 49.742683 ] ] ] ] } },
{ "type": "Feature", "properties": { }, "geometry": { "type": "MultiPolygon", "coordinates": [ [ [ [ 6.750963, 49.747738 ], [ 6.751258, 49.747733 ], [ 6.751253, 49.747603 ], [ 6.751728, 49.747593 ], [ 6.751718, 49.747183 ], [ 6.750948, 49.747203 ], [ 6.750963, 49.747738 ] ] ] ] } },
{ "type": "Feature", "properties": { }, "geometry": { "type": "MultiPolygon", "coordinates": [ [ [ [ 6.766158, 49.751503 ], [ 6.766063, 49.751498 ], [ 6.766068, 49.751263 ], [ 6.765628, 49.751258 ], [ 6.765613, 49.751953 ], [ 6.766148, 49.751958 ], [ 6.766158, 49.751503 ] ] ] ] } },
{ "type": "Feature", "properties": { }, "geometry": { "type": "MultiPolygon", "coordinates": [ [ [ [ 6.743658, 49.741993 ], [ 6.743663, 49.742248 ], [ 6.743538, 49.742243 ], [ 6.743533, 49.742498 ], [ 6.743648, 49.742498 ], [ 6.743643, 49.742648 ], [ 6.744153, 49.742648 ], [ 6.744143, 49.741988 ], [ 6.743658, 49.741993 ] ] ] ] } },
{ "type": "Feature", "properties": { }, "geometry": { "type": "MultiPolygon", "coordinates": [ [ [ [ 6.741443, 49.759658 ], [ 6.741453, 49.759243 ], [ 6.741383, 49.759243 ], [ 6.741388, 49.758923 ], [ 6.740898, 49.758918 ], [ 6.740888, 49.759648 ], [ 6.741443, 49.759658 ] ] ] ] } },
{ "type": "Feature", "properties": { }, "geometry": { "type": "MultiPolygon", "coordinates": [ [ [ [ 6.757383, 49.757103 ], [ 6.758123, 49.757128 ], [ 6.758148, 49.756563 ], [ 6.757678, 49.756543 ], [ 6.757673, 49.756638 ], [ 6.757403, 49.756628 ], [ 6.757383, 49.757103 ] ] ] ] } },
{ "type": "Feature", "properties": { }, "geometry": { "type": "MultiPolygon", "coordinates": [ [ [ [ 6.752653, 49.760103 ], [ 6.752048, 49.760083 ], [ 6.752028, 49.760593 ], [ 6.752633, 49.760608 ], [ 6.752653, 49.760103 ] ] ] ] } },
{ "type": "Feature", "properties": { }, "geometry": { "type": "MultiPolygon", "coordinates": [ [ [ [ 6.726403, 49.730673 ], [ 6.726428, 49.730048 ], [ 6.725958, 49.730033 ], [ 6.725938, 49.730658 ], [ 6.726403, 49.730673 ] ] ] ] } },
{ "type": "Feature", "properties": { }, "geometry": { "type": "MultiPolygon", "coordinates": [ [ [ [ 6.731223, 49.739698 ], [ 6.730418, 49.739708 ], [ 6.730423, 49.740128 ], [ 6.731228, 49.740123 ], [ 6.731223, 49.739698 ] ] ] ] } },
{ "type": "Feature", "properties": { }, "geometry": { "type": "MultiPolygon", "coordinates": [ [ [ [ 6.739158, 49.732273 ], [ 6.739168, 49.731563 ], [ 6.738703, 49.731558 ], [ 6.738693, 49.732273 ], [ 6.739158, 49.732273 ] ] ] ] } },
{ "type": "Feature", "properties": { }, "geometry": { "type": "MultiPolygon", "coordinates": [ [ [ [ 6.739153, 49.733253 ], [ 6.738683, 49.733258 ], [ 6.738678, 49.733478 ], [ 6.738573, 49.733478 ], [ 6.738568, 49.733808 ], [ 6.738673, 49.733808 ], [ 6.738668, 49.733968 ], [ 6.739158, 49.733968 ], [ 6.739153, 49.733253 ] ] ] ] } },
{ "type": "Feature", "properties": { }, "geometry": { "type": "MultiPolygon", "coordinates": [ [ [ [ 6.771083, 49.743213 ], [ 6.770593, 49.743223 ], [ 6.770603, 49.743888 ], [ 6.771073, 49.743878 ], [ 6.771068, 49.743668 ], [ 6.771223, 49.743668 ], [ 6.771223, 49.743483 ], [ 6.771088, 49.743488 ], [ 6.771083, 49.743213 ] ] ] ] } },
{ "type": "Feature", "properties": { }, "geometry": { "type": "MultiPolygon", "coordinates": [ [ [ [ 6.747368, 49.764043 ], [ 6.747378, 49.763623 ], [ 6.746588, 49.763608 ], [ 6.746573, 49.764093 ], [ 6.747078, 49.764103 ], [ 6.747078, 49.764038 ], [ 6.747368, 49.764043 ] ] ] ] } },
{ "type": "Feature", "properties": { }, "geometry": { "type": "MultiPolygon", "coordinates": [ [ [ [ 6.793028, 49.751413 ], [ 6.793023, 49.751208 ], [ 6.793213, 49.751208 ], [ 6.793208, 49.750738 ], [ 6.792538, 49.750743 ], [ 6.792543, 49.751418 ], [ 6.793028, 49.751413 ] ] ] ] } },
{ "type": "Feature", "properties": { }, "geometry": { "type": "MultiPolygon", "coordinates": [ [ [ [ 6.730828, 49.777798 ], [ 6.730358, 49.777423 ], [ 6.729888, 49.777868 ], [ 6.730013, 49.777973 ], [ 6.729828, 49.778153 ], [ 6.730168, 49.778428 ], [ 6.730828, 49.777798 ] ] ] ] } },
{ "type": "Feature", "properties": { }, "geometry": { "type": "MultiPolygon", "coordinates": [ [ [ [ 6.733028, 49.778568 ], [ 6.733058, 49.778593 ], [ 6.733388, 49.778273 ], [ 6.733028, 49.777983 ], [ 6.732483, 49.778508 ], [ 6.732818, 49.778773 ], [ 6.733028, 49.778568 ] ] ] ] } },
{ "type": "Feature", "properties": { }, "geometry": { "type": "MultiPolygon", "coordinates": [ [ [ [ 6.675778, 49.816558 ], [ 6.675768, 49.816118 ], [ 6.674878, 49.816133 ], [ 6.674883, 49.816393 ], [ 6.675058, 49.816388 ], [ 6.675063, 49.816568 ], [ 6.675778, 49.816558 ] ] ] ] } },
{ "type": "Feature", "properties": { }, "geometry": { "type": "MultiPolygon", "coordinates": [ [ [ [ 6.692848, 49.817038 ], [ 6.692523, 49.817708 ], [ 6.692978, 49.817878 ], [ 6.693253, 49.817318 ], [ 6.693053, 49.817238 ], [ 6.693103, 49.817138 ], [ 6.692848, 49.817038 ] ] ] ] } },
{ "type": "Feature", "properties": { }, "geometry": { "type": "MultiPolygon", "coordinates": [ [ [ [ 6.703103, 49.809053 ], [ 6.703543, 49.809253 ], [ 6.703943, 49.808578 ], [ 6.703503, 49.808378 ], [ 6.703103, 49.809053 ] ] ] ] } },
{ "type": "Feature", "properties": { }, "geometry": { "type": "MultiPolygon", "coordinates": [ [ [ [ 6.776803, 49.791298 ], [ 6.776793, 49.791758 ], [ 6.777798, 49.791773 ], [ 6.777808, 49.791313 ], [ 6.776803, 49.791298 ] ] ] ] } },
{ "type": "Feature", "properties": { }, "geometry": { "type": "MultiPolygon", "coordinates": [ [ [ [ 6.822338, 49.773813 ], [ 6.821528, 49.773833 ], [ 6.821538, 49.774278 ], [ 6.822353, 49.774253 ], [ 6.822338, 49.773813 ] ] ] ] } },
{ "type": "Feature", "properties": { }, "geometry": { "type": "MultiPolygon", "coordinates": [ [ [ [ 6.806093, 49.760558 ], [ 6.806213, 49.760563 ], [ 6.806233, 49.760143 ], [ 6.805768, 49.760123 ], [ 6.805738, 49.760708 ], [ 6.806088, 49.760718 ], [ 6.806093, 49.760558 ] ] ] ] } },
{ "type": "Feature", "properties": { }, "geometry": { "type": "MultiPolygon", "coordinates": [ [ [ [ 6.824108, 49.775903 ], [ 6.824123, 49.776598 ], [ 6.824753, 49.776583 ], [ 6.824738, 49.775888 ], [ 6.824108, 49.775903 ] ] ] ] } },
{ "type": "Feature", "properties": { }, "geometry": { "type": "MultiPolygon", "coordinates": [ [ [ [ 6.820843, 49.787468 ], [ 6.820818, 49.787988 ], [ 6.821488, 49.788008 ], [ 6.821513, 49.787493 ], [ 6.820843, 49.787468 ] ] ] ] } },
{ "type": "Feature", "properties": { }, "geometry": { "type": "MultiPolygon", "coordinates": [ [ [ [ 6.836358, 49.784323 ], [ 6.835953, 49.784183 ], [ 6.835603, 49.784988 ], [ 6.835973, 49.785128 ], [ 6.836358, 49.784323 ] ] ] ] } },
{ "type": "Feature", "properties": { }, "geometry": { "type": "MultiPolygon", "coordinates": [ [ [ [ 6.839528, 49.790868 ], [ 6.839253, 49.790833 ], [ 6.839268, 49.790723 ], [ 6.838668, 49.790643 ], [ 6.838598, 49.791058 ], [ 6.839043, 49.791118 ], [ 6.838993, 49.791418 ], [ 6.839198, 49.791443 ], [ 6.839178, 49.791563 ], [ 6.839408, 49.791593 ], [ 6.839528, 49.790868 ] ] ] ] } },
{ "type": "Feature", "properties": { }, "geometry": { "type": "MultiPolygon", "coordinates": [ [ [ [ 6.848113, 49.808893 ], [ 6.847333, 49.808188 ], [ 6.846708, 49.808728 ], [ 6.847063, 49.809048 ], [ 6.847118, 49.808998 ], [ 6.847543, 49.809378 ], [ 6.848113, 49.808893 ] ] ] ] } },
{ "type": "Feature", "properties": { }, "geometry": { "type": "MultiPolygon", "coordinates": [ [ [ [ 6.835868, 49.797733 ], [ 6.835238, 49.797723 ], [ 6.835218, 49.798498 ], [ 6.835848, 49.798513 ], [ 6.835868, 49.797733 ] ] ] ] } },
{ "type": "Feature", "properties": { }, "geometry": { "type": "MultiPolygon", "coordinates": [ [ [ [ 6.837593, 49.815018 ], [ 6.837553, 49.816338 ], [ 6.838028, 49.816348 ], [ 6.838068, 49.815033 ], [ 6.837593, 49.815018 ] ] ] ] } },
{ "type": "Feature", "properties": { }, "geometry": { "type": "MultiPolygon", "coordinates": [ [ [ [ 7.210253, 49.846648 ], [ 7.210238, 49.847388 ], [ 7.210938, 49.847398 ], [ 7.210938, 49.847268 ], [ 7.211138, 49.847273 ], [ 7.211148, 49.846883 ], [ 7.210723, 49.846878 ], [ 7.210728, 49.846658 ], [ 7.210253, 49.846648 ] ] ] ] } },
{ "type": "Feature", "properties": { }, "geometry": { "type": "MultiPolygon", "coordinates": [ [ [ [ 6.964823, 50.062873 ], [ 6.965738, 50.062958 ], [ 6.965823, 50.062243 ], [ 6.965393, 50.062203 ], [ 6.965413, 50.062018 ], [ 6.965018, 50.061983 ], [ 6.964978, 50.062338 ], [ 6.964888, 50.062328 ], [ 6.964823, 50.062873 ] ] ] ] } },
{ "type": "Feature", "properties": { }, "geometry": { "type": "MultiPolygon", "coordinates": [ [ [ [ 7.159333, 49.846578 ], [ 7.158798, 49.846583 ], [ 7.158768, 49.847028 ], [ 7.159318, 49.847038 ], [ 7.159333, 49.846578 ] ] ] ] } },
{ "type": "Feature", "properties": { }, "geometry": { "type": "MultiPolygon", "coordinates": [ [ [ [ 7.108933, 49.823588 ], [ 7.108488, 49.823603 ], [ 7.108458, 49.824663 ], [ 7.108933, 49.824663 ], [ 7.108933, 49.823588 ] ] ] ] } },
{ "type": "Feature", "properties": { }, "geometry": { "type": "MultiPolygon", "coordinates": [ [ [ [ 7.105968, 49.822133 ], [ 7.106663, 49.822143 ], [ 7.106593, 49.821048 ], [ 7.105953, 49.821088 ], [ 7.105968, 49.822133 ] ] ] ] } },
{ "type": "Feature", "properties": { }, "geometry": { "type": "MultiPolygon", "coordinates": [ [ [ [ 7.124578, 49.788433 ], [ 7.125913, 49.788363 ], [ 7.125963, 49.787758 ], [ 7.124548, 49.787823 ], [ 7.124578, 49.788433 ] ] ] ] } },
{ "type": "Feature", "properties": { }, "geometry": { "type": "MultiPolygon", "coordinates": [ [ [ [ 7.277858, 50.176073 ], [ 7.277278, 50.176058 ], [ 7.277248, 50.176763 ], [ 7.277828, 50.176778 ], [ 7.277858, 50.176073 ] ] ] ] } },
{ "type": "Feature", "properties": { }, "geometry": { "type": "MultiPolygon", "coordinates": [ [ [ [ 7.255518, 50.178388 ], [ 7.255128, 50.178383 ], [ 7.255123, 50.178768 ], [ 7.254518, 50.178763 ], [ 7.254513, 50.179243 ], [ 7.255023, 50.179248 ], [ 7.255018, 50.179368 ], [ 7.255503, 50.179373 ], [ 7.255518, 50.178388 ] ] ] ] } },
{ "type": "Feature", "properties": { }, "geometry": { "type": "MultiPolygon", "coordinates": [ [ [ [ 7.247623, 50.176873 ], [ 7.248283, 50.176873 ], [ 7.248283, 50.175708 ], [ 7.247988, 50.175708 ], [ 7.247988, 50.175528 ], [ 7.247158, 50.175528 ], [ 7.247158, 50.176128 ], [ 7.247883, 50.176133 ], [ 7.247878, 50.176368 ], [ 7.247628, 50.176368 ], [ 7.247623, 50.176873 ] ] ] ] } },
{ "type": "Feature", "properties": { }, "geometry": { "type": "MultiPolygon", "coordinates": [ [ [ [ 7.217913, 50.183258 ], [ 7.217393, 50.182768 ], [ 7.216398, 50.183593 ], [ 7.216918, 50.184078 ], [ 7.217913, 50.183258 ] ] ] ] } },
{ "type": "Feature", "properties": { }, "geometry": { "type": "MultiPolygon", "coordinates": [ [ [ [ 7.199133, 50.179593 ], [ 7.199148, 50.179083 ], [ 7.198383, 50.179068 ], [ 7.198368, 50.179573 ], [ 7.199133, 50.179593 ] ] ] ] } },
{ "type": "Feature", "properties": { }, "geometry": { "type": "MultiPolygon", "coordinates": [ [ [ [ 7.122423, 49.493178 ], [ 7.122458, 49.492828 ], [ 7.121453, 49.492758 ], [ 7.121383, 49.493503 ], [ 7.121893, 49.493543 ], [ 7.121928, 49.493143 ], [ 7.122423, 49.493178 ] ] ] ] } },
{ "type": "Feature", "properties": { }, "geometry": { "type": "MultiPolygon", "coordinates": [ [ [ [ 7.130998, 49.491363 ], [ 7.130983, 49.491843 ], [ 7.131373, 49.491848 ], [ 7.131388, 49.491373 ], [ 7.130998, 49.491363 ] ] ] ] } },
{ "type": "Feature", "properties": { }, "geometry": { "type": "MultiPolygon", "coordinates": [ [ [ [ 7.130078, 49.522858 ], [ 7.129708, 49.523208 ], [ 7.130468, 49.523833 ], [ 7.131018, 49.523318 ], [ 7.130413, 49.522823 ], [ 7.130238, 49.522988 ], [ 7.130078, 49.522858 ] ] ] ] } },
{ "type": "Feature", "properties": { }, "geometry": { "type": "MultiPolygon", "coordinates": [ [ [ [ 7.126723, 49.531803 ], [ 7.125798, 49.531353 ], [ 7.125243, 49.532243 ], [ 7.125838, 49.532533 ], [ 7.125938, 49.532378 ], [ 7.126368, 49.532588 ], [ 7.126558, 49.532288 ], [ 7.126453, 49.532238 ], [ 7.126723, 49.531803 ] ] ] ] } },
{ "type": "Feature", "properties": { }, "geometry": { "type": "MultiPolygon", "coordinates": [ [ [ [ 7.127658, 49.528433 ], [ 7.127368, 49.528948 ], [ 7.128443, 49.529428 ], [ 7.128618, 49.529128 ], [ 7.128448, 49.529053 ], [ 7.128733, 49.528553 ], [ 7.128028, 49.528238 ], [ 7.127863, 49.528528 ], [ 7.127658, 49.528433 ] ] ] ] } },
{ "type": "Feature", "properties": { }, "geometry": { "type": "MultiPolygon", "coordinates": [ [ [ [ 7.137838, 49.537983 ], [ 7.137418, 49.538318 ], [ 7.137323, 49.538228 ], [ 7.136998, 49.538488 ], [ 7.137658, 49.539128 ], [ 7.137773, 49.539038 ], [ 7.137988, 49.539253 ], [ 7.138228, 49.539068 ], [ 7.137993, 49.538838 ], [ 7.138393, 49.538523 ], [ 7.137838, 49.537983 ] ] ] ] } },
{ "type": "Feature", "properties": { }, "geometry": { "type": "MultiPolygon", "coordinates": [ [ [ [ 7.130648, 50.045043 ], [ 7.131203, 50.045698 ], [ 7.131563, 50.045463 ], [ 7.131193, 50.045023 ], [ 7.131313, 50.044943 ], [ 7.131128, 50.044728 ], [ 7.130648, 50.045043 ] ] ] ] } },
{ "type": "Feature", "properties": { }, "geometry": { "type": "MultiPolygon", "coordinates": [ [ [ [ 7.135643, 50.044713 ], [ 7.135018, 50.045373 ], [ 7.135358, 50.045623 ], [ 7.135548, 50.045423 ], [ 7.136208, 50.045903 ], [ 7.136608, 50.045478 ], [ 7.136423, 50.045348 ], [ 7.136558, 50.045203 ], [ 7.136033, 50.044818 ], [ 7.135933, 50.044923 ], [ 7.135643, 50.044713 ] ] ] ] } },
{ "type": "Feature", "properties": { }, "geometry": { "type": "MultiPolygon", "coordinates": [ [ [ [ 7.137588, 50.057803 ], [ 7.137588, 50.057988 ], [ 7.136878, 50.057978 ], [ 7.136868, 50.058598 ], [ 7.137938, 50.058608 ], [ 7.137943, 50.058338 ], [ 7.138213, 50.058343 ], [ 7.138218, 50.057813 ], [ 7.137588, 50.057803 ] ] ] ] } },
{ "type": "Feature", "properties": { }, "geometry": { "type": "MultiPolygon", "coordinates": [ [ [ [ 7.106628, 50.043453 ], [ 7.107048, 50.043453 ], [ 7.107048, 50.043418 ], [ 7.107458, 50.043418 ], [ 7.107453, 50.042783 ], [ 7.107173, 50.042783 ], [ 7.107173, 50.042768 ], [ 7.106913, 50.042773 ], [ 7.106908, 50.042678 ], [ 7.106623, 50.042678 ], [ 7.106628, 50.043453 ] ] ] ] } },
{ "type": "Feature", "properties": { }, "geometry": { "type": "MultiPolygon", "coordinates": [ [ [ [ 7.105983, 50.046798 ], [ 7.106003, 50.047798 ], [ 7.106328, 50.047793 ], [ 7.106323, 50.047708 ], [ 7.106673, 50.047703 ], [ 7.106678, 50.047883 ], [ 7.107053, 50.047878 ], [ 7.107038, 50.047078 ], [ 7.106728, 50.047083 ], [ 7.106733, 50.047253 ], [ 7.106353, 50.047258 ], [ 7.106348, 50.046793 ], [ 7.105983, 50.046798 ] ] ] ] } },
{ "type": "Feature", "properties": { }, "geometry": { "type": "MultiPolygon", "coordinates": [ [ [ [ 7.131433, 50.014203 ], [ 7.131188, 50.013868 ], [ 7.130533, 50.014238 ], [ 7.131118, 50.015038 ], [ 7.132213, 50.014423 ], [ 7.131868, 50.013953 ], [ 7.131433, 50.014203 ] ] ] ] } },
{ "type": "Feature", "properties": { }, "geometry": { "type": "MultiPolygon", "coordinates": [ [ [ [ 7.131833, 50.016358 ], [ 7.132303, 50.017443 ], [ 7.133003, 50.017208 ], [ 7.132888, 50.016943 ], [ 7.133043, 50.016888 ], [ 7.132918, 50.016608 ], [ 7.133233, 50.016498 ], [ 7.133003, 50.015963 ], [ 7.131833, 50.016358 ] ] ] ] } },
{ "type": "Feature", "properties": { }, "geometry": { "type": "MultiPolygon", "coordinates": [ [ [ [ 7.134093, 50.023903 ], [ 7.133533, 50.023853 ], [ 7.133528, 50.023913 ], [ 7.133118, 50.023878 ], [ 7.133073, 50.024283 ], [ 7.133328, 50.024308 ], [ 7.133303, 50.024513 ], [ 7.133473, 50.024528 ], [ 7.133418, 50.025008 ], [ 7.134313, 50.025088 ], [ 7.134343, 50.024833 ], [ 7.134168, 50.024818 ], [ 7.134218, 50.024363 ], [ 7.134043, 50.024348 ], [ 7.134093, 50.023903 ] ] ] ] } },
{ "type": "Feature", "properties": { }, "geometry": { "type": "MultiPolygon", "coordinates": [ [ [ [ 7.148803, 50.017208 ], [ 7.150003, 50.017948 ], [ 7.150253, 50.017628 ], [ 7.150383, 50.017708 ], [ 7.150628, 50.017398 ], [ 7.150513, 50.017333 ], [ 7.150728, 50.017068 ], [ 7.149883, 50.016548 ], [ 7.149418, 50.017128 ], [ 7.149053, 50.016898 ], [ 7.148803, 50.017208 ] ] ] ] } },
{ "type": "Feature", "properties": { }, "geometry": { "type": "MultiPolygon", "coordinates": [ [ [ [ 7.181018, 50.005763 ], [ 7.179763, 50.005758 ], [ 7.179758, 50.006253 ], [ 7.179543, 50.006253 ], [ 7.179543, 50.006848 ], [ 7.179828, 50.006848 ], [ 7.179833, 50.006548 ], [ 7.181013, 50.006553 ], [ 7.181018, 50.005763 ] ] ] ] } },
{ "type": "Feature", "properties": { }, "geometry": { "type": "MultiPolygon", "coordinates": [ [ [ [ 7.165718, 49.995743 ], [ 7.165148, 49.995733 ], [ 7.165148, 49.995613 ], [ 7.164668, 49.995603 ], [ 7.164648, 49.996458 ], [ 7.165698, 49.996478 ], [ 7.165718, 49.995743 ] ] ] ] } },
{ "type": "Feature", "properties": { }, "geometry": { "type": "MultiPolygon", "coordinates": [ [ [ [ 7.146673, 49.946563 ], [ 7.146363, 49.946553 ], [ 7.146353, 49.946868 ], [ 7.146658, 49.946873 ], [ 7.146673, 49.946563 ] ] ] ] } },
{ "type": "Feature", "properties": { }, "geometry": { "type": "MultiPolygon", "coordinates": [ [ [ [ 7.173123, 49.967863 ], [ 7.173128, 49.967363 ], [ 7.171988, 49.967348 ], [ 7.171978, 49.967988 ], [ 7.172448, 49.967993 ], [ 7.172448, 49.967853 ], [ 7.173123, 49.967863 ] ] ] ] } },
{ "type": "Feature", "properties": { }, "geometry": { "type": "MultiPolygon", "coordinates": [ [ [ [ 7.189438, 49.973338 ], [ 7.189463, 49.973963 ], [ 7.189758, 49.973953 ], [ 7.189743, 49.973553 ], [ 7.189918, 49.973548 ], [ 7.189908, 49.973323 ], [ 7.189438, 49.973338 ] ] ] ] } },
{ "type": "Feature", "properties": { }, "geometry": { "type": "MultiPolygon", "coordinates": [ [ [ [ 7.175078, 49.971788 ], [ 7.175083, 49.972458 ], [ 7.175628, 49.972453 ], [ 7.175623, 49.972223 ], [ 7.175503, 49.972223 ], [ 7.175498, 49.971783 ], [ 7.175078, 49.971788 ] ] ] ] } },
{ "type": "Feature", "properties": { }, "geometry": { "type": "MultiPolygon", "coordinates": [ [ [ [ 7.211533, 49.996358 ], [ 7.212213, 49.996373 ], [ 7.212218, 49.995933 ], [ 7.211543, 49.995918 ], [ 7.211533, 49.996358 ] ] ] ] } },
{ "type": "Feature", "properties": { }, "geometry": { "type": "MultiPolygon", "coordinates": [ [ [ [ 7.277688, 49.966413 ], [ 7.277413, 49.966518 ], [ 7.277363, 49.966413 ], [ 7.276803, 49.966618 ], [ 7.276763, 49.966533 ], [ 7.276413, 49.966663 ], [ 7.276628, 49.967103 ], [ 7.276963, 49.966978 ], [ 7.277258, 49.967588 ], [ 7.277873, 49.967358 ], [ 7.277743, 49.967088 ], [ 7.277973, 49.967003 ], [ 7.277688, 49.966413 ] ] ] ] } },
{ "type": "Feature", "properties": { }, "geometry": { "type": "MultiPolygon", "coordinates": [ [ [ [ 7.257993, 49.982938 ], [ 7.259108, 49.982958 ], [ 7.259118, 49.982443 ], [ 7.258003, 49.982423 ], [ 7.257993, 49.982938 ] ] ] ] } },
{ "type": "Feature", "properties": { }, "geometry": { "type": "MultiPolygon", "coordinates": [ [ [ [ 7.225833, 49.987133 ], [ 7.226578, 49.987118 ], [ 7.226563, 49.986578 ], [ 7.226383, 49.986583 ], [ 7.226378, 49.986363 ], [ 7.225813, 49.986373 ], [ 7.225833, 49.987133 ] ] ] ] } },
{ "type": "Feature", "properties": { }, "geometry": { "type": "MultiPolygon", "coordinates": [ [ [ [ 7.180218, 49.850138 ], [ 7.180658, 49.850128 ], [ 7.180643, 49.849693 ], [ 7.180203, 49.849703 ], [ 7.180218, 49.850138 ] ] ] ] } },
{ "type": "Feature", "properties": { }, "geometry": { "type": "MultiPolygon", "coordinates": [ [ [ [ 7.133238, 49.885863 ], [ 7.133233, 49.885413 ], [ 7.132708, 49.885413 ], [ 7.132713, 49.885868 ], [ 7.133238, 49.885863 ] ] ] ] } },
{ "type": "Feature", "properties": { }, "geometry": { "type": "MultiPolygon", "coordinates": [ [ [ [ 7.104923, 49.893078 ], [ 7.104928, 49.893303 ], [ 7.105343, 49.893293 ], [ 7.105338, 49.893068 ], [ 7.104923, 49.893078 ] ] ] ] } },
{ "type": "Feature", "properties": { }, "geometry": { "type": "MultiPolygon", "coordinates": [ [ [ [ 7.187993, 49.857268 ], [ 7.188658, 49.857278 ], [ 7.188673, 49.856648 ], [ 7.188428, 49.856643 ], [ 7.188428, 49.856503 ], [ 7.188243, 49.856498 ], [ 7.188233, 49.856808 ], [ 7.188008, 49.856803 ], [ 7.187993, 49.857268 ] ] ] ] } },
{ "type": "Feature", "properties": { }, "geometry": { "type": "MultiPolygon", "coordinates": [ [ [ [ 7.190228, 49.856128 ], [ 7.189583, 49.856118 ], [ 7.189573, 49.856743 ], [ 7.190218, 49.856753 ], [ 7.190228, 49.856128 ] ] ] ] } },
{ "type": "Feature", "properties": { }, "geometry": { "type": "MultiPolygon", "coordinates": [ [ [ [ 7.181068, 49.876623 ], [ 7.180558, 49.876608 ], [ 7.180533, 49.877658 ], [ 7.180973, 49.877668 ], [ 7.180998, 49.876853 ], [ 7.181063, 49.876858 ], [ 7.181068, 49.876623 ] ] ] ] } },
{ "type": "Feature", "properties": { }, "geometry": { "type": "MultiPolygon", "coordinates": [ [ [ [ 7.100943, 49.870858 ], [ 7.100368, 49.870848 ], [ 7.100358, 49.871143 ], [ 7.100938, 49.871153 ], [ 7.100943, 49.870858 ] ] ] ] } },
{ "type": "Feature", "properties": { }, "geometry": { "type": "MultiPolygon", "coordinates": [ [ [ [ 7.113133, 49.776578 ], [ 7.112888, 49.776113 ], [ 7.112308, 49.776353 ], [ 7.112408, 49.776548 ], [ 7.112178, 49.776643 ], [ 7.112323, 49.776913 ], [ 7.113133, 49.776578 ] ] ] ] } },
{ "type": "Feature", "properties": { }, "geometry": { "type": "MultiPolygon", "coordinates": [ [ [ [ 6.901243, 49.883638 ], [ 6.901233, 49.884143 ], [ 6.902153, 49.884158 ], [ 6.902158, 49.883648 ], [ 6.901243, 49.883638 ] ] ] ] } },
{ "type": "Feature", "properties": { }, "geometry": { "type": "MultiPolygon", "coordinates": [ [ [ [ 6.917963, 49.888788 ], [ 6.918558, 49.888813 ], [ 6.918573, 49.888478 ], [ 6.918908, 49.888493 ], [ 6.918928, 49.888153 ], [ 6.918523, 49.888133 ], [ 6.918533, 49.887933 ], [ 6.918893, 49.887948 ], [ 6.918913, 49.887603 ], [ 6.918028, 49.887568 ], [ 6.917963, 49.888788 ] ] ] ] } },
{ "type": "Feature", "properties": { }, "geometry": { "type": "MultiPolygon", "coordinates": [ [ [ [ 6.790688, 49.946523 ], [ 6.790703, 49.945843 ], [ 6.790018, 49.945828 ], [ 6.790013, 49.946238 ], [ 6.790238, 49.946243 ], [ 6.790233, 49.946513 ], [ 6.790688, 49.946523 ] ] ] ] } },
{ "type": "Feature", "properties": { }, "geometry": { "type": "MultiPolygon", "coordinates": [ [ [ [ 6.822878, 49.947098 ], [ 6.823713, 49.947113 ], [ 6.823728, 49.946403 ], [ 6.822893, 49.946393 ], [ 6.822878, 49.947098 ] ] ] ] } },
{ "type": "Feature", "properties": { }, "geometry": { "type": "MultiPolygon", "coordinates": [ [ [ [ 6.829228, 49.921798 ], [ 6.829228, 49.922523 ], [ 6.829563, 49.922523 ], [ 6.829563, 49.921313 ], [ 6.828443, 49.921313 ], [ 6.828443, 49.921703 ], [ 6.828088, 49.921703 ], [ 6.828088, 49.922093 ], [ 6.828498, 49.922093 ], [ 6.828498, 49.921798 ], [ 6.829228, 49.921798 ] ] ] ] } },
{ "type": "Feature", "properties": { }, "geometry": { "type": "MultiPolygon", "coordinates": [ [ [ [ 6.843953, 49.925413 ], [ 6.843938, 49.925988 ], [ 6.844308, 49.925998 ], [ 6.844313, 49.925773 ], [ 6.844493, 49.925778 ], [ 6.844503, 49.925423 ], [ 6.843953, 49.925413 ] ] ] ] } },
{ "type": "Feature", "properties": { }, "geometry": { "type": "MultiPolygon", "coordinates": [ [ [ [ 6.765493, 49.945938 ], [ 6.764923, 49.945923 ], [ 6.764913, 49.946253 ], [ 6.765083, 49.946258 ], [ 6.765078, 49.946423 ], [ 6.765478, 49.946433 ], [ 6.765493, 49.945938 ] ] ] ] } },
{ "type": "Feature", "properties": { }, "geometry": { "type": "MultiPolygon", "coordinates": [ [ [ [ 7.050103, 50.080048 ], [ 7.049313, 50.080038 ], [ 7.049283, 50.081773 ], [ 7.050073, 50.081783 ], [ 7.050103, 50.080048 ] ] ] ] } },
{ "type": "Feature", "properties": { }, "geometry": { "type": "MultiPolygon", "coordinates": [ [ [ [ 7.049978, 50.075318 ], [ 7.049983, 50.074748 ], [ 7.049873, 50.074748 ], [ 7.049878, 50.074328 ], [ 7.049408, 50.074323 ], [ 7.049398, 50.075313 ], [ 7.049978, 50.075318 ] ] ] ] } },
{ "type": "Feature", "properties": { }, "geometry": { "type": "MultiPolygon", "coordinates": [ [ [ [ 6.652858, 49.854938 ], [ 6.652838, 49.854433 ], [ 6.652208, 49.854448 ], [ 6.652228, 49.854958 ], [ 6.652858, 49.854938 ] ] ] ] } },
{ "type": "Feature", "properties": { }, "geometry": { "type": "MultiPolygon", "coordinates": [ [ [ [ 6.979863, 49.514988 ], [ 6.980818, 49.514998 ], [ 6.980818, 49.514798 ], [ 6.979863, 49.514793 ], [ 6.979863, 49.514988 ] ] ] ] } },
{ "type": "Feature", "properties": { }, "geometry": { "type": "MultiPolygon", "coordinates": [ [ [ [ 7.273813, 50.138768 ], [ 7.273798, 50.139148 ], [ 7.274518, 50.139168 ], [ 7.274533, 50.138793 ], [ 7.273813, 50.138768 ] ] ] ] } },
{ "type": "Feature", "properties": { }, "geometry": { "type": "MultiPolygon", "coordinates": [ [ [ [ 7.306698, 50.114168 ], [ 7.306133, 50.114153 ], [ 7.306108, 50.114813 ], [ 7.307048, 50.114838 ], [ 7.307068, 50.114308 ], [ 7.306693, 50.114298 ], [ 7.306698, 50.114168 ] ] ] ] } },
{ "type": "Feature", "properties": { }, "geometry": { "type": "MultiPolygon", "coordinates": [ [ [ [ 7.319528, 50.100403 ], [ 7.320483, 50.100423 ], [ 7.320493, 50.100033 ], [ 7.320273, 50.100028 ], [ 7.320283, 50.099643 ], [ 7.319603, 50.099628 ], [ 7.319588, 50.100013 ], [ 7.319538, 50.100013 ], [ 7.319528, 50.100403 ] ] ] ] } },
{ "type": "Feature", "properties": { }, "geometry": { "type": "MultiPolygon", "coordinates": [ [ [ [ 7.307268, 50.112198 ], [ 7.307258, 50.112668 ], [ 7.308273, 50.112678 ], [ 7.308278, 50.112208 ], [ 7.307268, 50.112198 ] ] ] ] } },
{ "type": "Feature", "properties": { }, "geometry": { "type": "MultiPolygon", "coordinates": [ [ [ [ 7.303583, 50.099578 ], [ 7.303608, 50.100468 ], [ 7.304238, 50.100453 ], [ 7.304213, 50.099563 ], [ 7.303583, 50.099578 ] ] ] ] } },
{ "type": "Feature", "properties": { }, "geometry": { "type": "MultiPolygon", "coordinates": [ [ [ [ 7.307928, 50.100263 ], [ 7.308608, 50.100438 ], [ 7.308848, 50.099723 ], [ 7.308508, 50.099633 ], [ 7.308463, 50.099768 ], [ 7.308123, 50.099683 ], [ 7.307928, 50.100263 ] ] ] ] } },
{ "type": "Feature", "properties": { }, "geometry": { "type": "MultiPolygon", "coordinates": [ [ [ [ 7.290123, 50.103228 ], [ 7.289203, 50.103218 ], [ 7.289193, 50.103818 ], [ 7.289168, 50.103818 ], [ 7.289163, 50.104103 ], [ 7.290108, 50.104118 ], [ 7.290123, 50.103228 ] ] ] ] } },
{ "type": "Feature", "properties": { }, "geometry": { "type": "MultiPolygon", "coordinates": [ [ [ [ 7.322628, 50.083728 ], [ 7.322613, 50.082848 ], [ 7.321903, 50.082853 ], [ 7.321913, 50.083633 ], [ 7.322213, 50.083628 ], [ 7.322218, 50.083733 ], [ 7.322628, 50.083728 ] ] ] ] } },
{ "type": "Feature", "properties": { }, "geometry": { "type": "MultiPolygon", "coordinates": [ [ [ [ 7.311903, 50.083033 ], [ 7.311918, 50.082498 ], [ 7.311113, 50.082478 ], [ 7.311113, 50.082538 ], [ 7.310588, 50.082528 ], [ 7.310578, 50.083008 ], [ 7.311903, 50.083033 ] ] ] ] } },
{ "type": "Feature", "properties": { }, "geometry": { "type": "MultiPolygon", "coordinates": [ [ [ [ 7.306318, 50.094808 ], [ 7.306308, 50.095478 ], [ 7.306068, 50.095478 ], [ 7.306063, 50.095783 ], [ 7.306413, 50.095788 ], [ 7.306413, 50.095668 ], [ 7.307083, 50.095678 ], [ 7.307093, 50.095193 ], [ 7.306918, 50.095193 ], [ 7.306923, 50.094813 ], [ 7.306318, 50.094808 ] ] ] ] } },
{ "type": "Feature", "properties": { }, "geometry": { "type": "MultiPolygon", "coordinates": [ [ [ [ 7.308838, 50.085798 ], [ 7.307843, 50.085788 ], [ 7.307838, 50.086173 ], [ 7.307623, 50.086173 ], [ 7.307618, 50.086338 ], [ 7.307833, 50.086338 ], [ 7.307828, 50.086763 ], [ 7.308418, 50.086773 ], [ 7.308428, 50.086243 ], [ 7.308828, 50.086243 ], [ 7.308838, 50.085798 ] ] ] ] } },
{ "type": "Feature", "properties": { }, "geometry": { "type": "MultiPolygon", "coordinates": [ [ [ [ 7.304698, 50.060978 ], [ 7.304738, 50.060163 ], [ 7.304133, 50.060138 ], [ 7.304098, 50.060958 ], [ 7.304698, 50.060978 ] ] ] ] } },
{ "type": "Feature", "properties": { }, "geometry": { "type": "MultiPolygon", "coordinates": [ [ [ [ 7.284978, 50.081263 ], [ 7.284588, 50.081213 ], [ 7.284538, 50.081518 ], [ 7.284928, 50.081568 ], [ 7.284978, 50.081263 ] ] ] ] } },
{ "type": "Feature", "properties": { }, "geometry": { "type": "MultiPolygon", "coordinates": [ [ [ [ 7.300863, 50.078338 ], [ 7.300853, 50.078708 ], [ 7.301238, 50.078718 ], [ 7.301238, 50.078853 ], [ 7.301783, 50.078863 ], [ 7.301803, 50.078358 ], [ 7.300863, 50.078338 ] ] ] ] } },
{ "type": "Feature", "properties": { }, "geometry": { "type": "MultiPolygon", "coordinates": [ [ [ [ 7.301308, 50.075648 ], [ 7.301328, 50.076573 ], [ 7.302178, 50.076558 ], [ 7.302163, 50.075768 ], [ 7.301678, 50.075773 ], [ 7.301673, 50.075643 ], [ 7.301308, 50.075648 ] ] ] ] } },
{ "type": "Feature", "properties": { }, "geometry": { "type": "MultiPolygon", "coordinates": [ [ [ [ 7.278993, 50.094938 ], [ 7.278998, 50.093873 ], [ 7.278398, 50.093873 ], [ 7.278393, 50.094203 ], [ 7.278498, 50.094203 ], [ 7.278493, 50.094933 ], [ 7.278993, 50.094938 ] ] ] ] } },
{ "type": "Feature", "properties": { }, "geometry": { "type": "MultiPolygon", "coordinates": [ [ [ [ 7.276118, 50.113418 ], [ 7.276938, 50.112638 ], [ 7.276208, 50.111993 ], [ 7.275343, 50.112753 ], [ 7.276118, 50.113418 ] ] ] ] } },
{ "type": "Feature", "properties": { }, "geometry": { "type": "MultiPolygon", "coordinates": [ [ [ [ 7.264448, 50.035348 ], [ 7.264483, 50.035738 ], [ 7.264738, 50.035718 ], [ 7.264763, 50.035963 ], [ 7.265283, 50.035923 ], [ 7.265218, 50.035288 ], [ 7.264448, 50.035348 ] ] ] ] } },
{ "type": "Feature", "properties": { }, "geometry": { "type": "MultiPolygon", "coordinates": [ [ [ [ 7.268368, 50.024538 ], [ 7.269133, 50.025663 ], [ 7.270008, 50.025208 ], [ 7.269493, 50.024448 ], [ 7.269198, 50.024603 ], [ 7.269083, 50.024433 ], [ 7.268988, 50.024483 ], [ 7.268853, 50.024283 ], [ 7.268368, 50.024538 ] ] ] ] } },
{ "type": "Feature", "properties": { }, "geometry": { "type": "MultiPolygon", "coordinates": [ [ [ [ 7.262598, 50.022643 ], [ 7.262708, 50.023018 ], [ 7.262878, 50.022983 ], [ 7.262928, 50.023163 ], [ 7.262713, 50.023213 ], [ 7.262903, 50.023858 ], [ 7.263403, 50.023748 ], [ 7.263048, 50.022543 ], [ 7.262598, 50.022643 ] ] ] ] } },
{ "type": "Feature", "properties": { }, "geometry": { "type": "MultiPolygon", "coordinates": [ [ [ [ 7.270893, 50.012768 ], [ 7.270218, 50.012838 ], [ 7.270318, 50.013618 ], [ 7.270693, 50.013578 ], [ 7.270743, 50.013988 ], [ 7.271308, 50.013928 ], [ 7.271263, 50.013568 ], [ 7.271223, 50.013573 ], [ 7.271153, 50.013038 ], [ 7.270933, 50.013063 ], [ 7.270893, 50.012768 ] ] ] ] } },
{ "type": "Feature", "properties": { }, "geometry": { "type": "MultiPolygon", "coordinates": [ [ [ [ 7.249553, 50.013618 ], [ 7.249063, 50.013828 ], [ 7.249258, 50.014183 ], [ 7.249753, 50.013968 ], [ 7.249553, 50.013618 ] ] ] ] } },
{ "type": "Feature", "properties": { }, "geometry": { "type": "MultiPolygon", "coordinates": [ [ [ [ 7.252388, 50.010928 ], [ 7.251878, 50.011263 ], [ 7.252158, 50.011593 ], [ 7.252668, 50.011253 ], [ 7.252388, 50.010928 ] ] ] ] } },
{ "type": "Feature", "properties": { }, "geometry": { "type": "MultiPolygon", "coordinates": [ [ [ [ 7.232533, 50.004483 ], [ 7.231593, 50.004503 ], [ 7.231608, 50.004988 ], [ 7.232548, 50.004963 ], [ 7.232533, 50.004483 ] ] ] ] } },
{ "type": "Feature", "properties": { }, "geometry": { "type": "MultiPolygon", "coordinates": [ [ [ [ 7.229973, 49.999418 ], [ 7.230908, 49.999448 ], [ 7.230933, 49.998898 ], [ 7.229998, 49.998868 ], [ 7.229973, 49.999418 ] ] ] ] } },
{ "type": "Feature", "properties": { }, "geometry": { "type": "MultiPolygon", "coordinates": [ [ [ [ 7.223393, 50.001228 ], [ 7.222633, 50.001218 ], [ 7.222623, 50.001678 ], [ 7.223388, 50.001688 ], [ 7.223393, 50.001228 ] ] ] ] } },
{ "type": "Feature", "properties": { }, "geometry": { "type": "MultiPolygon", "coordinates": [ [ [ [ 7.215998, 50.002408 ], [ 7.215428, 50.002403 ], [ 7.215423, 50.002933 ], [ 7.215603, 50.002938 ], [ 7.215603, 50.003148 ], [ 7.216298, 50.003153 ], [ 7.216303, 50.002508 ], [ 7.215998, 50.002508 ], [ 7.215998, 50.002408 ] ] ] ] } },
{ "type": "Feature", "properties": { }, "geometry": { "type": "MultiPolygon", "coordinates": [ [ [ [ 7.234018, 50.019813 ], [ 7.234008, 50.020648 ], [ 7.234488, 50.020653 ], [ 7.234503, 50.019818 ], [ 7.234018, 50.019813 ] ] ] ] } },
{ "type": "Feature", "properties": { }, "geometry": { "type": "MultiPolygon", "coordinates": [ [ [ [ 7.229108, 50.027118 ], [ 7.229098, 50.028018 ], [ 7.229738, 50.028023 ], [ 7.229738, 50.027753 ], [ 7.230028, 50.027758 ], [ 7.230023, 50.027798 ], [ 7.230198, 50.027798 ], [ 7.230203, 50.027128 ], [ 7.229108, 50.027118 ] ] ] ] } },
{ "type": "Feature", "properties": { }, "geometry": { "type": "MultiPolygon", "coordinates": [ [ [ [ 7.140233, 50.096968 ], [ 7.140243, 50.096403 ], [ 7.139843, 50.096398 ], [ 7.139833, 50.096963 ], [ 7.140233, 50.096968 ] ] ] ] } },
{ "type": "Feature", "properties": { }, "geometry": { "type": "MultiPolygon", "coordinates": [ [ [ [ 7.158303, 50.110118 ], [ 7.157793, 50.110113 ], [ 7.157783, 50.110863 ], [ 7.158293, 50.110868 ], [ 7.158303, 50.110118 ] ] ] ] } },
{ "type": "Feature", "properties": { }, "geometry": { "type": "MultiPolygon", "coordinates": [ [ [ [ 7.077928, 50.115238 ], [ 7.077918, 50.116068 ], [ 7.078383, 50.116073 ], [ 7.078393, 50.115243 ], [ 7.077928, 50.115238 ] ] ] ] } },
{ "type": "Feature", "properties": { }, "geometry": { "type": "MultiPolygon", "coordinates": [ [ [ [ 7.026433, 50.137383 ], [ 7.026068, 50.137383 ], [ 7.026068, 50.137468 ], [ 7.025518, 50.137463 ], [ 7.025513, 50.138443 ], [ 7.025863, 50.138443 ], [ 7.025863, 50.138338 ], [ 7.026193, 50.138338 ], [ 7.026193, 50.138243 ], [ 7.026433, 50.138243 ], [ 7.026433, 50.137383 ] ] ] ] } },
{ "type": "Feature", "properties": { }, "geometry": { "type": "MultiPolygon", "coordinates": [ [ [ [ 7.023888, 50.135178 ], [ 7.023878, 50.135803 ], [ 7.024188, 50.135808 ], [ 7.024188, 50.135618 ], [ 7.024688, 50.135623 ], [ 7.024693, 50.135188 ], [ 7.023888, 50.135178 ] ] ] ] } },
{ "type": "Feature", "properties": { }, "geometry": { "type": "MultiPolygon", "coordinates": [ [ [ [ 7.162818, 49.957073 ], [ 7.162103, 49.957083 ], [ 7.162108, 49.957588 ], [ 7.162223, 49.957583 ], [ 7.162228, 49.957838 ], [ 7.162833, 49.957828 ], [ 7.162818, 49.957073 ] ] ] ] } },
{ "type": "Feature", "properties": { }, "geometry": { "type": "MultiPolygon", "coordinates": [ [ [ [ 7.241278, 49.997863 ], [ 7.241288, 49.998523 ], [ 7.242188, 49.998508 ], [ 7.242183, 49.998198 ], [ 7.242683, 49.998193 ], [ 7.242678, 49.997843 ], [ 7.241278, 49.997863 ] ] ] ] } },
{ "type": "Feature", "properties": { }, "geometry": { "type": "MultiPolygon", "coordinates": [ [ [ [ 7.247488, 50.001823 ], [ 7.246033, 50.001858 ], [ 7.246048, 50.002393 ], [ 7.246688, 50.002378 ], [ 7.246688, 50.002203 ], [ 7.247498, 50.002183 ], [ 7.247488, 50.001823 ] ] ] ] } },
{ "type": "Feature", "properties": { }, "geometry": { "type": "MultiPolygon", "coordinates": [ [ [ [ 7.208053, 50.000813 ], [ 7.208613, 50.000818 ], [ 7.208628, 49.999538 ], [ 7.208328, 49.999533 ], [ 7.208323, 49.999698 ], [ 7.208068, 49.999698 ], [ 7.208053, 50.000813 ] ] ] ] } },
{ "type": "Feature", "properties": { }, "geometry": { "type": "MultiPolygon", "coordinates": [ [ [ [ 6.863358, 49.900078 ], [ 6.863353, 49.900468 ], [ 6.864083, 49.900473 ], [ 6.864088, 49.900088 ], [ 6.863358, 49.900078 ] ] ] ] } },
{ "type": "Feature", "properties": { }, "geometry": { "type": "MultiPolygon", "coordinates": [ [ [ [ 6.858758, 49.896318 ], [ 6.858758, 49.896468 ], [ 6.858598, 49.896473 ], [ 6.858603, 49.896848 ], [ 6.859183, 49.896843 ], [ 6.859173, 49.896313 ], [ 6.858758, 49.896318 ] ] ] ] } },
{ "type": "Feature", "properties": { }, "geometry": { "type": "MultiPolygon", "coordinates": [ [ [ [ 6.792433, 49.883438 ], [ 6.793843, 49.883448 ], [ 6.793848, 49.883368 ], [ 6.793693, 49.883368 ], [ 6.793703, 49.882183 ], [ 6.793183, 49.882183 ], [ 6.793188, 49.881713 ], [ 6.793638, 49.881718 ], [ 6.793648, 49.880228 ], [ 6.792458, 49.880223 ], [ 6.792433, 49.883438 ] ] ] ] } },
{ "type": "Feature", "properties": { }, "geometry": { "type": "MultiPolygon", "coordinates": [ [ [ [ 6.730183, 49.900493 ], [ 6.730208, 49.901358 ], [ 6.730643, 49.901348 ], [ 6.730628, 49.900813 ], [ 6.730808, 49.900808 ], [ 6.730803, 49.900478 ], [ 6.730183, 49.900493 ] ] ] ] } },
{ "type": "Feature", "properties": { }, "geometry": { "type": "MultiPolygon", "coordinates": [ [ [ [ 6.730633, 49.902858 ], [ 6.730243, 49.902843 ], [ 6.730233, 49.903103 ], [ 6.730113, 49.903098 ], [ 6.730093, 49.903643 ], [ 6.730603, 49.903658 ], [ 6.730633, 49.902858 ] ] ] ] } },
{ "type": "Feature", "properties": { }, "geometry": { "type": "MultiPolygon", "coordinates": [ [ [ [ 6.723573, 49.907843 ], [ 6.721798, 49.907843 ], [ 6.721798, 49.908538 ], [ 6.725353, 49.908538 ], [ 6.725353, 49.908008 ], [ 6.723573, 49.908008 ], [ 6.723573, 49.907843 ] ] ] ] } },
{ "type": "Feature", "properties": { }, "geometry": { "type": "MultiPolygon", "coordinates": [ [ [ [ 6.708798, 49.823243 ], [ 6.708813, 49.822718 ], [ 6.708398, 49.822713 ], [ 6.708383, 49.823238 ], [ 6.708798, 49.823243 ] ] ] ] } },
{ "type": "Feature", "properties": { }, "geometry": { "type": "MultiPolygon", "coordinates": [ [ [ [ 6.712328, 49.933768 ], [ 6.711738, 49.934018 ], [ 6.711988, 49.934473 ], [ 6.712343, 49.934318 ], [ 6.712238, 49.934128 ], [ 6.712473, 49.934028 ], [ 6.712328, 49.933768 ] ] ] ] } },
{ "type": "Feature", "properties": { }, "geometry": { "type": "MultiPolygon", "coordinates": [ [ [ [ 6.692988, 49.948493 ], [ 6.692408, 49.948538 ], [ 6.692448, 49.948943 ], [ 6.692728, 49.948918 ], [ 6.692743, 49.949073 ], [ 6.693043, 49.949048 ], [ 6.692988, 49.948493 ] ] ] ] } },
{ "type": "Feature", "properties": { }, "geometry": { "type": "MultiPolygon", "coordinates": [ [ [ [ 6.754263, 49.954418 ], [ 6.754243, 49.954938 ], [ 6.754988, 49.954958 ], [ 6.755008, 49.954438 ], [ 6.754263, 49.954418 ] ] ] ] } },
{ "type": "Feature", "properties": { }, "geometry": { "type": "MultiPolygon", "coordinates": [ [ [ [ 6.919528, 50.048038 ], [ 6.919108, 50.047693 ], [ 6.918993, 50.047808 ], [ 6.918783, 50.047638 ], [ 6.918343, 50.048053 ], [ 6.918973, 50.048563 ], [ 6.919528, 50.048038 ] ] ] ] } },
{ "type": "Feature", "properties": { }, "geometry": { "type": "MultiPolygon", "coordinates": [ [ [ [ 6.919733, 50.053038 ], [ 6.919238, 50.052578 ], [ 6.918658, 50.053058 ], [ 6.919368, 50.053718 ], [ 6.919733, 50.053413 ], [ 6.919523, 50.053213 ], [ 6.919733, 50.053038 ] ] ] ] } },
{ "type": "Feature", "properties": { }, "geometry": { "type": "MultiPolygon", "coordinates": [ [ [ [ 6.922013, 50.026348 ], [ 6.922008, 50.025968 ], [ 6.921178, 50.025978 ], [ 6.921183, 50.026353 ], [ 6.922013, 50.026348 ] ] ] ] } },
{ "type": "Feature", "properties": { }, "geometry": { "type": "MultiPolygon", "coordinates": [ [ [ [ 6.917213, 49.967303 ], [ 6.917193, 49.968248 ], [ 6.917478, 49.968248 ], [ 6.917473, 49.968308 ], [ 6.917918, 49.968318 ], [ 6.917933, 49.967313 ], [ 6.917213, 49.967303 ] ] ] ] } },
{ "type": "Feature", "properties": { }, "geometry": { "type": "MultiPolygon", "coordinates": [ [ [ [ 7.141758, 49.783663 ], [ 7.142593, 49.783668 ], [ 7.142598, 49.783078 ], [ 7.142233, 49.783078 ], [ 7.142233, 49.782983 ], [ 7.141788, 49.782983 ], [ 7.141788, 49.783118 ], [ 7.141308, 49.783113 ], [ 7.141303, 49.783798 ], [ 7.141753, 49.783798 ], [ 7.141758, 49.783663 ] ] ] ] } },
{ "type": "Feature", "properties": { }, "geometry": { "type": "MultiPolygon", "coordinates": [ [ [ [ 7.140548, 49.781883 ], [ 7.140823, 49.782093 ], [ 7.141098, 49.781813 ], [ 7.140823, 49.781603 ], [ 7.140548, 49.781883 ] ] ] ] } },
{ "type": "Feature", "properties": { }, "geometry": { "type": "MultiPolygon", "coordinates": [ [ [ [ 7.159763, 49.788453 ], [ 7.159753, 49.789848 ], [ 7.160283, 49.789853 ], [ 7.160283, 49.789618 ], [ 7.160443, 49.789618 ], [ 7.160448, 49.789288 ], [ 7.160633, 49.789288 ], [ 7.160638, 49.788853 ], [ 7.160303, 49.788853 ], [ 7.160308, 49.788458 ], [ 7.159763, 49.788453 ] ] ] ] } },
{ "type": "Feature", "properties": { }, "geometry": { "type": "MultiPolygon", "coordinates": [ [ [ [ 7.154803, 49.795483 ], [ 7.154808, 49.795358 ], [ 7.155323, 49.795368 ], [ 7.155328, 49.794948 ], [ 7.155413, 49.794948 ], [ 7.155418, 49.794638 ], [ 7.155043, 49.794633 ], [ 7.155038, 49.794898 ], [ 7.154363, 49.794893 ], [ 7.154358, 49.795478 ], [ 7.154803, 49.795483 ] ] ] ] } },
{ "type": "Feature", "properties": { }, "geometry": { "type": "MultiPolygon", "coordinates": [ [ [ [ 7.172808, 49.786348 ], [ 7.172828, 49.785263 ], [ 7.172143, 49.785253 ], [ 7.172128, 49.786338 ], [ 7.172808, 49.786348 ] ] ] ] } },
{ "type": "Feature", "properties": { }, "geometry": { "type": "MultiPolygon", "coordinates": [ [ [ [ 7.170933, 49.751563 ], [ 7.169563, 49.751548 ], [ 7.169548, 49.752468 ], [ 7.170918, 49.752483 ], [ 7.170933, 49.751563 ] ] ] ] } },
{ "type": "Feature", "properties": { }, "geometry": { "type": "MultiPolygon", "coordinates": [ [ [ [ 7.232938, 49.716103 ], [ 7.232948, 49.715773 ], [ 7.232623, 49.715768 ], [ 7.232618, 49.715943 ], [ 7.232628, 49.715943 ], [ 7.232628, 49.716098 ], [ 7.232938, 49.716103 ] ] ] ] } },
{ "type": "Feature", "properties": { }, "geometry": { "type": "MultiPolygon", "coordinates": [ [ [ [ 7.241088, 49.712573 ], [ 7.243073, 49.712563 ], [ 7.243068, 49.712033 ], [ 7.242828, 49.712033 ], [ 7.242828, 49.711723 ], [ 7.242888, 49.711723 ], [ 7.242883, 49.710713 ], [ 7.243073, 49.710713 ], [ 7.243073, 49.710148 ], [ 7.241073, 49.710158 ], [ 7.241088, 49.712573 ] ] ] ] } },
{ "type": "Feature", "properties": { }, "geometry": { "type": "MultiPolygon", "coordinates": [ [ [ [ 7.126783, 49.700358 ], [ 7.126793, 49.700793 ], [ 7.127708, 49.700778 ], [ 7.127698, 49.700343 ], [ 7.126783, 49.700358 ] ] ] ] } },
{ "type": "Feature", "properties": { }, "geometry": { "type": "MultiPolygon", "coordinates": [ [ [ [ 7.144093, 49.719273 ], [ 7.143583, 49.719268 ], [ 7.143578, 49.719918 ], [ 7.144083, 49.719923 ], [ 7.144093, 49.719273 ] ] ] ] } },
{ "type": "Feature", "properties": { }, "geometry": { "type": "MultiPolygon", "coordinates": [ [ [ [ 7.185328, 49.719143 ], [ 7.184968, 49.719138 ], [ 7.184948, 49.719728 ], [ 7.185788, 49.719743 ], [ 7.185798, 49.719308 ], [ 7.185323, 49.719298 ], [ 7.185328, 49.719143 ] ] ] ] } },
{ "type": "Feature", "properties": { }, "geometry": { "type": "MultiPolygon", "coordinates": [ [ [ [ 7.201743, 49.689768 ], [ 7.201728, 49.688873 ], [ 7.200798, 49.688888 ], [ 7.200803, 49.689313 ], [ 7.201233, 49.689303 ], [ 7.201243, 49.689778 ], [ 7.201743, 49.689768 ] ] ] ] } },
{ "type": "Feature", "properties": { }, "geometry": { "type": "MultiPolygon", "coordinates": [ [ [ [ 7.299748, 49.621103 ], [ 7.300408, 49.621348 ], [ 7.300738, 49.620668 ], [ 7.300083, 49.620418 ], [ 7.299748, 49.621103 ] ] ] ] } },
{ "type": "Feature", "properties": { }, "geometry": { "type": "MultiPolygon", "coordinates": [ [ [ [ 7.252613, 49.596853 ], [ 7.251823, 49.596863 ], [ 7.251828, 49.597073 ], [ 7.251618, 49.597073 ], [ 7.251623, 49.597473 ], [ 7.252623, 49.597458 ], [ 7.252613, 49.596853 ] ] ] ] } },
{ "type": "Feature", "properties": { }, "geometry": { "type": "MultiPolygon", "coordinates": [ [ [ [ 7.278088, 49.599223 ], [ 7.278838, 49.599593 ], [ 7.279338, 49.598813 ], [ 7.278583, 49.598443 ], [ 7.278088, 49.599223 ] ] ] ] } },
{ "type": "Feature", "properties": { }, "geometry": { "type": "MultiPolygon", "coordinates": [ [ [ [ 7.344178, 49.575788 ], [ 7.343713, 49.575778 ], [ 7.343688, 49.576408 ], [ 7.344153, 49.576418 ], [ 7.344178, 49.575788 ] ] ] ] } },
{ "type": "Feature", "properties": { }, "geometry": { "type": "MultiPolygon", "coordinates": [ [ [ [ 7.000543, 49.957348 ], [ 7.000558, 49.957933 ], [ 7.001268, 49.957918 ], [ 7.001253, 49.957333 ], [ 7.000543, 49.957348 ] ] ] ] } },
{ "type": "Feature", "properties": { }, "geometry": { "type": "MultiPolygon", "coordinates": [ [ [ [ 6.695143, 49.954078 ], [ 6.694833, 49.954223 ], [ 6.695043, 49.954583 ], [ 6.695353, 49.954443 ], [ 6.695143, 49.954078 ] ] ] ] } },
{ "type": "Feature", "properties": { }, "geometry": { "type": "MultiPolygon", "coordinates": [ [ [ [ 6.673008, 49.976333 ], [ 6.672873, 49.976738 ], [ 6.673528, 49.976908 ], [ 6.673743, 49.976268 ], [ 6.673328, 49.976158 ], [ 6.673248, 49.976393 ], [ 6.673008, 49.976333 ] ] ] ] } },
{ "type": "Feature", "properties": { }, "geometry": { "type": "MultiPolygon", "coordinates": [ [ [ [ 6.664413, 49.974958 ], [ 6.664008, 49.975583 ], [ 6.664553, 49.975858 ], [ 6.664958, 49.975233 ], [ 6.664413, 49.974958 ] ] ] ] } },
{ "type": "Feature", "properties": { }, "geometry": { "type": "MultiPolygon", "coordinates": [ [ [ [ 6.679473, 49.967508 ], [ 6.679748, 49.967588 ], [ 6.679793, 49.967463 ], [ 6.680128, 49.967558 ], [ 6.680283, 49.967143 ], [ 6.679673, 49.966973 ], [ 6.679473, 49.967508 ] ] ] ] } },
{ "type": "Feature", "properties": { }, "geometry": { "type": "MultiPolygon", "coordinates": [ [ [ [ 6.683258, 49.978568 ], [ 6.683738, 49.978713 ], [ 6.683968, 49.978118 ], [ 6.683483, 49.977978 ], [ 6.683258, 49.978568 ] ] ] ] } },
{ "type": "Feature", "properties": { }, "geometry": { "type": "MultiPolygon", "coordinates": [ [ [ [ 6.694813, 49.981858 ], [ 6.694983, 49.981893 ], [ 6.694898, 49.982253 ], [ 6.695388, 49.982348 ], [ 6.695578, 49.981578 ], [ 6.694913, 49.981453 ], [ 6.694813, 49.981858 ] ] ] ] } },
{ "type": "Feature", "properties": { }, "geometry": { "type": "MultiPolygon", "coordinates": [ [ [ [ 6.707118, 49.971658 ], [ 6.706773, 49.971923 ], [ 6.706983, 49.972133 ], [ 6.706778, 49.972293 ], [ 6.707083, 49.972598 ], [ 6.707633, 49.972173 ], [ 6.707118, 49.971658 ] ] ] ] } },
{ "type": "Feature", "properties": { }, "geometry": { "type": "MultiPolygon", "coordinates": [ [ [ [ 6.705228, 49.981408 ], [ 6.705123, 49.981848 ], [ 6.705978, 49.982008 ], [ 6.706083, 49.981573 ], [ 6.705228, 49.981408 ] ] ] ] } },
{ "type": "Feature", "properties": { }, "geometry": { "type": "MultiPolygon", "coordinates": [ [ [ [ 6.692748, 49.967138 ], [ 6.693068, 49.967698 ], [ 6.693783, 49.967378 ], [ 6.693463, 49.966818 ], [ 6.692748, 49.967138 ] ] ] ] } },
{ "type": "Feature", "properties": { }, "geometry": { "type": "MultiPolygon", "coordinates": [ [ [ [ 6.690803, 49.965698 ], [ 6.690493, 49.966398 ], [ 6.690853, 49.966518 ], [ 6.691008, 49.966163 ], [ 6.691323, 49.966268 ], [ 6.691473, 49.965923 ], [ 6.690803, 49.965698 ] ] ] ] } },
{ "type": "Feature", "properties": { }, "geometry": { "type": "MultiPolygon", "coordinates": [ [ [ [ 6.656328, 50.012868 ], [ 6.657178, 50.012888 ], [ 6.657193, 50.012338 ], [ 6.656343, 50.012323 ], [ 6.656328, 50.012868 ] ] ] ] } },
{ "type": "Feature", "properties": { }, "geometry": { "type": "MultiPolygon", "coordinates": [ [ [ [ 6.657623, 50.003533 ], [ 6.657628, 50.003088 ], [ 6.656913, 50.003083 ], [ 6.656908, 50.003528 ], [ 6.657623, 50.003533 ] ] ] ] } },
{ "type": "Feature", "properties": { }, "geometry": { "type": "MultiPolygon", "coordinates": [ [ [ [ 6.645298, 50.061028 ], [ 6.645313, 50.061438 ], [ 6.646198, 50.061418 ], [ 6.646183, 50.061008 ], [ 6.645298, 50.061028 ] ] ] ] } },
{ "type": "Feature", "properties": { }, "geometry": { "type": "MultiPolygon", "coordinates": [ [ [ [ 6.653508, 50.074053 ], [ 6.653723, 50.074058 ], [ 6.653718, 50.074208 ], [ 6.654028, 50.074213 ], [ 6.654023, 50.074378 ], [ 6.654533, 50.074388 ], [ 6.654548, 50.073673 ], [ 6.653518, 50.073653 ], [ 6.653508, 50.074053 ] ] ] ] } },
{ "type": "Feature", "properties": { }, "geometry": { "type": "MultiPolygon", "coordinates": [ [ [ [ 6.647828, 50.045628 ], [ 6.647833, 50.045958 ], [ 6.647298, 50.045963 ], [ 6.647303, 50.046363 ], [ 6.647843, 50.046358 ], [ 6.647843, 50.046523 ], [ 6.648218, 50.046513 ], [ 6.648203, 50.045618 ], [ 6.647828, 50.045628 ] ] ] ] } },
{ "type": "Feature", "properties": { }, "geometry": { "type": "MultiPolygon", "coordinates": [ [ [ [ 6.652148, 50.047918 ], [ 6.653168, 50.047913 ], [ 6.653158, 50.047323 ], [ 6.652143, 50.047328 ], [ 6.652148, 50.047918 ] ] ] ] } },
{ "type": "Feature", "properties": { }, "geometry": { "type": "MultiPolygon", "coordinates": [ [ [ [ 6.645273, 50.043918 ], [ 6.645588, 50.044583 ], [ 6.646513, 50.044243 ], [ 6.646308, 50.043813 ], [ 6.645828, 50.043988 ], [ 6.645718, 50.043758 ], [ 6.645273, 50.043918 ] ] ] ] } },
{ "type": "Feature", "properties": { }, "geometry": { "type": "MultiPolygon", "coordinates": [ [ [ [ 6.654393, 49.965578 ], [ 6.654273, 49.965578 ], [ 6.654283, 49.966028 ], [ 6.655078, 49.966013 ], [ 6.655063, 49.965293 ], [ 6.654388, 49.965308 ], [ 6.654393, 49.965578 ] ] ] ] } },
{ "type": "Feature", "properties": { }, "geometry": { "type": "MultiPolygon", "coordinates": [ [ [ [ 6.648133, 49.965478 ], [ 6.648123, 49.966008 ], [ 6.647798, 49.966003 ], [ 6.647788, 49.966423 ], [ 6.648578, 49.966443 ], [ 6.648603, 49.965488 ], [ 6.648133, 49.965478 ] ] ] ] } },
{ "type": "Feature", "properties": { }, "geometry": { "type": "MultiPolygon", "coordinates": [ [ [ [ 6.646553, 49.963308 ], [ 6.645838, 49.962613 ], [ 6.645443, 49.962923 ], [ 6.646163, 49.963618 ], [ 6.646553, 49.963308 ] ] ] ] } },
{ "type": "Feature", "properties": { }, "geometry": { "type": "MultiPolygon", "coordinates": [ [ [ [ 6.893018, 49.942768 ], [ 6.893813, 49.943508 ], [ 6.894618, 49.942838 ], [ 6.894333, 49.942578 ], [ 6.894253, 49.942643 ], [ 6.894038, 49.942448 ], [ 6.893893, 49.942568 ], [ 6.893588, 49.942288 ], [ 6.893018, 49.942768 ] ] ] ] } },
{ "type": "Feature", "properties": { }, "geometry": { "type": "MultiPolygon", "coordinates": [ [ [ [ 6.921398, 49.923798 ], [ 6.920553, 49.923808 ], [ 6.920573, 49.924998 ], [ 6.921318, 49.924988 ], [ 6.921303, 49.924188 ], [ 6.921408, 49.924188 ], [ 6.921398, 49.923798 ] ] ] ] } },
{ "type": "Feature", "properties": { }, "geometry": { "type": "MultiPolygon", "coordinates": [ [ [ [ 6.842823, 49.660903 ], [ 6.842193, 49.660868 ], [ 6.842158, 49.661393 ], [ 6.842783, 49.661428 ], [ 6.842823, 49.660903 ] ] ] ] } },
{ "type": "Feature", "properties": { }, "geometry": { "type": "MultiPolygon", "coordinates": [ [ [ [ 6.647493, 50.111058 ], [ 6.647473, 50.111458 ], [ 6.648308, 50.111483 ], [ 6.648323, 50.111083 ], [ 6.647493, 50.111058 ] ] ] ] } },
{ "type": "Feature", "properties": { }, "geometry": { "type": "MultiPolygon", "coordinates": [ [ [ [ 6.645833, 50.126423 ], [ 6.646298, 50.126428 ], [ 6.646298, 50.126243 ], [ 6.646548, 50.126248 ], [ 6.646553, 50.125928 ], [ 6.646308, 50.125928 ], [ 6.646313, 50.125628 ], [ 6.645843, 50.125623 ], [ 6.645833, 50.126423 ] ] ] ] } },
{ "type": "Feature", "properties": { }, "geometry": { "type": "MultiPolygon", "coordinates": [ [ [ [ 6.649083, 50.119403 ], [ 6.648578, 50.119413 ], [ 6.648583, 50.119733 ], [ 6.648353, 50.119738 ], [ 6.648363, 50.120198 ], [ 6.649103, 50.120183 ], [ 6.649083, 50.119403 ] ] ] ] } },
{ "type": "Feature", "properties": { }, "geometry": { "type": "MultiPolygon", "coordinates": [ [ [ [ 7.139713, 49.543693 ], [ 7.140343, 49.544223 ], [ 7.140868, 49.543738 ], [ 7.140243, 49.543208 ], [ 7.139713, 49.543693 ] ] ] ] } },
{ "type": "Feature", "properties": { }, "geometry": { "type": "MultiPolygon", "coordinates": [ [ [ [ 7.163093, 49.558308 ], [ 7.162268, 49.557493 ], [ 7.161948, 49.557748 ], [ 7.162193, 49.557993 ], [ 7.161583, 49.558473 ], [ 7.162163, 49.559038 ], [ 7.163093, 49.558308 ] ] ] ] } },
{ "type": "Feature", "properties": { }, "geometry": { "type": "MultiPolygon", "coordinates": [ [ [ [ 7.176558, 49.598623 ], [ 7.175678, 49.598603 ], [ 7.175638, 49.599808 ], [ 7.176298, 49.599828 ], [ 7.176308, 49.599653 ], [ 7.176888, 49.599673 ], [ 7.176903, 49.599323 ], [ 7.176533, 49.599313 ], [ 7.176558, 49.598623 ] ] ] ] } },
{ "type": "Feature", "properties": { }, "geometry": { "type": "MultiPolygon", "coordinates": [ [ [ [ 6.690573, 50.141383 ], [ 6.690563, 50.140773 ], [ 6.690278, 50.140778 ], [ 6.690273, 50.140528 ], [ 6.689893, 50.140538 ], [ 6.689913, 50.141393 ], [ 6.690573, 50.141383 ] ] ] ] } },
{ "type": "Feature", "properties": { }, "geometry": { "type": "MultiPolygon", "coordinates": [ [ [ [ 6.706018, 50.141088 ], [ 6.705638, 50.141918 ], [ 6.706243, 50.142133 ], [ 6.706623, 50.141303 ], [ 6.706018, 50.141088 ] ] ] ] } },
{ "type": "Feature", "properties": { }, "geometry": { "type": "MultiPolygon", "coordinates": [ [ [ [ 6.687663, 50.156563 ], [ 6.687653, 50.156033 ], [ 6.686968, 50.156043 ], [ 6.686978, 50.156573 ], [ 6.687663, 50.156563 ] ] ] ] } },
{ "type": "Feature", "properties": { }, "geometry": { "type": "MultiPolygon", "coordinates": [ [ [ [ 6.705188, 50.156768 ], [ 6.702778, 50.156703 ], [ 6.702763, 50.157228 ], [ 6.705168, 50.157293 ], [ 6.705188, 50.156768 ] ] ] ] } },
{ "type": "Feature", "properties": { }, "geometry": { "type": "MultiPolygon", "coordinates": [ [ [ [ 6.664683, 50.148053 ], [ 6.664678, 50.147928 ], [ 6.665103, 50.147918 ], [ 6.665093, 50.147463 ], [ 6.664148, 50.147473 ], [ 6.664158, 50.148063 ], [ 6.664683, 50.148053 ] ] ] ] } },
{ "type": "Feature", "properties": { }, "geometry": { "type": "MultiPolygon", "coordinates": [ [ [ [ 6.728523, 50.135698 ], [ 6.727868, 50.135683 ], [ 6.727858, 50.135938 ], [ 6.727553, 50.135933 ], [ 6.727543, 50.136253 ], [ 6.728508, 50.136273 ], [ 6.728523, 50.135698 ] ] ] ] } },
{ "type": "Feature", "properties": { }, "geometry": { "type": "MultiPolygon", "coordinates": [ [ [ [ 6.814678, 50.080628 ], [ 6.814673, 50.079768 ], [ 6.813878, 50.079773 ], [ 6.813888, 50.080633 ], [ 6.814678, 50.080628 ] ] ] ] } },
{ "type": "Feature", "properties": { }, "geometry": { "type": "MultiPolygon", "coordinates": [ [ [ [ 6.664063, 50.110883 ], [ 6.663128, 50.110903 ], [ 6.663138, 50.111283 ], [ 6.664073, 50.111268 ], [ 6.664063, 50.110883 ] ] ] ] } },
{ "type": "Feature", "properties": { }, "geometry": { "type": "MultiPolygon", "coordinates": [ [ [ [ 6.668533, 50.119183 ], [ 6.668938, 50.119183 ], [ 6.668938, 50.119343 ], [ 6.669258, 50.119338 ], [ 6.669253, 50.118483 ], [ 6.668528, 50.118488 ], [ 6.668533, 50.119183 ] ] ] ] } },
{ "type": "Feature", "properties": { }, "geometry": { "type": "MultiPolygon", "coordinates": [ [ [ [ 6.746983, 50.125548 ], [ 6.746653, 50.125238 ], [ 6.745558, 50.126143 ], [ 6.745833, 50.126398 ], [ 6.746063, 50.126208 ], [ 6.746123, 50.126263 ], [ 6.746983, 50.125548 ] ] ] ] } },
{ "type": "Feature", "properties": { }, "geometry": { "type": "MultiPolygon", "coordinates": [ [ [ [ 6.688938, 50.157188 ], [ 6.689703, 50.157203 ], [ 6.689743, 50.155943 ], [ 6.688978, 50.155928 ], [ 6.688938, 50.157188 ] ] ] ] } },
{ "type": "Feature", "properties": { }, "geometry": { "type": "MultiPolygon", "coordinates": [ [ [ [ 6.697998, 50.165933 ], [ 6.698003, 50.165558 ], [ 6.697183, 50.165548 ], [ 6.697178, 50.165923 ], [ 6.697998, 50.165933 ] ] ] ] } },
{ "type": "Feature", "properties": { }, "geometry": { "type": "MultiPolygon", "coordinates": [ [ [ [ 6.772883, 50.162198 ], [ 6.772303, 50.161688 ], [ 6.772378, 50.161623 ], [ 6.772038, 50.161323 ], [ 6.771363, 50.161913 ], [ 6.772023, 50.162493 ], [ 6.772128, 50.162403 ], [ 6.772388, 50.162628 ], [ 6.772883, 50.162198 ] ] ] ] } },
{ "type": "Feature", "properties": { }, "geometry": { "type": "MultiPolygon", "coordinates": [ [ [ [ 7.185623, 50.034843 ], [ 7.185293, 50.034913 ], [ 7.185268, 50.034823 ], [ 7.184408, 50.035008 ], [ 7.184508, 50.035363 ], [ 7.184888, 50.035278 ], [ 7.185028, 50.035793 ], [ 7.185798, 50.035628 ], [ 7.185688, 50.035233 ], [ 7.185728, 50.035223 ], [ 7.185623, 50.034843 ] ] ] ] } },
{ "type": "Feature", "properties": { }, "geometry": { "type": "MultiPolygon", "coordinates": [ [ [ [ 7.199278, 50.042913 ], [ 7.199268, 50.043428 ], [ 7.199678, 50.043433 ], [ 7.199673, 50.043688 ], [ 7.200428, 50.043698 ], [ 7.200428, 50.043803 ], [ 7.200718, 50.043808 ], [ 7.200728, 50.043263 ], [ 7.200478, 50.043263 ], [ 7.200483, 50.042933 ], [ 7.199278, 50.042913 ] ] ] ] } },
{ "type": "Feature", "properties": { }, "geometry": { "type": "MultiPolygon", "coordinates": [ [ [ [ 7.205898, 50.046823 ], [ 7.205243, 50.046833 ], [ 7.205253, 50.047513 ], [ 7.205908, 50.047503 ], [ 7.205898, 50.046823 ] ] ] ] } },
{ "type": "Feature", "properties": { }, "geometry": { "type": "MultiPolygon", "coordinates": [ [ [ [ 7.208938, 50.052913 ], [ 7.208458, 50.052908 ], [ 7.208453, 50.053143 ], [ 7.208118, 50.053138 ], [ 7.208113, 50.053513 ], [ 7.208933, 50.053523 ], [ 7.208938, 50.052913 ] ] ] ] } },
{ "type": "Feature", "properties": { }, "geometry": { "type": "MultiPolygon", "coordinates": [ [ [ [ 7.212993, 50.066378 ], [ 7.212978, 50.065528 ], [ 7.212068, 50.065543 ], [ 7.212088, 50.066393 ], [ 7.212993, 50.066378 ] ] ] ] } },
{ "type": "Feature", "properties": { }, "geometry": { "type": "MultiPolygon", "coordinates": [ [ [ [ 7.253763, 50.066293 ], [ 7.253388, 50.066358 ], [ 7.253673, 50.067628 ], [ 7.255363, 50.067338 ], [ 7.255258, 50.066863 ], [ 7.254793, 50.066943 ], [ 7.254743, 50.066713 ], [ 7.253888, 50.066863 ], [ 7.253763, 50.066293 ] ] ] ] } },
{ "type": "Feature", "properties": { }, "geometry": { "type": "MultiPolygon", "coordinates": [ [ [ [ 7.183498, 50.057928 ], [ 7.182138, 50.057938 ], [ 7.182143, 50.058273 ], [ 7.182008, 50.058278 ], [ 7.182013, 50.058623 ], [ 7.183118, 50.058613 ], [ 7.183113, 50.058258 ], [ 7.183503, 50.058258 ], [ 7.183498, 50.057928 ] ] ] ] } },
{ "type": "Feature", "properties": { }, "geometry": { "type": "MultiPolygon", "coordinates": [ [ [ [ 7.170493, 50.061788 ], [ 7.170238, 50.061368 ], [ 7.169138, 50.061878 ], [ 7.169668, 50.062763 ], [ 7.169973, 50.062618 ], [ 7.169818, 50.062363 ], [ 7.170153, 50.062208 ], [ 7.170033, 50.062003 ], [ 7.170493, 50.061788 ] ] ] ] } },
{ "type": "Feature", "properties": { }, "geometry": { "type": "MultiPolygon", "coordinates": [ [ [ [ 7.160433, 50.075008 ], [ 7.159113, 50.074418 ], [ 7.158808, 50.074948 ], [ 7.159383, 50.075203 ], [ 7.159258, 50.075418 ], [ 7.160003, 50.075753 ], [ 7.160433, 50.075008 ] ] ] ] } },
{ "type": "Feature", "properties": { }, "geometry": { "type": "MultiPolygon", "coordinates": [ [ [ [ 7.161493, 50.082868 ], [ 7.160213, 50.082853 ], [ 7.160208, 50.083183 ], [ 7.161488, 50.083198 ], [ 7.161493, 50.082868 ] ] ] ] } },
{ "type": "Feature", "properties": { }, "geometry": { "type": "MultiPolygon", "coordinates": [ [ [ [ 7.159088, 50.081383 ], [ 7.158498, 50.081213 ], [ 7.158183, 50.082048 ], [ 7.158773, 50.082218 ], [ 7.159088, 50.081383 ] ] ] ] } },
{ "type": "Feature", "properties": { }, "geometry": { "type": "MultiPolygon", "coordinates": [ [ [ [ 7.037183, 49.514713 ], [ 7.037558, 49.514703 ], [ 7.037543, 49.514253 ], [ 7.037168, 49.514263 ], [ 7.037183, 49.514713 ] ] ] ] } }
]
}
