{
"type": "FeatureCollection",
"name": "polygons_shifted_500",
"crs": { "type": "name", "properties": { "name": "urn:ogc:def:crs:OGC:1.3:CRS84" } },
"features": [
{ "type": "Feature", "properties": { }, "geometry": { "type": "MultiPolygon", "coordinates": [ [ [ [ 7.027685, 49.851259 ], [ 7.027675, 49.852559 ], [ 7.02767, 49.852794 ], [ 7.028245, 49.852799 ], [ 7.02825, 49.852674 ], [ 7.02826, 49.851294 ], [ 7.027685, 49.851259 ] ] ] ] } },
{ "type": "Feature", "properties": { }, "geometry": { "type": "MultiPolygon", "coordinates": [ [ [ [ 7.2969, 50.035544 ], [ 7.29767, 50.035414 ], [ 7.298265, 50.035034 ], [ 7.298555, 50.034439 ], [ 7.29848, 50.033804 ], [ 7.298205, 50.033274 ], [ 7.297525, 50.032889 ], [ 7.29673, 50.032984 ], [ 7.295955, 50.033494 ], [ 7.29569, 50.034279 ], [ 7.295825, 50.034959 ], [ 7.2962, 50.035329 ], [ 7.2969, 50.035544 ] ] ] ] } },
{ "type": "Feature", "properties": { }, "geometry": { "type": "MultiPolygon", "coordinates": [ [ [ [ 6.664875, 50.053169 ], [ 6.66505, 50.053169 ], [ 6.66505, 50.053194 ], [ 6.665725, 50.053194 ], [ 6.665725, 50.053169 ], [ 6.66588, 50.053169 ], [ 6.66588, 50.053184 ], [ 6.667005, 50.053184 ], [ 6.667005, 50.054099 ], [ 6.66743, 50.054099 ], [ 6.66743, 50.053079 ], [ 6.667025, 50.053079 ], [ 6.667025, 50.052819 ], [ 6.66593, 50.052819 ], [ 6.66593, 50.052804 ], [ 6.66589, 50.052804 ], [ 6.66589, 50.052774 ], [ 6.66567, 50.052774 ], [ 6.66567, 50.052804 ], [ 6.665075, 50.052804 ], [ 6.665075, 50.052784 ], [ 6.664875, 50.052784 ], [ 6.664875, 50.053169 ] ] ] ] } },
{ "type": "Feature", "properties": { }, "geometry": { "type": "MultiPolygon", "coordinates": [ [ [ [ 7.195315, 50.108039 ], [ 7.19605, 50.108044 ], [ 7.19605, 50.107959 ], [ 7.19627, 50.107964 ], [ 7.19627, 50.107644 ], [ 7.195965, 50.107639 ], [ 7.195965, 50.107099 ], [ 7.195415, 50.107099 ], [ 7.195415, 50.107804 ], [ 7.195315, 50.107804 ], [ 7.195315, 50.108039 ] ] ] ] } },
{ "type": "Feature", "properties": { }, "geometry": { "type": "MultiPolygon", "coordinates": [ [ [ [ 6.802685, 49.632219 ], [ 6.81003, 49.632279 ], [ 6.810075, 49.628299 ], [ 6.80944, 49.628294 ], [ 6.808945, 49.627849 ], [ 6.808315, 49.627844 ], [ 6.80832, 49.627309 ], [ 6.807265, 49.627304 ], [ 6.80726, 49.627839 ], [ 6.803575, 49.627809 ], [ 6.80356, 49.628839 ], [ 6.80272, 49.628834 ], [ 6.802685, 49.632219 ] ] ] ] } },
{ "type": "Feature", "properties": { }, "geometry": { "type": "MultiPolygon", "coordinates": [ [ [ [ 7.295545, 49.994464 ], [ 7.299495, 49.991464 ], [ 7.29897, 49.990924 ], [ 7.295035, 49.993924 ], [ 7.295545, 49.994464 ] ] ] ] } },
{ "type": "Feature", "properties": { }, "geometry": { "type": "MultiPolygon", "coordinates": [ [ [ [ 7.35304, 50.004569 ], [ 7.353515, 50.005874 ], [ 7.353945, 50.005759 ], [ 7.35348, 50.004439 ], [ 7.35304, 50.004569 ] ] ] ] } },
{ "type": "Feature", "properties": { }, "geometry": { "type": "MultiPolygon", "coordinates": [ [ [ [ 7.05323, 49.773744 ], [ 7.053885, 49.773769 ], [ 7.05394, 49.773659 ], [ 7.05418, 49.773659 ], [ 7.05418, 49.773214 ], [ 7.05402, 49.773199 ], [ 7.05404, 49.772904 ], [ 7.05325, 49.772919 ], [ 7.05323, 49.773744 ] ] ] ] } },
{ "type": "Feature", "properties": { }, "geometry": { "type": "MultiPolygon", "coordinates": [ [ [ [ 7.348685, 49.583914 ], [ 7.34954, 49.583929 ], [ 7.349545, 49.583564 ], [ 7.348695, 49.583549 ], [ 7.348685, 49.583914 ] ] ] ] } },
{ "type": "Feature", "properties": { }, "geometry": { "type": "MultiPolygon", "coordinates": [ [ [ [ 7.28165, 49.598064 ], [ 7.28195, 49.598069 ], [ 7.28195, 49.597899 ], [ 7.28165, 49.597899 ], [ 7.28165, 49.598064 ] ] ] ] } },
{ "type": "Feature", "properties": { }, "geometry": { "type": "MultiPolygon", "coordinates": [ [ [ [ 7.30793, 49.762209 ], [ 7.307925, 49.762329 ], [ 7.30806, 49.762334 ], [ 7.30806, 49.762214 ], [ 7.30793, 49.762209 ] ] ] ] } },
{ "type": "Feature", "properties": { }, "geometry": { "type": "MultiPolygon", "coordinates": [ [ [ [ 7.34104, 49.537574 ], [ 7.341845, 49.537569 ], [ 7.341845, 49.537199 ], [ 7.34104, 49.537204 ], [ 7.34104, 49.537574 ] ] ] ] } },
{ "type": "Feature", "properties": { }, "geometry": { "type": "MultiPolygon", "coordinates": [ [ [ [ 7.371935, 49.538289 ], [ 7.37192, 49.539584 ], [ 7.37184, 49.539579 ], [ 7.37184, 49.539744 ], [ 7.37572, 49.539774 ], [ 7.37572, 49.539599 ], [ 7.375655, 49.539599 ], [ 7.37567, 49.538314 ], [ 7.371935, 49.538289 ] ] ] ] } },
{ "type": "Feature", "properties": { }, "geometry": { "type": "MultiPolygon", "coordinates": [ [ [ [ 7.27554, 49.741429 ], [ 7.276345, 49.741424 ], [ 7.27634, 49.740709 ], [ 7.27554, 49.740714 ], [ 7.27554, 49.741429 ] ] ] ] } },
{ "type": "Feature", "properties": { }, "geometry": { "type": "MultiPolygon", "coordinates": [ [ [ [ 7.18913, 49.994059 ], [ 7.18913, 49.994324 ], [ 7.189335, 49.994324 ], [ 7.18934, 49.994059 ], [ 7.18913, 49.994059 ] ] ] ] } },
{ "type": "Feature", "properties": { }, "geometry": { "type": "MultiPolygon", "coordinates": [ [ [ [ 7.25344, 50.054004 ], [ 7.25397, 50.054009 ], [ 7.25398, 50.053544 ], [ 7.25345, 50.053534 ], [ 7.25344, 50.054004 ] ] ] ] } },
{ "type": "Feature", "properties": { }, "geometry": { "type": "MultiPolygon", "coordinates": [ [ [ [ 7.29842, 50.103994 ], [ 7.298415, 50.104439 ], [ 7.298655, 50.104439 ], [ 7.29866, 50.103994 ], [ 7.29842, 50.103994 ] ] ] ] } },
{ "type": "Feature", "properties": { }, "geometry": { "type": "MultiPolygon", "coordinates": [ [ [ [ 7.073105, 50.091684 ], [ 7.07355, 50.091684 ], [ 7.07355, 50.091259 ], [ 7.073105, 50.091259 ], [ 7.073105, 50.091684 ] ] ] ] } },
{ "type": "Feature", "properties": { }, "geometry": { "type": "MultiPolygon", "coordinates": [ [ [ [ 7.05805, 50.109049 ], [ 7.057605, 50.109049 ], [ 7.0576, 50.109909 ], [ 7.058045, 50.109909 ], [ 7.05805, 50.109049 ] ] ] ] } },
{ "type": "Feature", "properties": { }, "geometry": { "type": "MultiPolygon", "coordinates": [ [ [ [ 6.808, 50.061369 ], [ 6.80798, 50.066124 ], [ 6.810835, 50.066189 ], [ 6.81085, 50.061389 ], [ 6.808, 50.061369 ] ] ] ] } },
{ "type": "Feature", "properties": { }, "geometry": { "type": "MultiPolygon", "coordinates": [ [ [ [ 7.294235, 49.960629 ], [ 7.294935, 49.960734 ], [ 7.295125, 49.959779 ], [ 7.29544, 49.958174 ], [ 7.29474, 49.958069 ], [ 7.294235, 49.960629 ] ] ] ] } },
{ "type": "Feature", "properties": { }, "geometry": { "type": "MultiPolygon", "coordinates": [ [ [ [ 7.362005, 50.014739 ], [ 7.3637, 50.014719 ], [ 7.363685, 50.014169 ], [ 7.36202, 50.014184 ], [ 7.362005, 50.014739 ] ] ] ] } },
{ "type": "Feature", "properties": { }, "geometry": { "type": "MultiPolygon", "coordinates": [ [ [ [ 7.280255, 49.987559 ], [ 7.280505, 49.987819 ], [ 7.280575, 49.987764 ], [ 7.28121, 49.988409 ], [ 7.283195, 49.986914 ], [ 7.282305, 49.986004 ], [ 7.28198, 49.986249 ], [ 7.282085, 49.986359 ], [ 7.2807, 49.987404 ], [ 7.2806, 49.987299 ], [ 7.280255, 49.987559 ] ] ] ] } },
{ "type": "Feature", "properties": { }, "geometry": { "type": "MultiPolygon", "coordinates": [ [ [ [ 7.08154, 50.018059 ], [ 7.084655, 50.017939 ], [ 7.08464, 50.017859 ], [ 7.084615, 50.017754 ], [ 7.08153, 50.017859 ], [ 7.081535, 50.017954 ], [ 7.08154, 50.018059 ] ] ] ] } },
{ "type": "Feature", "properties": { }, "geometry": { "type": "MultiPolygon", "coordinates": [ [ [ [ 6.936345, 49.820319 ], [ 6.93634, 49.821034 ], [ 6.937025, 49.821034 ], [ 6.937025, 49.820319 ], [ 6.936345, 49.820319 ] ] ] ] } },
{ "type": "Feature", "properties": { }, "geometry": { "type": "MultiPolygon", "coordinates": [ [ [ [ 6.987185, 49.810959 ], [ 6.987715, 49.810959 ], [ 6.987715, 49.810794 ], [ 6.987855, 49.810794 ], [ 6.987855, 49.810554 ], [ 6.987095, 49.810554 ], [ 6.987095, 49.810799 ], [ 6.987185, 49.810799 ], [ 6.987185, 49.810959 ] ] ] ] } },
{ "type": "Feature", "properties": { }, "geometry": { "type": "MultiPolygon", "coordinates": [ [ [ [ 6.830835, 49.775264 ], [ 6.831085, 49.775269 ], [ 6.831085, 49.775174 ], [ 6.831275, 49.775179 ], [ 6.83129, 49.774169 ], [ 6.831105, 49.774169 ], [ 6.831105, 49.774059 ], [ 6.83085, 49.774059 ], [ 6.830845, 49.774274 ], [ 6.83077, 49.774274 ], [ 6.83077, 49.774449 ], [ 6.83085, 49.774449 ], [ 6.830845, 49.774669 ], [ 6.83077, 49.774669 ], [ 6.830765, 49.775049 ], [ 6.830835, 49.775049 ], [ 6.830835, 49.775264 ] ] ] ] } },
{ "type": "Feature", "properties": { }, "geometry": { "type": "MultiPolygon", "coordinates": [ [ [ [ 6.84176, 49.771139 ], [ 6.84223, 49.771144 ], [ 6.84226, 49.769864 ], [ 6.84178, 49.769854 ], [ 6.841775, 49.770059 ], [ 6.84171, 49.770059 ], [ 6.841705, 49.770234 ], [ 6.841775, 49.770234 ], [ 6.84177, 49.770544 ], [ 6.8417, 49.770544 ], [ 6.84169, 49.770939 ], [ 6.841765, 49.770939 ], [ 6.84176, 49.771139 ] ] ] ] } },
{ "type": "Feature", "properties": { }, "geometry": { "type": "MultiPolygon", "coordinates": [ [ [ [ 6.679035, 49.647439 ], [ 6.67904, 49.647429 ], [ 6.67895, 49.647424 ], [ 6.678955, 49.647384 ], [ 6.67879, 49.647374 ], [ 6.678765, 49.647669 ], [ 6.67874, 49.647669 ], [ 6.678735, 49.647784 ], [ 6.678875, 49.647794 ], [ 6.678865, 49.647974 ], [ 6.67877, 49.647969 ], [ 6.678755, 49.648174 ], [ 6.678705, 49.648169 ], [ 6.6787, 49.648254 ], [ 6.678675, 49.648254 ], [ 6.67865, 49.648569 ], [ 6.678675, 49.648569 ], [ 6.678665, 49.648659 ], [ 6.67872, 49.648664 ], [ 6.678705, 49.648869 ], [ 6.678795, 49.648874 ], [ 6.678795, 49.648934 ], [ 6.67868, 49.648924 ], [ 6.678665, 49.649164 ], [ 6.678635, 49.649159 ], [ 6.678625, 49.649334 ], [ 6.678765, 49.649344 ], [ 6.678755, 49.649444 ], [ 6.67887, 49.649454 ], [ 6.67886, 49.649584 ], [ 6.67948, 49.649619 ], [ 6.67949, 49.649479 ], [ 6.6796, 49.649489 ], [ 6.67961, 49.649359 ], [ 6.67976, 49.649364 ], [ 6.67977, 49.649229 ], [ 6.67975, 49.649229 ], [ 6.679765, 49.648984 ], [ 6.679645, 49.648974 ], [ 6.67965, 49.648919 ], [ 6.67974, 49.648924 ], [ 6.679755, 49.648724 ], [ 6.67981, 49.648729 ], [ 6.679815, 49.648639 ], [ 6.679835, 49.648639 ], [ 6.67986, 49.648314 ], [ 6.679835, 49.648314 ], [ 6.679845, 49.648219 ], [ 6.679795, 49.648219 ], [ 6.67981, 49.648024 ], [ 6.67971, 49.648019 ], [ 6.679725, 49.647834 ], [ 6.67988, 49.647844 ], [ 6.67989, 49.647694 ], [ 6.67986, 49.647689 ], [ 6.67988, 49.647434 ], [ 6.679705, 49.647424 ], [ 6.679705, 49.647464 ], [ 6.679635, 49.647459 ], [ 6.679635, 49.647474 ], [ 6.679035, 49.647439 ] ] ] ] } },
{ "type": "Feature", "properties": { }, "geometry": { "type": "MultiPolygon", "coordinates": [ [ [ [ 6.67073, 49.633409 ], [ 6.67078, 49.633699 ], [ 6.67123, 49.633634 ], [ 6.671175, 49.633344 ], [ 6.671385, 49.633314 ], [ 6.67132, 49.632959 ], [ 6.671115, 49.632989 ], [ 6.67106, 49.632704 ], [ 6.67061, 49.632764 ], [ 6.670665, 49.633054 ], [ 6.670455, 49.633084 ], [ 6.67052, 49.633439 ], [ 6.67073, 49.633409 ] ] ] ] } },
{ "type": "Feature", "properties": { }, "geometry": { "type": "MultiPolygon", "coordinates": [ [ [ [ 7.16401, 49.887434 ], [ 7.16402, 49.887104 ], [ 7.163715, 49.887099 ], [ 7.163725, 49.886849 ], [ 7.163005, 49.886834 ], [ 7.16299, 49.887414 ], [ 7.16401, 49.887434 ] ] ] ] } },
{ "type": "Feature", "properties": { }, "geometry": { "type": "MultiPolygon", "coordinates": [ [ [ [ 6.6474, 49.758964 ], [ 6.647665, 49.759239 ], [ 6.647935, 49.759039 ], [ 6.648335, 49.759474 ], [ 6.64807, 49.759674 ], [ 6.64831, 49.759944 ], [ 6.6486, 49.759729 ], [ 6.64854, 49.759669 ], [ 6.648835, 49.759469 ], [ 6.64873, 49.759344 ], [ 6.64914, 49.759039 ], [ 6.649275, 49.759164 ], [ 6.649595, 49.758904 ], [ 6.649745, 49.759054 ], [ 6.6499, 49.758944 ], [ 6.65025, 49.759304 ], [ 6.650545, 49.759094 ], [ 6.65051, 49.759059 ], [ 6.65066, 49.758949 ], [ 6.65069, 49.758999 ], [ 6.650975, 49.758784 ], [ 6.65065, 49.758419 ], [ 6.65079, 49.758324 ], [ 6.65065, 49.758154 ], [ 6.651, 49.757904 ], [ 6.65089, 49.757779 ], [ 6.6513, 49.757494 ], [ 6.65142, 49.757614 ], [ 6.651735, 49.757374 ], [ 6.65115, 49.756739 ], [ 6.65143, 49.756524 ], [ 6.65122, 49.756299 ], [ 6.65112, 49.756374 ], [ 6.65107, 49.756324 ], [ 6.650965, 49.756409 ], [ 6.651015, 49.756474 ], [ 6.650645, 49.756754 ], [ 6.650745, 49.756869 ], [ 6.65033, 49.757164 ], [ 6.65021, 49.757049 ], [ 6.650005, 49.757209 ], [ 6.64995, 49.757149 ], [ 6.649875, 49.757199 ], [ 6.64985, 49.757169 ], [ 6.649715, 49.757269 ], [ 6.649745, 49.757309 ], [ 6.64966, 49.757359 ], [ 6.649925, 49.757624 ], [ 6.65019, 49.757434 ], [ 6.650535, 49.757799 ], [ 6.65012, 49.758104 ], [ 6.650225, 49.758214 ], [ 6.650165, 49.758264 ], [ 6.650285, 49.758394 ], [ 6.649965, 49.758639 ], [ 6.649835, 49.758499 ], [ 6.649765, 49.758544 ], [ 6.649645, 49.758424 ], [ 6.649235, 49.758734 ], [ 6.64891, 49.758374 ], [ 6.64919, 49.758174 ], [ 6.648955, 49.757934 ], [ 6.648865, 49.757984 ], [ 6.64882, 49.757939 ], [ 6.64871, 49.758019 ], [ 6.648785, 49.758099 ], [ 6.648475, 49.758304 ], [ 6.648575, 49.758424 ], [ 6.648145, 49.758714 ], [ 6.648025, 49.758599 ], [ 6.64773, 49.758809 ], [ 6.6477, 49.758764 ], [ 6.64762, 49.758824 ], [ 6.647595, 49.758794 ], [ 6.64747, 49.758884 ], [ 6.6475, 49.758909 ], [ 6.6474, 49.758964 ] ] ] ] } },
{ "type": "Feature", "properties": { }, "geometry": { "type": "MultiPolygon", "coordinates": [ [ [ [ 6.720875, 49.645529 ], [ 6.720875, 49.645429 ], [ 6.720785, 49.645429 ], [ 6.720785, 49.644959 ], [ 6.72087, 49.644959 ], [ 6.72087, 49.644869 ], [ 6.72064, 49.644869 ], [ 6.72064, 49.644794 ], [ 6.720375, 49.644794 ], [ 6.720375, 49.644869 ], [ 6.72015, 49.644869 ], [ 6.72015, 49.644769 ], [ 6.719975, 49.644769 ], [ 6.719975, 49.644794 ], [ 6.719845, 49.644794 ], [ 6.719845, 49.644869 ], [ 6.71978, 49.644869 ], [ 6.71978, 49.644714 ], [ 6.719635, 49.644714 ], [ 6.719635, 49.644879 ], [ 6.71956, 49.644879 ], [ 6.71956, 49.644809 ], [ 6.719345, 49.644809 ], [ 6.719345, 49.644794 ], [ 6.719265, 49.644794 ], [ 6.719265, 49.644869 ], [ 6.71904, 49.644869 ], [ 6.71904, 49.644774 ], [ 6.718865, 49.644774 ], [ 6.718865, 49.644804 ], [ 6.71873, 49.644804 ], [ 6.71873, 49.644869 ], [ 6.71854, 49.644869 ], [ 6.71854, 49.644974 ], [ 6.718615, 49.644974 ], [ 6.718615, 49.645424 ], [ 6.718545, 49.645424 ], [ 6.718545, 49.645529 ], [ 6.71874, 49.645529 ], [ 6.71874, 49.645599 ], [ 6.71888, 49.645599 ], [ 6.71888, 49.645619 ], [ 6.719035, 49.645619 ], [ 6.719035, 49.645524 ], [ 6.71926, 49.645524 ], [ 6.71926, 49.645619 ], [ 6.719435, 49.645619 ], [ 6.719435, 49.645599 ], [ 6.719565, 49.645599 ], [ 6.719565, 49.645534 ], [ 6.71963, 49.645534 ], [ 6.71963, 49.645684 ], [ 6.719785, 49.645684 ], [ 6.719785, 49.645519 ], [ 6.719865, 49.645519 ], [ 6.719865, 49.645589 ], [ 6.71999, 49.645589 ], [ 6.71999, 49.645624 ], [ 6.72016, 49.645624 ], [ 6.72016, 49.645534 ], [ 6.720365, 49.645534 ], [ 6.720365, 49.645634 ], [ 6.720545, 49.645634 ], [ 6.720545, 49.645604 ], [ 6.720665, 49.645604 ], [ 6.720665, 49.645529 ], [ 6.720875, 49.645529 ] ] ] ] } },
{ "type": "Feature", "properties": { }, "geometry": { "type": "MultiPolygon", "coordinates": [ [ [ [ 6.8053, 49.516159 ], [ 6.8053, 49.516264 ], [ 6.805135, 49.516264 ], [ 6.80513, 49.516674 ], [ 6.80571, 49.516674 ], [ 6.80571, 49.516279 ], [ 6.80582, 49.516279 ], [ 6.805825, 49.516159 ], [ 6.805715, 49.516159 ], [ 6.805715, 49.515784 ], [ 6.805785, 49.515784 ], [ 6.80579, 49.515384 ], [ 6.8059, 49.515384 ], [ 6.8059, 49.515274 ], [ 6.80579, 49.515274 ], [ 6.805795, 49.514874 ], [ 6.805205, 49.514869 ], [ 6.8052, 49.515274 ], [ 6.80537, 49.515274 ], [ 6.80537, 49.515384 ], [ 6.8052, 49.515384 ], [ 6.805195, 49.515654 ], [ 6.805145, 49.515654 ], [ 6.805135, 49.516154 ], [ 6.8053, 49.516159 ] ] ] ] } },
{ "type": "Feature", "properties": { }, "geometry": { "type": "MultiPolygon", "coordinates": [ [ [ [ 7.31733, 50.151779 ], [ 7.31826, 50.151954 ], [ 7.31829, 50.151809 ], [ 7.318405, 50.151384 ], [ 7.31845, 50.151174 ], [ 7.31752, 50.151004 ], [ 7.31733, 50.151779 ] ] ] ] } },
{ "type": "Feature", "properties": { }, "geometry": { "type": "MultiPolygon", "coordinates": [ [ [ [ 6.81058, 49.579079 ], [ 6.8098, 49.579079 ], [ 6.8098, 49.579594 ], [ 6.810575, 49.579599 ], [ 6.81058, 49.579079 ] ] ] ] } },
{ "type": "Feature", "properties": { }, "geometry": { "type": "MultiPolygon", "coordinates": [ [ [ [ 6.80885, 49.574934 ], [ 6.80865, 49.574364 ], [ 6.80794, 49.574554 ], [ 6.80814, 49.575124 ], [ 6.80885, 49.574934 ] ] ] ] } },
{ "type": "Feature", "properties": { }, "geometry": { "type": "MultiPolygon", "coordinates": [ [ [ [ 6.8255, 49.569509 ], [ 6.8255, 49.568874 ], [ 6.82483, 49.568874 ], [ 6.82483, 49.569509 ], [ 6.8255, 49.569509 ] ] ] ] } },
{ "type": "Feature", "properties": { }, "geometry": { "type": "MultiPolygon", "coordinates": [ [ [ [ 6.82621, 49.610874 ], [ 6.82464, 49.610864 ], [ 6.82464, 49.610949 ], [ 6.82441, 49.610944 ], [ 6.824405, 49.611539 ], [ 6.824715, 49.611544 ], [ 6.82471, 49.612184 ], [ 6.8244, 49.612184 ], [ 6.824395, 49.612829 ], [ 6.826205, 49.612844 ], [ 6.82621, 49.612179 ], [ 6.825865, 49.612174 ], [ 6.82587, 49.611559 ], [ 6.826205, 49.611559 ], [ 6.82621, 49.610874 ] ] ] ] } },
{ "type": "Feature", "properties": { }, "geometry": { "type": "MultiPolygon", "coordinates": [ [ [ [ 6.854155, 49.610444 ], [ 6.85396, 49.610449 ], [ 6.853955, 49.610359 ], [ 6.85385, 49.610359 ], [ 6.85385, 49.610319 ], [ 6.853365, 49.610334 ], [ 6.853365, 49.610394 ], [ 6.85326, 49.610399 ], [ 6.853265, 49.610504 ], [ 6.853115, 49.610509 ], [ 6.853125, 49.610704 ], [ 6.85321, 49.610704 ], [ 6.853215, 49.610739 ], [ 6.853115, 49.610739 ], [ 6.853125, 49.610914 ], [ 6.853225, 49.610909 ], [ 6.85324, 49.611189 ], [ 6.853145, 49.611194 ], [ 6.853155, 49.611349 ], [ 6.85325, 49.611344 ], [ 6.85326, 49.611509 ], [ 6.853335, 49.611504 ], [ 6.853345, 49.611689 ], [ 6.85345, 49.611684 ], [ 6.85345, 49.611734 ], [ 6.85396, 49.611719 ], [ 6.853955, 49.611649 ], [ 6.854055, 49.611649 ], [ 6.85405, 49.611459 ], [ 6.85412, 49.611459 ], [ 6.854115, 49.611304 ], [ 6.85421, 49.611299 ], [ 6.8542, 49.611129 ], [ 6.854105, 49.611129 ], [ 6.85409, 49.610864 ], [ 6.85418, 49.610864 ], [ 6.854175, 49.610669 ], [ 6.85406, 49.610674 ], [ 6.85406, 49.610659 ], [ 6.854165, 49.610654 ], [ 6.854155, 49.610444 ] ] ] ] } },
{ "type": "Feature", "properties": { }, "geometry": { "type": "MultiPolygon", "coordinates": [ [ [ [ 6.86851, 49.613559 ], [ 6.869425, 49.613899 ], [ 6.87017, 49.612339 ], [ 6.87026, 49.612374 ], [ 6.87053, 49.611809 ], [ 6.86952, 49.611434 ], [ 6.86851, 49.613559 ] ] ] ] } },
{ "type": "Feature", "properties": { }, "geometry": { "type": "MultiPolygon", "coordinates": [ [ [ [ 6.88446, 49.605529 ], [ 6.884455, 49.606509 ], [ 6.88741, 49.606524 ], [ 6.88742, 49.605544 ], [ 6.88446, 49.605529 ] ] ] ] } },
{ "type": "Feature", "properties": { }, "geometry": { "type": "MultiPolygon", "coordinates": [ [ [ [ 6.875835, 49.652104 ], [ 6.87797, 49.652114 ], [ 6.877975, 49.651469 ], [ 6.87584, 49.651459 ], [ 6.875835, 49.652104 ] ] ] ] } },
{ "type": "Feature", "properties": { }, "geometry": { "type": "MultiPolygon", "coordinates": [ [ [ [ 6.78367, 49.662059 ], [ 6.779, 49.664859 ], [ 6.779945, 49.666074 ], [ 6.784615, 49.663274 ], [ 6.78367, 49.662059 ] ] ] ] } },
{ "type": "Feature", "properties": { }, "geometry": { "type": "MultiPolygon", "coordinates": [ [ [ [ 6.906985, 49.724814 ], [ 6.906985, 49.725249 ], [ 6.90759, 49.725249 ], [ 6.90759, 49.724399 ], [ 6.90672, 49.724399 ], [ 6.90672, 49.724814 ], [ 6.906985, 49.724814 ] ] ] ] } },
{ "type": "Feature", "properties": { }, "geometry": { "type": "MultiPolygon", "coordinates": [ [ [ [ 6.91542, 49.729559 ], [ 6.91542, 49.729984 ], [ 6.9162, 49.729984 ], [ 6.9162, 49.729559 ], [ 6.91542, 49.729559 ] ] ] ] } },
{ "type": "Feature", "properties": { }, "geometry": { "type": "MultiPolygon", "coordinates": [ [ [ [ 7.01539, 49.742969 ], [ 7.012545, 49.742969 ], [ 7.012545, 49.744079 ], [ 7.01539, 49.744079 ], [ 7.01539, 49.742969 ] ] ] ] } },
{ "type": "Feature", "properties": { }, "geometry": { "type": "MultiPolygon", "coordinates": [ [ [ [ 7.03041, 49.712209 ], [ 7.03102, 49.712314 ], [ 7.031475, 49.710389 ], [ 7.03147, 49.708769 ], [ 7.030855, 49.708789 ], [ 7.030845, 49.710329 ], [ 7.03041, 49.712209 ] ] ] ] } },
{ "type": "Feature", "properties": { }, "geometry": { "type": "MultiPolygon", "coordinates": [ [ [ [ 7.01473, 49.755079 ], [ 7.014735, 49.753634 ], [ 7.013145, 49.753629 ], [ 7.01314, 49.755074 ], [ 7.01473, 49.755079 ] ] ] ] } },
{ "type": "Feature", "properties": { }, "geometry": { "type": "MultiPolygon", "coordinates": [ [ [ [ 7.007625, 49.766079 ], [ 7.00762, 49.765224 ], [ 7.007855, 49.765224 ], [ 7.007855, 49.764769 ], [ 7.0071, 49.764774 ], [ 7.0071, 49.764794 ], [ 7.00641, 49.764794 ], [ 7.00642, 49.765714 ], [ 7.00711, 49.765714 ], [ 7.00711, 49.766079 ], [ 7.007625, 49.766079 ] ] ] ] } },
{ "type": "Feature", "properties": { }, "geometry": { "type": "MultiPolygon", "coordinates": [ [ [ [ 7.048445, 49.923574 ], [ 7.048635, 49.923574 ], [ 7.048635, 49.923819 ], [ 7.049575, 49.923819 ], [ 7.049575, 49.923314 ], [ 7.048445, 49.923314 ], [ 7.048445, 49.923574 ] ] ] ] } },
{ "type": "Feature", "properties": { }, "geometry": { "type": "MultiPolygon", "coordinates": [ [ [ [ 7.075015, 49.968294 ], [ 7.07501, 49.968119 ], [ 7.07532, 49.968114 ], [ 7.0753, 49.966584 ], [ 7.0733, 49.966604 ], [ 7.073325, 49.968314 ], [ 7.075015, 49.968294 ] ] ] ] } },
{ "type": "Feature", "properties": { }, "geometry": { "type": "MultiPolygon", "coordinates": [ [ [ [ 7.347915, 49.794159 ], [ 7.347915, 49.793344 ], [ 7.347165, 49.793344 ], [ 7.347165, 49.794159 ], [ 7.347915, 49.794159 ] ] ] ] } },
{ "type": "Feature", "properties": { }, "geometry": { "type": "MultiPolygon", "coordinates": [ [ [ [ 7.35121, 49.819289 ], [ 7.35061, 49.819869 ], [ 7.35101, 49.820194 ], [ 7.351615, 49.819609 ], [ 7.35121, 49.819289 ] ] ] ] } },
{ "type": "Feature", "properties": { }, "geometry": { "type": "MultiPolygon", "coordinates": [ [ [ [ 7.36169, 49.836919 ], [ 7.36271, 49.837109 ], [ 7.362845, 49.836564 ], [ 7.361825, 49.836369 ], [ 7.36169, 49.836919 ] ] ] ] } },
{ "type": "Feature", "properties": { }, "geometry": { "type": "MultiPolygon", "coordinates": [ [ [ [ 7.33044, 49.842854 ], [ 7.33134, 49.842854 ], [ 7.33134, 49.842499 ], [ 7.33107, 49.842499 ], [ 7.33107, 49.842299 ], [ 7.33044, 49.842299 ], [ 7.33044, 49.842854 ] ] ] ] } },
{ "type": "Feature", "properties": { }, "geometry": { "type": "MultiPolygon", "coordinates": [ [ [ [ 7.299365, 49.826969 ], [ 7.299365, 49.826499 ], [ 7.2989, 49.826499 ], [ 7.2989, 49.826384 ], [ 7.29847, 49.826384 ], [ 7.29847, 49.826969 ], [ 7.299365, 49.826969 ] ] ] ] } },
{ "type": "Feature", "properties": { }, "geometry": { "type": "MultiPolygon", "coordinates": [ [ [ [ 7.28094, 49.824849 ], [ 7.28094, 49.824144 ], [ 7.27995, 49.824144 ], [ 7.27995, 49.824849 ], [ 7.28094, 49.824849 ] ] ] ] } },
{ "type": "Feature", "properties": { }, "geometry": { "type": "MultiPolygon", "coordinates": [ [ [ [ 7.271455, 49.832144 ], [ 7.27158, 49.832169 ], [ 7.272215, 49.832174 ], [ 7.27227, 49.830564 ], [ 7.271635, 49.830564 ], [ 7.271495, 49.830559 ], [ 7.271455, 49.832144 ] ] ] ] } },
{ "type": "Feature", "properties": { }, "geometry": { "type": "MultiPolygon", "coordinates": [ [ [ [ 7.257335, 49.822764 ], [ 7.257335, 49.822224 ], [ 7.256585, 49.822224 ], [ 7.256585, 49.822999 ], [ 7.25711, 49.822999 ], [ 7.25711, 49.822764 ], [ 7.257335, 49.822764 ] ] ] ] } },
{ "type": "Feature", "properties": { }, "geometry": { "type": "MultiPolygon", "coordinates": [ [ [ [ 7.24548, 49.806304 ], [ 7.24548, 49.805424 ], [ 7.2448, 49.805424 ], [ 7.2448, 49.806304 ], [ 7.24548, 49.806304 ] ] ] ] } },
{ "type": "Feature", "properties": { }, "geometry": { "type": "MultiPolygon", "coordinates": [ [ [ [ 7.164595, 49.833089 ], [ 7.165235, 49.833234 ], [ 7.16541, 49.832624 ], [ 7.16477, 49.832484 ], [ 7.164595, 49.833089 ] ] ] ] } },
{ "type": "Feature", "properties": { }, "geometry": { "type": "MultiPolygon", "coordinates": [ [ [ [ 7.161795, 49.821634 ], [ 7.161795, 49.821269 ], [ 7.160695, 49.821269 ], [ 7.160695, 49.821844 ], [ 7.16153, 49.821844 ], [ 7.16153, 49.821634 ], [ 7.161795, 49.821634 ] ] ] ] } },
{ "type": "Feature", "properties": { }, "geometry": { "type": "MultiPolygon", "coordinates": [ [ [ [ 7.156515, 49.819489 ], [ 7.156515, 49.818759 ], [ 7.15611, 49.818759 ], [ 7.15611, 49.818914 ], [ 7.155775, 49.818914 ], [ 7.155775, 49.819244 ], [ 7.156045, 49.819244 ], [ 7.156045, 49.819489 ], [ 7.156515, 49.819489 ] ] ] ] } },
{ "type": "Feature", "properties": { }, "geometry": { "type": "MultiPolygon", "coordinates": [ [ [ [ 7.17695, 49.810394 ], [ 7.17736, 49.810394 ], [ 7.17736, 49.809934 ], [ 7.17695, 49.809934 ], [ 7.17695, 49.810394 ] ] ] ] } },
{ "type": "Feature", "properties": { }, "geometry": { "type": "MultiPolygon", "coordinates": [ [ [ [ 7.20475, 49.792364 ], [ 7.20475, 49.791544 ], [ 7.20415, 49.791544 ], [ 7.20415, 49.792364 ], [ 7.20475, 49.792364 ] ] ] ] } },
{ "type": "Feature", "properties": { }, "geometry": { "type": "MultiPolygon", "coordinates": [ [ [ [ 7.21198, 49.794394 ], [ 7.21198, 49.793934 ], [ 7.21174, 49.793934 ], [ 7.21174, 49.793519 ], [ 7.21123, 49.793519 ], [ 7.21123, 49.793744 ], [ 7.210975, 49.793744 ], [ 7.210975, 49.794394 ], [ 7.21198, 49.794394 ] ] ] ] } },
{ "type": "Feature", "properties": { }, "geometry": { "type": "MultiPolygon", "coordinates": [ [ [ [ 7.225985, 49.777534 ], [ 7.225985, 49.777734 ], [ 7.22574, 49.777734 ], [ 7.22574, 49.777989 ], [ 7.225515, 49.777989 ], [ 7.225515, 49.778169 ], [ 7.22574, 49.778169 ], [ 7.22574, 49.778394 ], [ 7.226355, 49.778394 ], [ 7.226355, 49.777534 ], [ 7.225985, 49.777534 ] ] ] ] } },
{ "type": "Feature", "properties": { }, "geometry": { "type": "MultiPolygon", "coordinates": [ [ [ [ 7.22908, 49.778854 ], [ 7.22908, 49.777979 ], [ 7.22829, 49.777979 ], [ 7.22829, 49.778484 ], [ 7.228545, 49.778484 ], [ 7.228545, 49.778854 ], [ 7.22908, 49.778854 ] ] ] ] } },
{ "type": "Feature", "properties": { }, "geometry": { "type": "MultiPolygon", "coordinates": [ [ [ [ 7.1696, 49.746669 ], [ 7.169925, 49.746669 ], [ 7.169925, 49.746339 ], [ 7.169215, 49.746339 ], [ 7.169215, 49.746894 ], [ 7.1696, 49.746894 ], [ 7.1696, 49.746669 ] ] ] ] } },
{ "type": "Feature", "properties": { }, "geometry": { "type": "MultiPolygon", "coordinates": [ [ [ [ 7.192295, 49.721479 ], [ 7.192925, 49.721479 ], [ 7.192925, 49.720784 ], [ 7.19268, 49.720784 ], [ 7.19268, 49.720569 ], [ 7.192295, 49.720569 ], [ 7.192295, 49.721479 ] ] ] ] } },
{ "type": "Feature", "properties": { }, "geometry": { "type": "MultiPolygon", "coordinates": [ [ [ [ 7.21465, 49.723339 ], [ 7.214155, 49.723339 ], [ 7.214155, 49.724034 ], [ 7.21489, 49.724034 ], [ 7.21489, 49.723589 ], [ 7.21465, 49.723589 ], [ 7.21465, 49.723339 ] ] ] ] } },
{ "type": "Feature", "properties": { }, "geometry": { "type": "MultiPolygon", "coordinates": [ [ [ [ 7.202135, 49.736594 ], [ 7.200995, 49.736594 ], [ 7.200995, 49.737209 ], [ 7.201265, 49.737209 ], [ 7.201265, 49.737444 ], [ 7.201855, 49.737444 ], [ 7.201855, 49.737009 ], [ 7.202135, 49.737009 ], [ 7.202135, 49.736594 ] ] ] ] } },
{ "type": "Feature", "properties": { }, "geometry": { "type": "MultiPolygon", "coordinates": [ [ [ [ 7.221865, 49.761294 ], [ 7.22279, 49.761294 ], [ 7.22279, 49.760814 ], [ 7.222515, 49.760814 ], [ 7.222515, 49.760519 ], [ 7.221865, 49.760519 ], [ 7.221865, 49.761294 ] ] ] ] } },
{ "type": "Feature", "properties": { }, "geometry": { "type": "MultiPolygon", "coordinates": [ [ [ [ 7.250335, 49.755544 ], [ 7.250335, 49.755084 ], [ 7.249895, 49.755084 ], [ 7.249895, 49.754839 ], [ 7.24941, 49.754839 ], [ 7.24941, 49.755544 ], [ 7.250335, 49.755544 ] ] ] ] } },
{ "type": "Feature", "properties": { }, "geometry": { "type": "MultiPolygon", "coordinates": [ [ [ [ 7.24158, 49.748769 ], [ 7.24158, 49.749369 ], [ 7.24241, 49.749369 ], [ 7.24241, 49.748769 ], [ 7.24158, 49.748769 ] ] ] ] } },
{ "type": "Feature", "properties": { }, "geometry": { "type": "MultiPolygon", "coordinates": [ [ [ [ 7.294505, 49.724679 ], [ 7.2937, 49.725089 ], [ 7.294675, 49.726574 ], [ 7.29548, 49.726169 ], [ 7.294505, 49.724679 ] ] ] ] } },
{ "type": "Feature", "properties": { }, "geometry": { "type": "MultiPolygon", "coordinates": [ [ [ [ 7.30409, 49.746234 ], [ 7.30409, 49.746929 ], [ 7.30519, 49.746929 ], [ 7.30519, 49.746234 ], [ 7.30409, 49.746234 ] ] ] ] } },
{ "type": "Feature", "properties": { }, "geometry": { "type": "MultiPolygon", "coordinates": [ [ [ [ 7.31448, 49.765229 ], [ 7.31448, 49.766079 ], [ 7.31502, 49.766079 ], [ 7.31502, 49.765869 ], [ 7.31526, 49.765869 ], [ 7.31526, 49.765454 ], [ 7.31499, 49.765454 ], [ 7.31499, 49.765229 ], [ 7.31448, 49.765229 ] ] ] ] } },
{ "type": "Feature", "properties": { }, "geometry": { "type": "MultiPolygon", "coordinates": [ [ [ [ 7.355925, 49.736454 ], [ 7.35687, 49.736454 ], [ 7.356875, 49.736099 ], [ 7.356665, 49.736104 ], [ 7.356675, 49.735984 ], [ 7.35591, 49.735974 ], [ 7.355925, 49.736454 ] ] ] ] } },
{ "type": "Feature", "properties": { }, "geometry": { "type": "MultiPolygon", "coordinates": [ [ [ [ 7.359115, 49.767859 ], [ 7.359115, 49.767434 ], [ 7.35823, 49.767434 ], [ 7.35823, 49.767624 ], [ 7.358025, 49.767624 ], [ 7.358025, 49.767859 ], [ 7.359115, 49.767859 ] ] ] ] } },
{ "type": "Feature", "properties": { }, "geometry": { "type": "MultiPolygon", "coordinates": [ [ [ [ 7.36862, 49.788099 ], [ 7.36862, 49.788784 ], [ 7.36913, 49.788784 ], [ 7.36913, 49.788559 ], [ 7.3694, 49.788559 ], [ 7.3694, 49.788099 ], [ 7.36862, 49.788099 ] ] ] ] } },
{ "type": "Feature", "properties": { }, "geometry": { "type": "MultiPolygon", "coordinates": [ [ [ [ 7.31785, 49.796429 ], [ 7.31785, 49.795974 ], [ 7.317595, 49.795974 ], [ 7.317595, 49.795784 ], [ 7.317005, 49.795784 ], [ 7.317005, 49.795974 ], [ 7.316735, 49.795974 ], [ 7.316735, 49.796429 ], [ 7.31785, 49.796429 ] ] ] ] } },
{ "type": "Feature", "properties": { }, "geometry": { "type": "MultiPolygon", "coordinates": [ [ [ [ 7.319255, 49.796454 ], [ 7.319255, 49.795949 ], [ 7.318975, 49.795949 ], [ 7.318975, 49.795749 ], [ 7.31806, 49.795749 ], [ 7.31806, 49.796454 ], [ 7.319255, 49.796454 ] ] ] ] } },
{ "type": "Feature", "properties": { }, "geometry": { "type": "MultiPolygon", "coordinates": [ [ [ [ 7.303565, 49.789609 ], [ 7.303565, 49.790339 ], [ 7.303845, 49.790339 ], [ 7.303845, 49.790139 ], [ 7.304315, 49.790139 ], [ 7.304315, 49.789609 ], [ 7.303565, 49.789609 ] ] ] ] } },
{ "type": "Feature", "properties": { }, "geometry": { "type": "MultiPolygon", "coordinates": [ [ [ [ 7.26638, 49.775579 ], [ 7.26638, 49.775189 ], [ 7.266665, 49.775184 ], [ 7.26666, 49.774704 ], [ 7.26581, 49.774709 ], [ 7.26582, 49.775579 ], [ 7.26638, 49.775579 ] ] ] ] } },
{ "type": "Feature", "properties": { }, "geometry": { "type": "MultiPolygon", "coordinates": [ [ [ [ 7.28699, 49.774784 ], [ 7.28699, 49.774269 ], [ 7.28629, 49.774269 ], [ 7.28629, 49.774784 ], [ 7.28699, 49.774784 ] ] ] ] } },
{ "type": "Feature", "properties": { }, "geometry": { "type": "MultiPolygon", "coordinates": [ [ [ [ 7.24732, 49.730114 ], [ 7.24732, 49.729324 ], [ 7.246755, 49.729324 ], [ 7.246755, 49.730114 ], [ 7.24732, 49.730114 ] ] ] ] } },
{ "type": "Feature", "properties": { }, "geometry": { "type": "MultiPolygon", "coordinates": [ [ [ [ 7.246935, 49.720664 ], [ 7.24654, 49.721014 ], [ 7.247175, 49.721569 ], [ 7.24757, 49.721214 ], [ 7.246935, 49.720664 ] ] ] ] } },
{ "type": "Feature", "properties": { }, "geometry": { "type": "MultiPolygon", "coordinates": [ [ [ [ 7.229055, 49.734569 ], [ 7.229055, 49.735314 ], [ 7.229695, 49.735314 ], [ 7.229695, 49.734569 ], [ 7.229055, 49.734569 ] ] ] ] } },
{ "type": "Feature", "properties": { }, "geometry": { "type": "MultiPolygon", "coordinates": [ [ [ [ 7.13845, 49.692359 ], [ 7.13845, 49.693689 ], [ 7.139, 49.693689 ], [ 7.139, 49.692359 ], [ 7.13845, 49.692359 ] ] ] ] } },
{ "type": "Feature", "properties": { }, "geometry": { "type": "MultiPolygon", "coordinates": [ [ [ [ 7.118425, 49.669459 ], [ 7.119295, 49.669459 ], [ 7.119295, 49.668554 ], [ 7.118425, 49.668554 ], [ 7.118425, 49.669459 ] ] ] ] } },
{ "type": "Feature", "properties": { }, "geometry": { "type": "MultiPolygon", "coordinates": [ [ [ [ 7.06824, 49.665229 ], [ 7.06824, 49.666019 ], [ 7.069125, 49.666019 ], [ 7.069125, 49.665229 ], [ 7.06824, 49.665229 ] ] ] ] } },
{ "type": "Feature", "properties": { }, "geometry": { "type": "MultiPolygon", "coordinates": [ [ [ [ 7.081305, 49.620264 ], [ 7.08062, 49.620264 ], [ 7.08062, 49.620949 ], [ 7.081305, 49.620949 ], [ 7.081305, 49.620264 ] ] ] ] } },
{ "type": "Feature", "properties": { }, "geometry": { "type": "MultiPolygon", "coordinates": [ [ [ [ 7.07663, 49.621089 ], [ 7.07707, 49.621664 ], [ 7.07773, 49.621279 ], [ 7.07729, 49.620699 ], [ 7.07663, 49.621089 ] ] ] ] } },
{ "type": "Feature", "properties": { }, "geometry": { "type": "MultiPolygon", "coordinates": [ [ [ [ 7.068695, 49.614349 ], [ 7.068695, 49.614784 ], [ 7.06902, 49.614784 ], [ 7.06902, 49.614349 ], [ 7.068695, 49.614349 ] ] ] ] } },
{ "type": "Feature", "properties": { }, "geometry": { "type": "MultiPolygon", "coordinates": [ [ [ [ 6.660875, 49.994739 ], [ 6.66014, 49.995019 ], [ 6.660325, 49.995389 ], [ 6.66106, 49.995109 ], [ 6.660875, 49.994739 ] ] ] ] } },
{ "type": "Feature", "properties": { }, "geometry": { "type": "MultiPolygon", "coordinates": [ [ [ [ 6.64731, 49.975719 ], [ 6.646875, 49.975484 ], [ 6.646385, 49.976179 ], [ 6.64682, 49.976419 ], [ 6.64731, 49.975719 ] ] ] ] } },
{ "type": "Feature", "properties": { }, "geometry": { "type": "MultiPolygon", "coordinates": [ [ [ [ 6.69505, 50.025199 ], [ 6.69505, 50.024564 ], [ 6.69445, 50.024564 ], [ 6.69445, 50.025199 ], [ 6.69505, 50.025199 ] ] ] ] } },
{ "type": "Feature", "properties": { }, "geometry": { "type": "MultiPolygon", "coordinates": [ [ [ [ 6.68755, 50.027594 ], [ 6.687555, 50.028169 ], [ 6.687995, 50.028169 ], [ 6.687995, 50.027944 ], [ 6.688275, 50.027944 ], [ 6.688275, 50.027589 ], [ 6.68755, 50.027594 ] ] ] ] } },
{ "type": "Feature", "properties": { }, "geometry": { "type": "MultiPolygon", "coordinates": [ [ [ [ 6.694755, 50.036649 ], [ 6.694115, 50.036649 ], [ 6.694115, 50.037179 ], [ 6.694755, 50.037179 ], [ 6.694755, 50.036649 ] ] ] ] } },
{ "type": "Feature", "properties": { }, "geometry": { "type": "MultiPolygon", "coordinates": [ [ [ [ 6.703285, 50.013329 ], [ 6.703285, 50.013954 ], [ 6.70385, 50.013954 ], [ 6.70385, 50.013774 ], [ 6.70424, 50.013774 ], [ 6.70424, 50.013329 ], [ 6.703285, 50.013329 ] ] ] ] } },
{ "type": "Feature", "properties": { }, "geometry": { "type": "MultiPolygon", "coordinates": [ [ [ [ 6.72418, 50.020794 ], [ 6.723685, 50.020794 ], [ 6.723685, 50.021524 ], [ 6.72386, 50.021524 ], [ 6.72386, 50.021739 ], [ 6.72441, 50.021739 ], [ 6.72441, 50.021019 ], [ 6.72418, 50.021019 ], [ 6.72418, 50.020794 ] ] ] ] } },
{ "type": "Feature", "properties": { }, "geometry": { "type": "MultiPolygon", "coordinates": [ [ [ [ 6.729905, 49.996184 ], [ 6.729525, 49.996594 ], [ 6.730115, 49.997019 ], [ 6.7305, 49.996614 ], [ 6.729905, 49.996184 ] ] ] ] } },
{ "type": "Feature", "properties": { }, "geometry": { "type": "MultiPolygon", "coordinates": [ [ [ [ 6.69715, 50.005944 ], [ 6.69714, 50.006679 ], [ 6.69763, 50.006684 ], [ 6.69764, 50.005949 ], [ 6.69715, 50.005944 ] ] ] ] } },
{ "type": "Feature", "properties": { }, "geometry": { "type": "MultiPolygon", "coordinates": [ [ [ [ 6.695375, 50.005474 ], [ 6.69469, 50.005474 ], [ 6.69469, 50.006309 ], [ 6.695375, 50.006309 ], [ 6.695375, 50.005474 ] ] ] ] } },
{ "type": "Feature", "properties": { }, "geometry": { "type": "MultiPolygon", "coordinates": [ [ [ [ 6.81634, 50.035349 ], [ 6.81634, 50.035704 ], [ 6.816905, 50.035704 ], [ 6.816905, 50.035504 ], [ 6.816665, 50.035504 ], [ 6.816665, 50.035349 ], [ 6.81634, 50.035349 ] ] ] ] } },
{ "type": "Feature", "properties": { }, "geometry": { "type": "MultiPolygon", "coordinates": [ [ [ [ 6.71457, 50.059094 ], [ 6.71448, 50.056954 ], [ 6.71377, 50.056979 ], [ 6.71386, 50.059119 ], [ 6.71457, 50.059094 ] ] ] ] } },
{ "type": "Feature", "properties": { }, "geometry": { "type": "MultiPolygon", "coordinates": [ [ [ [ 6.68598, 49.773969 ], [ 6.68555, 49.774259 ], [ 6.686035, 49.774819 ], [ 6.68647, 49.774529 ], [ 6.68598, 49.773969 ] ] ] ] } },
{ "type": "Feature", "properties": { }, "geometry": { "type": "MultiPolygon", "coordinates": [ [ [ [ 6.70326, 49.778039 ], [ 6.70326, 49.777344 ], [ 6.70263, 49.777344 ], [ 6.70263, 49.778039 ], [ 6.70326, 49.778039 ] ] ] ] } },
{ "type": "Feature", "properties": { }, "geometry": { "type": "MultiPolygon", "coordinates": [ [ [ [ 6.695905, 49.773049 ], [ 6.69556, 49.772654 ], [ 6.694965, 49.773054 ], [ 6.695315, 49.773449 ], [ 6.695905, 49.773049 ] ] ] ] } },
{ "type": "Feature", "properties": { }, "geometry": { "type": "MultiPolygon", "coordinates": [ [ [ [ 7.20451, 49.814884 ], [ 7.20451, 49.814364 ], [ 7.204255, 49.814364 ], [ 7.204255, 49.814164 ], [ 7.20345, 49.814164 ], [ 7.20345, 49.814649 ], [ 7.203695, 49.814649 ], [ 7.203695, 49.814884 ], [ 7.20451, 49.814884 ] ] ] ] } },
{ "type": "Feature", "properties": { }, "geometry": { "type": "MultiPolygon", "coordinates": [ [ [ [ 7.194095, 49.823444 ], [ 7.19325, 49.823439 ], [ 7.193245, 49.823934 ], [ 7.19409, 49.823939 ], [ 7.194095, 49.823444 ] ] ] ] } },
{ "type": "Feature", "properties": { }, "geometry": { "type": "MultiPolygon", "coordinates": [ [ [ [ 7.275525, 49.800329 ], [ 7.27549, 49.799339 ], [ 7.27442, 49.799369 ], [ 7.274435, 49.799809 ], [ 7.27422, 49.799819 ], [ 7.27423, 49.800109 ], [ 7.27445, 49.800104 ], [ 7.27446, 49.800354 ], [ 7.275525, 49.800329 ] ] ] ] } },
{ "type": "Feature", "properties": { }, "geometry": { "type": "MultiPolygon", "coordinates": [ [ [ [ 7.35017, 49.841379 ], [ 7.35017, 49.840699 ], [ 7.34935, 49.840699 ], [ 7.34935, 49.841379 ], [ 7.35017, 49.841379 ] ] ] ] } },
{ "type": "Feature", "properties": { }, "geometry": { "type": "MultiPolygon", "coordinates": [ [ [ [ 7.3788, 49.900529 ], [ 7.37879, 49.899344 ], [ 7.3778, 49.899349 ], [ 7.3778, 49.899794 ], [ 7.37754, 49.899794 ], [ 7.37754, 49.900079 ], [ 7.37779, 49.900074 ], [ 7.377795, 49.900534 ], [ 7.3788, 49.900529 ] ] ] ] } },
{ "type": "Feature", "properties": { }, "geometry": { "type": "MultiPolygon", "coordinates": [ [ [ [ 7.362545, 49.851004 ], [ 7.362115, 49.851009 ], [ 7.36212, 49.851304 ], [ 7.36192, 49.851309 ], [ 7.361925, 49.851874 ], [ 7.362555, 49.851864 ], [ 7.362545, 49.851004 ] ] ] ] } },
{ "type": "Feature", "properties": { }, "geometry": { "type": "MultiPolygon", "coordinates": [ [ [ [ 7.34621, 49.875229 ], [ 7.346975, 49.875229 ], [ 7.346975, 49.874664 ], [ 7.34621, 49.874664 ], [ 7.34621, 49.875229 ] ] ] ] } },
{ "type": "Feature", "properties": { }, "geometry": { "type": "MultiPolygon", "coordinates": [ [ [ [ 7.110405, 49.807529 ], [ 7.110405, 49.808389 ], [ 7.111655, 49.808389 ], [ 7.111655, 49.807529 ], [ 7.110405, 49.807529 ] ] ] ] } },
{ "type": "Feature", "properties": { }, "geometry": { "type": "MultiPolygon", "coordinates": [ [ [ [ 7.08863, 50.050919 ], [ 7.089075, 50.050074 ], [ 7.08839, 50.049794 ], [ 7.087945, 50.050639 ], [ 7.08863, 50.050919 ] ] ] ] } },
{ "type": "Feature", "properties": { }, "geometry": { "type": "MultiPolygon", "coordinates": [ [ [ [ 7.118195, 50.050544 ], [ 7.11765, 50.050544 ], [ 7.11765, 50.050319 ], [ 7.11715, 50.050319 ], [ 7.11715, 50.051014 ], [ 7.118195, 50.051014 ], [ 7.118195, 50.050544 ] ] ] ] } },
{ "type": "Feature", "properties": { }, "geometry": { "type": "MultiPolygon", "coordinates": [ [ [ [ 7.12804, 50.063359 ], [ 7.128915, 50.063359 ], [ 7.128915, 50.062944 ], [ 7.12804, 50.062944 ], [ 7.12804, 50.063359 ] ] ] ] } },
{ "type": "Feature", "properties": { }, "geometry": { "type": "MultiPolygon", "coordinates": [ [ [ [ 7.136075, 49.762979 ], [ 7.136075, 49.763204 ], [ 7.135835, 49.763204 ], [ 7.135835, 49.763594 ], [ 7.136585, 49.763594 ], [ 7.136585, 49.762979 ], [ 7.136075, 49.762979 ] ] ] ] } },
{ "type": "Feature", "properties": { }, "geometry": { "type": "MultiPolygon", "coordinates": [ [ [ [ 7.13101, 49.747629 ], [ 7.130985, 49.748539 ], [ 7.131695, 49.748524 ], [ 7.131685, 49.747699 ], [ 7.13137, 49.747699 ], [ 7.131375, 49.747624 ], [ 7.13101, 49.747629 ] ] ] ] } },
{ "type": "Feature", "properties": { }, "geometry": { "type": "MultiPolygon", "coordinates": [ [ [ [ 7.365255, 49.559924 ], [ 7.365805, 49.560409 ], [ 7.3661, 49.560149 ], [ 7.36555, 49.559669 ], [ 7.365255, 49.559924 ] ] ] ] } },
{ "type": "Feature", "properties": { }, "geometry": { "type": "MultiPolygon", "coordinates": [ [ [ [ 7.328285, 49.597914 ], [ 7.3287, 49.598629 ], [ 7.32922, 49.598394 ], [ 7.328805, 49.597684 ], [ 7.328285, 49.597914 ] ] ] ] } },
{ "type": "Feature", "properties": { }, "geometry": { "type": "MultiPolygon", "coordinates": [ [ [ [ 7.30658, 49.606354 ], [ 7.30751, 49.606354 ], [ 7.30751, 49.605884 ], [ 7.30658, 49.605884 ], [ 7.30658, 49.606354 ] ] ] ] } },
{ "type": "Feature", "properties": { }, "geometry": { "type": "MultiPolygon", "coordinates": [ [ [ [ 7.311235, 49.592399 ], [ 7.31046, 49.592399 ], [ 7.31046, 49.593259 ], [ 7.310955, 49.593259 ], [ 7.310955, 49.592814 ], [ 7.311235, 49.592814 ], [ 7.311235, 49.592399 ] ] ] ] } },
{ "type": "Feature", "properties": { }, "geometry": { "type": "MultiPolygon", "coordinates": [ [ [ [ 7.29224, 49.592334 ], [ 7.291345, 49.592334 ], [ 7.291345, 49.592904 ], [ 7.29161, 49.592904 ], [ 7.29161, 49.593104 ], [ 7.29224, 49.593104 ], [ 7.29224, 49.592334 ] ] ] ] } },
{ "type": "Feature", "properties": { }, "geometry": { "type": "MultiPolygon", "coordinates": [ [ [ [ 7.28534, 49.600769 ], [ 7.28534, 49.601369 ], [ 7.28601, 49.601369 ], [ 7.28601, 49.601229 ], [ 7.286305, 49.601229 ], [ 7.286305, 49.600769 ], [ 7.28534, 49.600769 ] ] ] ] } },
{ "type": "Feature", "properties": { }, "geometry": { "type": "MultiPolygon", "coordinates": [ [ [ [ 7.348775, 49.618809 ], [ 7.348075, 49.618234 ], [ 7.34753, 49.618749 ], [ 7.348225, 49.619324 ], [ 7.348775, 49.618809 ] ] ] ] } },
{ "type": "Feature", "properties": { }, "geometry": { "type": "MultiPolygon", "coordinates": [ [ [ [ 7.32544, 49.610814 ], [ 7.32544, 49.611684 ], [ 7.32647, 49.611684 ], [ 7.32647, 49.611224 ], [ 7.32619, 49.611224 ], [ 7.32619, 49.611059 ], [ 7.325975, 49.611059 ], [ 7.325975, 49.610814 ], [ 7.32544, 49.610814 ] ] ] ] } },
{ "type": "Feature", "properties": { }, "geometry": { "type": "MultiPolygon", "coordinates": [ [ [ [ 7.309265, 49.631264 ], [ 7.308625, 49.631434 ], [ 7.308765, 49.631839 ], [ 7.30851, 49.631909 ], [ 7.30861, 49.632194 ], [ 7.3095, 49.631954 ], [ 7.309265, 49.631264 ] ] ] ] } },
{ "type": "Feature", "properties": { }, "geometry": { "type": "MultiPolygon", "coordinates": [ [ [ [ 7.302585, 49.645084 ], [ 7.302585, 49.644204 ], [ 7.301595, 49.644204 ], [ 7.301595, 49.645084 ], [ 7.302585, 49.645084 ] ] ] ] } },
{ "type": "Feature", "properties": { }, "geometry": { "type": "MultiPolygon", "coordinates": [ [ [ [ 7.386235, 49.640434 ], [ 7.38624, 49.641589 ], [ 7.38758, 49.641584 ], [ 7.387575, 49.640434 ], [ 7.386235, 49.640434 ] ] ] ] } },
{ "type": "Feature", "properties": { }, "geometry": { "type": "MultiPolygon", "coordinates": [ [ [ [ 7.374025, 49.659779 ], [ 7.37431, 49.660189 ], [ 7.375185, 49.659719 ], [ 7.3749, 49.659309 ], [ 7.374025, 49.659779 ] ] ] ] } },
{ "type": "Feature", "properties": { }, "geometry": { "type": "MultiPolygon", "coordinates": [ [ [ [ 7.31491, 49.722009 ], [ 7.31512, 49.721304 ], [ 7.314215, 49.721104 ], [ 7.314005, 49.721809 ], [ 7.31491, 49.722009 ] ] ] ] } },
{ "type": "Feature", "properties": { }, "geometry": { "type": "MultiPolygon", "coordinates": [ [ [ [ 7.327925, 49.720899 ], [ 7.32827, 49.721564 ], [ 7.328885, 49.721319 ], [ 7.32854, 49.720654 ], [ 7.327925, 49.720899 ] ] ] ] } },
{ "type": "Feature", "properties": { }, "geometry": { "type": "MultiPolygon", "coordinates": [ [ [ [ 7.337935, 49.715549 ], [ 7.33755, 49.715549 ], [ 7.33755, 49.716149 ], [ 7.337855, 49.716149 ], [ 7.337855, 49.716374 ], [ 7.33819, 49.716374 ], [ 7.33819, 49.715764 ], [ 7.337935, 49.715764 ], [ 7.337935, 49.715549 ] ] ] ] } },
{ "type": "Feature", "properties": { }, "geometry": { "type": "MultiPolygon", "coordinates": [ [ [ [ 7.348645, 49.688779 ], [ 7.34865, 49.689779 ], [ 7.349575, 49.689774 ], [ 7.349575, 49.688999 ], [ 7.34907, 49.689004 ], [ 7.34907, 49.688779 ], [ 7.348645, 49.688779 ] ] ] ] } },
{ "type": "Feature", "properties": { }, "geometry": { "type": "MultiPolygon", "coordinates": [ [ [ [ 7.336035, 49.703359 ], [ 7.336495, 49.703094 ], [ 7.33619, 49.702614 ], [ 7.336, 49.702709 ], [ 7.3359, 49.702564 ], [ 7.33563, 49.702709 ], [ 7.336035, 49.703359 ] ] ] ] } },
{ "type": "Feature", "properties": { }, "geometry": { "type": "MultiPolygon", "coordinates": [ [ [ [ 7.3161, 49.688289 ], [ 7.31655, 49.688789 ], [ 7.316715, 49.688674 ], [ 7.31691, 49.688889 ], [ 7.31717, 49.688709 ], [ 7.316525, 49.687994 ], [ 7.3161, 49.688289 ] ] ] ] } },
{ "type": "Feature", "properties": { }, "geometry": { "type": "MultiPolygon", "coordinates": [ [ [ [ 7.31563, 49.691164 ], [ 7.3158, 49.691354 ], [ 7.315735, 49.691389 ], [ 7.31596, 49.691669 ], [ 7.316655, 49.691179 ], [ 7.316255, 49.690724 ], [ 7.31563, 49.691164 ] ] ] ] } },
{ "type": "Feature", "properties": { }, "geometry": { "type": "MultiPolygon", "coordinates": [ [ [ [ 7.361755, 49.670284 ], [ 7.359475, 49.670279 ], [ 7.35947, 49.671159 ], [ 7.36175, 49.671164 ], [ 7.361755, 49.670284 ] ] ] ] } },
{ "type": "Feature", "properties": { }, "geometry": { "type": "MultiPolygon", "coordinates": [ [ [ [ 7.289125, 49.696134 ], [ 7.289345, 49.696889 ], [ 7.28983, 49.696779 ], [ 7.28977, 49.696569 ], [ 7.29019, 49.696474 ], [ 7.29003, 49.695929 ], [ 7.289125, 49.696134 ] ] ] ] } },
{ "type": "Feature", "properties": { }, "geometry": { "type": "MultiPolygon", "coordinates": [ [ [ [ 7.38583, 50.116519 ], [ 7.385475, 50.115744 ], [ 7.38447, 50.116104 ], [ 7.384825, 50.116879 ], [ 7.38583, 50.116519 ] ] ] ] } },
{ "type": "Feature", "properties": { }, "geometry": { "type": "MultiPolygon", "coordinates": [ [ [ [ 7.368445, 50.113709 ], [ 7.369345, 50.113709 ], [ 7.369345, 50.113254 ], [ 7.36889, 50.113254 ], [ 7.36889, 50.112994 ], [ 7.368445, 50.112994 ], [ 7.368445, 50.113709 ] ] ] ] } },
{ "type": "Feature", "properties": { }, "geometry": { "type": "MultiPolygon", "coordinates": [ [ [ [ 7.376695, 50.097789 ], [ 7.376695, 50.097379 ], [ 7.376185, 50.097379 ], [ 7.376185, 50.096954 ], [ 7.375675, 50.096954 ], [ 7.375675, 50.097789 ], [ 7.376695, 50.097789 ] ] ] ] } },
{ "type": "Feature", "properties": { }, "geometry": { "type": "MultiPolygon", "coordinates": [ [ [ [ 7.338435, 50.076229 ], [ 7.338985, 50.076229 ], [ 7.338985, 50.076454 ], [ 7.339495, 50.076454 ], [ 7.339495, 50.075534 ], [ 7.338435, 50.075534 ], [ 7.338435, 50.076229 ] ] ] ] } },
{ "type": "Feature", "properties": { }, "geometry": { "type": "MultiPolygon", "coordinates": [ [ [ [ 7.33472, 50.073169 ], [ 7.33363, 50.073169 ], [ 7.33363, 50.073814 ], [ 7.334155, 50.073814 ], [ 7.334155, 50.074014 ], [ 7.33472, 50.074014 ], [ 7.33472, 50.073169 ] ] ] ] } },
{ "type": "Feature", "properties": { }, "geometry": { "type": "MultiPolygon", "coordinates": [ [ [ [ 7.297675, 49.684014 ], [ 7.298185, 49.684014 ], [ 7.298185, 49.683779 ], [ 7.29871, 49.683779 ], [ 7.29871, 49.683069 ], [ 7.297675, 49.683069 ], [ 7.297675, 49.684014 ] ] ] ] } },
{ "type": "Feature", "properties": { }, "geometry": { "type": "MultiPolygon", "coordinates": [ [ [ [ 7.29152, 49.699069 ], [ 7.29094, 49.699184 ], [ 7.29108, 49.699709 ], [ 7.291415, 49.699644 ], [ 7.29148, 49.699874 ], [ 7.29172, 49.699829 ], [ 7.29152, 49.699069 ] ] ] ] } },
{ "type": "Feature", "properties": { }, "geometry": { "type": "MultiPolygon", "coordinates": [ [ [ [ 7.267725, 49.696164 ], [ 7.2673, 49.695799 ], [ 7.266745, 49.696299 ], [ 7.26717, 49.696664 ], [ 7.267725, 49.696164 ] ] ] ] } },
{ "type": "Feature", "properties": { }, "geometry": { "type": "MultiPolygon", "coordinates": [ [ [ [ 7.26749, 49.687114 ], [ 7.26749, 49.686429 ], [ 7.267035, 49.686429 ], [ 7.267035, 49.686679 ], [ 7.26678, 49.686679 ], [ 7.26678, 49.687114 ], [ 7.26749, 49.687114 ] ] ] ] } },
{ "type": "Feature", "properties": { }, "geometry": { "type": "MultiPolygon", "coordinates": [ [ [ [ 7.262135, 49.693954 ], [ 7.262225, 49.694489 ], [ 7.263, 49.694394 ], [ 7.262915, 49.693854 ], [ 7.262135, 49.693954 ] ] ] ] } },
{ "type": "Feature", "properties": { }, "geometry": { "type": "MultiPolygon", "coordinates": [ [ [ [ 7.25513, 49.666169 ], [ 7.254635, 49.666169 ], [ 7.25464, 49.666444 ], [ 7.254095, 49.666444 ], [ 7.2541, 49.666914 ], [ 7.25434, 49.666909 ], [ 7.254345, 49.667134 ], [ 7.25514, 49.667129 ], [ 7.25513, 49.666169 ] ] ] ] } },
{ "type": "Feature", "properties": { }, "geometry": { "type": "MultiPolygon", "coordinates": [ [ [ [ 7.240705, 49.667029 ], [ 7.240705, 49.666169 ], [ 7.23989, 49.666169 ], [ 7.23989, 49.667029 ], [ 7.240705, 49.667029 ] ] ] ] } },
{ "type": "Feature", "properties": { }, "geometry": { "type": "MultiPolygon", "coordinates": [ [ [ [ 7.230535, 49.694899 ], [ 7.23054, 49.695654 ], [ 7.231155, 49.695649 ], [ 7.231155, 49.695849 ], [ 7.231775, 49.695849 ], [ 7.23177, 49.694894 ], [ 7.230535, 49.694899 ] ] ] ] } },
{ "type": "Feature", "properties": { }, "geometry": { "type": "MultiPolygon", "coordinates": [ [ [ [ 7.157195, 49.686609 ], [ 7.158075, 49.686614 ], [ 7.158075, 49.686159 ], [ 7.15782, 49.686159 ], [ 7.157825, 49.685739 ], [ 7.157205, 49.685734 ], [ 7.157195, 49.686609 ] ] ] ] } },
{ "type": "Feature", "properties": { }, "geometry": { "type": "MultiPolygon", "coordinates": [ [ [ [ 7.15568, 49.687974 ], [ 7.15568, 49.687264 ], [ 7.1552, 49.687264 ], [ 7.1552, 49.687489 ], [ 7.154905, 49.687489 ], [ 7.154905, 49.688219 ], [ 7.15544, 49.688219 ], [ 7.15544, 49.687974 ], [ 7.15568, 49.687974 ] ] ] ] } },
{ "type": "Feature", "properties": { }, "geometry": { "type": "MultiPolygon", "coordinates": [ [ [ [ 7.1396, 49.679669 ], [ 7.13911, 49.679664 ], [ 7.139115, 49.679389 ], [ 7.1396, 49.679394 ], [ 7.1396, 49.679044 ], [ 7.138505, 49.679034 ], [ 7.13849, 49.680004 ], [ 7.139595, 49.680019 ], [ 7.1396, 49.679669 ] ] ] ] } },
{ "type": "Feature", "properties": { }, "geometry": { "type": "MultiPolygon", "coordinates": [ [ [ [ 7.28711, 49.665299 ], [ 7.28711, 49.665429 ], [ 7.287635, 49.665429 ], [ 7.287635, 49.664899 ], [ 7.286855, 49.664899 ], [ 7.286855, 49.665299 ], [ 7.28711, 49.665299 ] ] ] ] } },
{ "type": "Feature", "properties": { }, "geometry": { "type": "MultiPolygon", "coordinates": [ [ [ [ 7.271795, 49.666774 ], [ 7.271795, 49.667349 ], [ 7.27221, 49.667349 ], [ 7.27221, 49.667159 ], [ 7.27241, 49.667159 ], [ 7.27241, 49.666774 ], [ 7.271795, 49.666774 ] ] ] ] } },
{ "type": "Feature", "properties": { }, "geometry": { "type": "MultiPolygon", "coordinates": [ [ [ [ 7.27092, 49.667869 ], [ 7.27092, 49.668434 ], [ 7.271365, 49.668434 ], [ 7.271365, 49.667869 ], [ 7.27092, 49.667869 ] ] ] ] } },
{ "type": "Feature", "properties": { }, "geometry": { "type": "MultiPolygon", "coordinates": [ [ [ [ 7.271635, 49.664189 ], [ 7.271635, 49.663719 ], [ 7.270815, 49.663719 ], [ 7.270815, 49.664449 ], [ 7.27134, 49.664449 ], [ 7.27134, 49.664189 ], [ 7.271635, 49.664189 ] ] ] ] } },
{ "type": "Feature", "properties": { }, "geometry": { "type": "MultiPolygon", "coordinates": [ [ [ [ 7.312885, 49.697804 ], [ 7.312415, 49.697389 ], [ 7.31159, 49.698114 ], [ 7.311835, 49.698329 ], [ 7.311945, 49.698224 ], [ 7.312175, 49.698429 ], [ 7.312885, 49.697804 ] ] ] ] } },
{ "type": "Feature", "properties": { }, "geometry": { "type": "MultiPolygon", "coordinates": [ [ [ [ 7.319905, 49.698764 ], [ 7.319145, 49.698084 ], [ 7.318665, 49.698494 ], [ 7.319425, 49.699174 ], [ 7.319905, 49.698764 ] ] ] ] } },
{ "type": "Feature", "properties": { }, "geometry": { "type": "MultiPolygon", "coordinates": [ [ [ [ 6.91604, 50.171139 ], [ 6.91604, 50.170514 ], [ 6.915665, 50.170514 ], [ 6.915665, 50.171139 ], [ 6.91604, 50.171139 ] ] ] ] } },
{ "type": "Feature", "properties": { }, "geometry": { "type": "MultiPolygon", "coordinates": [ [ [ [ 6.965085, 50.160989 ], [ 6.965085, 50.160479 ], [ 6.96417, 50.160479 ], [ 6.96417, 50.160989 ], [ 6.965085, 50.160989 ] ] ] ] } },
{ "type": "Feature", "properties": { }, "geometry": { "type": "MultiPolygon", "coordinates": [ [ [ [ 6.932455, 50.158819 ], [ 6.932455, 50.158219 ], [ 6.93196, 50.158219 ], [ 6.93196, 50.158819 ], [ 6.932455, 50.158819 ] ] ] ] } },
{ "type": "Feature", "properties": { }, "geometry": { "type": "MultiPolygon", "coordinates": [ [ [ [ 6.92599, 50.156789 ], [ 6.926015, 50.157564 ], [ 6.926905, 50.157539 ], [ 6.926895, 50.157294 ], [ 6.926435, 50.157304 ], [ 6.92642, 50.156779 ], [ 6.92599, 50.156789 ] ] ] ] } },
{ "type": "Feature", "properties": { }, "geometry": { "type": "MultiPolygon", "coordinates": [ [ [ [ 6.89922, 50.155914 ], [ 6.899945, 50.156619 ], [ 6.901205, 50.155624 ], [ 6.90047, 50.154914 ], [ 6.900235, 50.155094 ], [ 6.900445, 50.155299 ], [ 6.90026, 50.155449 ], [ 6.900035, 50.155234 ], [ 6.89954, 50.155624 ], [ 6.89956, 50.155644 ], [ 6.89922, 50.155914 ] ] ] ] } },
{ "type": "Feature", "properties": { }, "geometry": { "type": "MultiPolygon", "coordinates": [ [ [ [ 6.90117, 50.161649 ], [ 6.90084, 50.161259 ], [ 6.90045, 50.161514 ], [ 6.900775, 50.161904 ], [ 6.90117, 50.161649 ] ] ] ] } },
{ "type": "Feature", "properties": { }, "geometry": { "type": "MultiPolygon", "coordinates": [ [ [ [ 6.92456, 49.502814 ], [ 6.922245, 49.502799 ], [ 6.92224, 49.503639 ], [ 6.922555, 49.503639 ], [ 6.92255, 49.504389 ], [ 6.922265, 49.504384 ], [ 6.922265, 49.504814 ], [ 6.922585, 49.504819 ], [ 6.92258, 49.505539 ], [ 6.92231, 49.505534 ], [ 6.922305, 49.506344 ], [ 6.92421, 49.506354 ], [ 6.924215, 49.505544 ], [ 6.92411, 49.505544 ], [ 6.92411, 49.505169 ], [ 6.92454, 49.505169 ], [ 6.92456, 49.502814 ] ] ] ] } },
{ "type": "Feature", "properties": { }, "geometry": { "type": "MultiPolygon", "coordinates": [ [ [ [ 6.855625, 49.516779 ], [ 6.855625, 49.515454 ], [ 6.856395, 49.515454 ], [ 6.856395, 49.515269 ], [ 6.85666, 49.515274 ], [ 6.85666, 49.515014 ], [ 6.85644, 49.515014 ], [ 6.85644, 49.514829 ], [ 6.854945, 49.514829 ], [ 6.85494, 49.516779 ], [ 6.855625, 49.516779 ] ] ] ] } },
{ "type": "Feature", "properties": { }, "geometry": { "type": "MultiPolygon", "coordinates": [ [ [ [ 6.838475, 49.512469 ], [ 6.838475, 49.513049 ], [ 6.839225, 49.513054 ], [ 6.83922, 49.513724 ], [ 6.83942, 49.513724 ], [ 6.83942, 49.513959 ], [ 6.839875, 49.513959 ], [ 6.839885, 49.512474 ], [ 6.838475, 49.512469 ] ] ] ] } },
{ "type": "Feature", "properties": { }, "geometry": { "type": "MultiPolygon", "coordinates": [ [ [ [ 6.840695, 49.556344 ], [ 6.840695, 49.555789 ], [ 6.83997, 49.555789 ], [ 6.83997, 49.556344 ], [ 6.840695, 49.556344 ] ] ] ] } },
{ "type": "Feature", "properties": { }, "geometry": { "type": "MultiPolygon", "coordinates": [ [ [ [ 6.83686, 49.559784 ], [ 6.83686, 49.559054 ], [ 6.836425, 49.559054 ], [ 6.836425, 49.558934 ], [ 6.83604, 49.558934 ], [ 6.83604, 49.559454 ], [ 6.836405, 49.559454 ], [ 6.836405, 49.559784 ], [ 6.83686, 49.559784 ] ] ] ] } },
{ "type": "Feature", "properties": { }, "geometry": { "type": "MultiPolygon", "coordinates": [ [ [ [ 6.835265, 49.575099 ], [ 6.83477, 49.575099 ], [ 6.83477, 49.575794 ], [ 6.835265, 49.575794 ], [ 6.835265, 49.575099 ] ] ] ] } },
{ "type": "Feature", "properties": { }, "geometry": { "type": "MultiPolygon", "coordinates": [ [ [ [ 6.87618, 49.535524 ], [ 6.87645, 49.535524 ], [ 6.87645, 49.535654 ], [ 6.876985, 49.535654 ], [ 6.876985, 49.535134 ], [ 6.87618, 49.535134 ], [ 6.87618, 49.535524 ] ] ] ] } },
{ "type": "Feature", "properties": { }, "geometry": { "type": "MultiPolygon", "coordinates": [ [ [ [ 6.86183, 49.537494 ], [ 6.861015, 49.537494 ], [ 6.861015, 49.537919 ], [ 6.86183, 49.537919 ], [ 6.86183, 49.537494 ] ] ] ] } },
{ "type": "Feature", "properties": { }, "geometry": { "type": "MultiPolygon", "coordinates": [ [ [ [ 6.910435, 49.528909 ], [ 6.910435, 49.529549 ], [ 6.91082, 49.529549 ], [ 6.91082, 49.528909 ], [ 6.910435, 49.528909 ] ] ] ] } },
{ "type": "Feature", "properties": { }, "geometry": { "type": "MultiPolygon", "coordinates": [ [ [ [ 6.646495, 49.648959 ], [ 6.647725, 49.649284 ], [ 6.647945, 49.648634 ], [ 6.646715, 49.648309 ], [ 6.646495, 49.648959 ] ] ] ] } },
{ "type": "Feature", "properties": { }, "geometry": { "type": "MultiPolygon", "coordinates": [ [ [ [ 6.64605, 49.633524 ], [ 6.64605, 49.632569 ], [ 6.64539, 49.632569 ], [ 6.64539, 49.633524 ], [ 6.64605, 49.633524 ] ] ] ] } },
{ "type": "Feature", "properties": { }, "geometry": { "type": "MultiPolygon", "coordinates": [ [ [ [ 6.879495, 49.556544 ], [ 6.87949, 49.556039 ], [ 6.8787, 49.556039 ], [ 6.878705, 49.556794 ], [ 6.87924, 49.556794 ], [ 6.87924, 49.556544 ], [ 6.879495, 49.556544 ] ] ] ] } },
{ "type": "Feature", "properties": { }, "geometry": { "type": "MultiPolygon", "coordinates": [ [ [ [ 6.772405, 49.506464 ], [ 6.771695, 49.506464 ], [ 6.771695, 49.506949 ], [ 6.772405, 49.506949 ], [ 6.772405, 49.506464 ] ] ] ] } },
{ "type": "Feature", "properties": { }, "geometry": { "type": "MultiPolygon", "coordinates": [ [ [ [ 6.68366, 49.599624 ], [ 6.683925, 49.599924 ], [ 6.684055, 49.599834 ], [ 6.684335, 49.600144 ], [ 6.684605, 49.599959 ], [ 6.684055, 49.599349 ], [ 6.68366, 49.599624 ] ] ] ] } },
{ "type": "Feature", "properties": { }, "geometry": { "type": "MultiPolygon", "coordinates": [ [ [ [ 6.691795, 49.595144 ], [ 6.69151, 49.595499 ], [ 6.692245, 49.595954 ], [ 6.69253, 49.595604 ], [ 6.691795, 49.595144 ] ] ] ] } },
{ "type": "Feature", "properties": { }, "geometry": { "type": "MultiPolygon", "coordinates": [ [ [ [ 6.957185, 49.508459 ], [ 6.957185, 49.509424 ], [ 6.957575, 49.509424 ], [ 6.957575, 49.508459 ], [ 6.957185, 49.508459 ] ] ] ] } },
{ "type": "Feature", "properties": { }, "geometry": { "type": "MultiPolygon", "coordinates": [ [ [ [ 6.99551, 49.491149 ], [ 6.99574, 49.491099 ], [ 6.99562, 49.490654 ], [ 6.994635, 49.490854 ], [ 6.994755, 49.491304 ], [ 6.99503, 49.491249 ], [ 6.995095, 49.491504 ], [ 6.99558, 49.491404 ], [ 6.99551, 49.491149 ] ] ] ] } },
{ "type": "Feature", "properties": { }, "geometry": { "type": "MultiPolygon", "coordinates": [ [ [ [ 6.980465, 49.503094 ], [ 6.980465, 49.502714 ], [ 6.979675, 49.502714 ], [ 6.979675, 49.503319 ], [ 6.980185, 49.503319 ], [ 6.980185, 49.503094 ], [ 6.980465, 49.503094 ] ] ] ] } },
{ "type": "Feature", "properties": { }, "geometry": { "type": "MultiPolygon", "coordinates": [ [ [ [ 6.73652, 49.629214 ], [ 6.734145, 49.629929 ], [ 6.73442, 49.630639 ], [ 6.736795, 49.629924 ], [ 6.73652, 49.629214 ] ] ] ] } },
{ "type": "Feature", "properties": { }, "geometry": { "type": "MultiPolygon", "coordinates": [ [ [ [ 6.744175, 49.615284 ], [ 6.744285, 49.615214 ], [ 6.7444, 49.615349 ], [ 6.744795, 49.615089 ], [ 6.744155, 49.614344 ], [ 6.743655, 49.614674 ], [ 6.744175, 49.615284 ] ] ] ] } },
{ "type": "Feature", "properties": { }, "geometry": { "type": "MultiPolygon", "coordinates": [ [ [ [ 6.92111, 49.911774 ], [ 6.920855, 49.911769 ], [ 6.92086, 49.911539 ], [ 6.920315, 49.911529 ], [ 6.92031, 49.911724 ], [ 6.920025, 49.911719 ], [ 6.92, 49.912839 ], [ 6.921085, 49.912854 ], [ 6.92111, 49.911774 ] ] ] ] } },
{ "type": "Feature", "properties": { }, "geometry": { "type": "MultiPolygon", "coordinates": [ [ [ [ 6.913235, 49.904559 ], [ 6.9125, 49.904559 ], [ 6.9125, 49.905069 ], [ 6.912805, 49.905069 ], [ 6.912805, 49.905399 ], [ 6.91349, 49.905399 ], [ 6.91349, 49.904959 ], [ 6.913235, 49.904959 ], [ 6.913235, 49.904559 ] ] ] ] } },
{ "type": "Feature", "properties": { }, "geometry": { "type": "MultiPolygon", "coordinates": [ [ [ [ 6.92108, 49.901944 ], [ 6.92108, 49.901169 ], [ 6.920465, 49.901169 ], [ 6.920465, 49.901944 ], [ 6.92108, 49.901944 ] ] ] ] } },
{ "type": "Feature", "properties": { }, "geometry": { "type": "MultiPolygon", "coordinates": [ [ [ [ 6.95493, 49.829624 ], [ 6.95493, 49.829234 ], [ 6.95441, 49.829234 ], [ 6.95441, 49.829624 ], [ 6.95493, 49.829624 ] ] ] ] } },
{ "type": "Feature", "properties": { }, "geometry": { "type": "MultiPolygon", "coordinates": [ [ [ [ 6.92723, 49.831539 ], [ 6.92722, 49.830009 ], [ 6.92607, 49.830019 ], [ 6.926075, 49.831224 ], [ 6.926245, 49.831224 ], [ 6.92625, 49.831544 ], [ 6.92723, 49.831539 ] ] ] ] } },
{ "type": "Feature", "properties": { }, "geometry": { "type": "MultiPolygon", "coordinates": [ [ [ [ 6.911385, 49.862274 ], [ 6.91113, 49.862289 ], [ 6.91116, 49.862724 ], [ 6.912005, 49.862679 ], [ 6.91194, 49.861784 ], [ 6.911355, 49.861819 ], [ 6.911385, 49.862274 ] ] ] ] } },
{ "type": "Feature", "properties": { }, "geometry": { "type": "MultiPolygon", "coordinates": [ [ [ [ 7.043, 49.737669 ], [ 7.043, 49.738484 ], [ 7.043405, 49.738484 ], [ 7.043405, 49.738319 ], [ 7.04362, 49.738319 ], [ 7.04362, 49.737669 ], [ 7.043, 49.737669 ] ] ] ] } },
{ "type": "Feature", "properties": { }, "geometry": { "type": "MultiPolygon", "coordinates": [ [ [ [ 7.02504, 49.633479 ], [ 7.025295, 49.633299 ], [ 7.02498, 49.632954 ], [ 7.024415, 49.633349 ], [ 7.02499, 49.633979 ], [ 7.0253, 49.633759 ], [ 7.02504, 49.633479 ] ] ] ] } },
{ "type": "Feature", "properties": { }, "geometry": { "type": "MultiPolygon", "coordinates": [ [ [ [ 7.011755, 49.652224 ], [ 7.011845, 49.651359 ], [ 7.01136, 49.651319 ], [ 7.01132, 49.651734 ], [ 7.01086, 49.651699 ], [ 7.010815, 49.652149 ], [ 7.011755, 49.652224 ] ] ] ] } },
{ "type": "Feature", "properties": { }, "geometry": { "type": "MultiPolygon", "coordinates": [ [ [ [ 7.031205, 49.664914 ], [ 7.03104, 49.664034 ], [ 7.030205, 49.664149 ], [ 7.03037, 49.665034 ], [ 7.031205, 49.664914 ] ] ] ] } },
{ "type": "Feature", "properties": { }, "geometry": { "type": "MultiPolygon", "coordinates": [ [ [ [ 7.035265, 49.659159 ], [ 7.03605, 49.659269 ], [ 7.0361, 49.658989 ], [ 7.03583, 49.658954 ], [ 7.03592, 49.658439 ], [ 7.035405, 49.658364 ], [ 7.035265, 49.659159 ] ] ] ] } },
{ "type": "Feature", "properties": { }, "geometry": { "type": "MultiPolygon", "coordinates": [ [ [ [ 7.021235, 49.659924 ], [ 7.021235, 49.660704 ], [ 7.021945, 49.660704 ], [ 7.021945, 49.660184 ], [ 7.022215, 49.660184 ], [ 7.022215, 49.659679 ], [ 7.02173, 49.659679 ], [ 7.02173, 49.659924 ], [ 7.021235, 49.659924 ] ] ] ] } },
{ "type": "Feature", "properties": { }, "geometry": { "type": "MultiPolygon", "coordinates": [ [ [ [ 7.076635, 50.040084 ], [ 7.076635, 50.039779 ], [ 7.075995, 50.039779 ], [ 7.075995, 50.040084 ], [ 7.076635, 50.040084 ] ] ] ] } },
{ "type": "Feature", "properties": { }, "geometry": { "type": "MultiPolygon", "coordinates": [ [ [ [ 6.649855, 49.693854 ], [ 6.65257, 49.694134 ], [ 6.65269, 49.693214 ], [ 6.649975, 49.692939 ], [ 6.649855, 49.693854 ] ] ] ] } },
{ "type": "Feature", "properties": { }, "geometry": { "type": "MultiPolygon", "coordinates": [ [ [ [ 6.736805, 49.801894 ], [ 6.736355, 49.801889 ], [ 6.736355, 49.802589 ], [ 6.7368, 49.802594 ], [ 6.736805, 49.801894 ] ] ] ] } },
{ "type": "Feature", "properties": { }, "geometry": { "type": "MultiPolygon", "coordinates": [ [ [ [ 6.73287, 49.814294 ], [ 6.73287, 49.813879 ], [ 6.73247, 49.813879 ], [ 6.73247, 49.814294 ], [ 6.73287, 49.814294 ] ] ] ] } },
{ "type": "Feature", "properties": { }, "geometry": { "type": "MultiPolygon", "coordinates": [ [ [ [ 7.14955, 50.154129 ], [ 7.149405, 50.154129 ], [ 7.149405, 50.153524 ], [ 7.148935, 50.153524 ], [ 7.148935, 50.154604 ], [ 7.14955, 50.154604 ], [ 7.14955, 50.154129 ] ] ] ] } },
{ "type": "Feature", "properties": { }, "geometry": { "type": "MultiPolygon", "coordinates": [ [ [ [ 7.14487, 50.155929 ], [ 7.14432, 50.155924 ], [ 7.14431, 50.156649 ], [ 7.14486, 50.156654 ], [ 7.14487, 50.155929 ] ] ] ] } },
{ "type": "Feature", "properties": { }, "geometry": { "type": "MultiPolygon", "coordinates": [ [ [ [ 7.141735, 50.125339 ], [ 7.141735, 50.125779 ], [ 7.14294, 50.125779 ], [ 7.14294, 50.125339 ], [ 7.141735, 50.125339 ] ] ] ] } },
{ "type": "Feature", "properties": { }, "geometry": { "type": "MultiPolygon", "coordinates": [ [ [ [ 7.150155, 50.122889 ], [ 7.15016, 50.122339 ], [ 7.148655, 50.122324 ], [ 7.14865, 50.123104 ], [ 7.14887, 50.123104 ], [ 7.148865, 50.123374 ], [ 7.149935, 50.123384 ], [ 7.14994, 50.122889 ], [ 7.150155, 50.122889 ] ] ] ] } },
{ "type": "Feature", "properties": { }, "geometry": { "type": "MultiPolygon", "coordinates": [ [ [ [ 6.952405, 49.606519 ], [ 6.952955, 49.606519 ], [ 6.95302, 49.606684 ], [ 6.953545, 49.606699 ], [ 6.95372, 49.605954 ], [ 6.9556, 49.606004 ], [ 6.955585, 49.606414 ], [ 6.95997, 49.606554 ], [ 6.960065, 49.604589 ], [ 6.955635, 49.604469 ], [ 6.95561, 49.604919 ], [ 6.953745, 49.604904 ], [ 6.953625, 49.604919 ], [ 6.953705, 49.604319 ], [ 6.952565, 49.604329 ], [ 6.952475, 49.605179 ], [ 6.952475, 49.605579 ], [ 6.952405, 49.606519 ] ] ] ] } },
{ "type": "Feature", "properties": { }, "geometry": { "type": "MultiPolygon", "coordinates": [ [ [ [ 7.378705, 50.152099 ], [ 7.3787, 50.152909 ], [ 7.37919, 50.152909 ], [ 7.379195, 50.152634 ], [ 7.379675, 50.152639 ], [ 7.379675, 50.152104 ], [ 7.378705, 50.152099 ] ] ] ] } },
{ "type": "Feature", "properties": { }, "geometry": { "type": "MultiPolygon", "coordinates": [ [ [ [ 7.356045, 50.140194 ], [ 7.35399, 50.139449 ], [ 7.35356, 50.140364 ], [ 7.35383, 50.140464 ], [ 7.35377, 50.140589 ], [ 7.355555, 50.141234 ], [ 7.356045, 50.140194 ] ] ] ] } },
{ "type": "Feature", "properties": { }, "geometry": { "type": "MultiPolygon", "coordinates": [ [ [ [ 7.37134, 50.173799 ], [ 7.371145, 50.173299 ], [ 7.37094, 50.173364 ], [ 7.370835, 50.173099 ], [ 7.37027, 50.173269 ], [ 7.370565, 50.174029 ], [ 7.37134, 50.173799 ] ] ] ] } },
{ "type": "Feature", "properties": { }, "geometry": { "type": "MultiPolygon", "coordinates": [ [ [ [ 7.37406, 49.944759 ], [ 7.37432, 49.945224 ], [ 7.3751, 49.944899 ], [ 7.37485, 49.944434 ], [ 7.37406, 49.944759 ] ] ] ] } },
{ "type": "Feature", "properties": { }, "geometry": { "type": "MultiPolygon", "coordinates": [ [ [ [ 7.372295, 50.008264 ], [ 7.372295, 50.007804 ], [ 7.371185, 50.007804 ], [ 7.371185, 50.008264 ], [ 7.372295, 50.008264 ] ] ] ] } },
{ "type": "Feature", "properties": { }, "geometry": { "type": "MultiPolygon", "coordinates": [ [ [ [ 7.371145, 49.997734 ], [ 7.371145, 49.998239 ], [ 7.37211, 49.998239 ], [ 7.37211, 49.997734 ], [ 7.371145, 49.997734 ] ] ] ] } },
{ "type": "Feature", "properties": { }, "geometry": { "type": "MultiPolygon", "coordinates": [ [ [ [ 7.35462, 49.942044 ], [ 7.354975, 49.942269 ], [ 7.35531, 49.941859 ], [ 7.35496, 49.941634 ], [ 7.35462, 49.942044 ] ] ] ] } },
{ "type": "Feature", "properties": { }, "geometry": { "type": "MultiPolygon", "coordinates": [ [ [ [ 7.32791, 49.928644 ], [ 7.327185, 49.928879 ], [ 7.32735, 49.929289 ], [ 7.32808, 49.929054 ], [ 7.32791, 49.928644 ] ] ] ] } },
{ "type": "Feature", "properties": { }, "geometry": { "type": "MultiPolygon", "coordinates": [ [ [ [ 7.343315, 49.963059 ], [ 7.343035, 49.963059 ], [ 7.343035, 49.962809 ], [ 7.342525, 49.962809 ], [ 7.342525, 49.963304 ], [ 7.343315, 49.963304 ], [ 7.343315, 49.963059 ] ] ] ] } },
{ "type": "Feature", "properties": { }, "geometry": { "type": "MultiPolygon", "coordinates": [ [ [ [ 7.36827, 49.991894 ], [ 7.368055, 49.991524 ], [ 7.367335, 49.991849 ], [ 7.36755, 49.992214 ], [ 7.36827, 49.991894 ] ] ] ] } },
{ "type": "Feature", "properties": { }, "geometry": { "type": "MultiPolygon", "coordinates": [ [ [ [ 7.2476, 49.955674 ], [ 7.2476, 49.955074 ], [ 7.246905, 49.955074 ], [ 7.246905, 49.955674 ], [ 7.2476, 49.955674 ] ] ] ] } },
{ "type": "Feature", "properties": { }, "geometry": { "type": "MultiPolygon", "coordinates": [ [ [ [ 7.255675, 49.963134 ], [ 7.25569, 49.962084 ], [ 7.255115, 49.962079 ], [ 7.255105, 49.962594 ], [ 7.25481, 49.962594 ], [ 7.2548, 49.963124 ], [ 7.255675, 49.963134 ] ] ] ] } },
{ "type": "Feature", "properties": { }, "geometry": { "type": "MultiPolygon", "coordinates": [ [ [ [ 7.1614, 49.927589 ], [ 7.16258, 49.927584 ], [ 7.16257, 49.927234 ], [ 7.16244, 49.927239 ], [ 7.162445, 49.926774 ], [ 7.1617, 49.926754 ], [ 7.161695, 49.927099 ], [ 7.16141, 49.927109 ], [ 7.1614, 49.927589 ] ] ] ] } },
{ "type": "Feature", "properties": { }, "geometry": { "type": "MultiPolygon", "coordinates": [ [ [ [ 7.168425, 49.938499 ], [ 7.16932, 49.938479 ], [ 7.169325, 49.938214 ], [ 7.169655, 49.938194 ], [ 7.16966, 49.937889 ], [ 7.16843, 49.937879 ], [ 7.168425, 49.938499 ] ] ] ] } },
{ "type": "Feature", "properties": { }, "geometry": { "type": "MultiPolygon", "coordinates": [ [ [ [ 7.084015, 49.913739 ], [ 7.084015, 49.914774 ], [ 7.084655, 49.914774 ], [ 7.084655, 49.913739 ], [ 7.084015, 49.913739 ] ] ] ] } },
{ "type": "Feature", "properties": { }, "geometry": { "type": "MultiPolygon", "coordinates": [ [ [ [ 7.059055, 49.901414 ], [ 7.059645, 49.901414 ], [ 7.059645, 49.901029 ], [ 7.059055, 49.901029 ], [ 7.059055, 49.901414 ] ] ] ] } },
{ "type": "Feature", "properties": { }, "geometry": { "type": "MultiPolygon", "coordinates": [ [ [ [ 7.096335, 49.906504 ], [ 7.096335, 49.906954 ], [ 7.09702, 49.906954 ], [ 7.09702, 49.906504 ], [ 7.096335, 49.906504 ] ] ] ] } },
{ "type": "Feature", "properties": { }, "geometry": { "type": "MultiPolygon", "coordinates": [ [ [ [ 7.09918, 49.911569 ], [ 7.098595, 49.911569 ], [ 7.098595, 49.912289 ], [ 7.09918, 49.912289 ], [ 7.09918, 49.911569 ] ] ] ] } },
{ "type": "Feature", "properties": { }, "geometry": { "type": "MultiPolygon", "coordinates": [ [ [ [ 7.07374, 49.895999 ], [ 7.073735, 49.894019 ], [ 7.072695, 49.894024 ], [ 7.0727, 49.895054 ], [ 7.072015, 49.895054 ], [ 7.072015, 49.896004 ], [ 7.07374, 49.895999 ] ] ] ] } },
{ "type": "Feature", "properties": { }, "geometry": { "type": "MultiPolygon", "coordinates": [ [ [ [ 7.078285, 49.893159 ], [ 7.07878, 49.893159 ], [ 7.07878, 49.892484 ], [ 7.078285, 49.892484 ], [ 7.078285, 49.893159 ] ] ] ] } },
{ "type": "Feature", "properties": { }, "geometry": { "type": "MultiPolygon", "coordinates": [ [ [ [ 7.09316, 49.925424 ], [ 7.0941, 49.925424 ], [ 7.0941, 49.925024 ], [ 7.09316, 49.925024 ], [ 7.09316, 49.925424 ] ] ] ] } },
{ "type": "Feature", "properties": { }, "geometry": { "type": "MultiPolygon", "coordinates": [ [ [ [ 7.092865, 49.927459 ], [ 7.09383, 49.927429 ], [ 7.093815, 49.926904 ], [ 7.092825, 49.926929 ], [ 7.092865, 49.927459 ] ] ] ] } },
{ "type": "Feature", "properties": { }, "geometry": { "type": "MultiPolygon", "coordinates": [ [ [ [ 7.08837, 49.932499 ], [ 7.089535, 49.932499 ], [ 7.08953, 49.931709 ], [ 7.088965, 49.931709 ], [ 7.088965, 49.931134 ], [ 7.088365, 49.931134 ], [ 7.08837, 49.932499 ] ] ] ] } },
{ "type": "Feature", "properties": { }, "geometry": { "type": "MultiPolygon", "coordinates": [ [ [ [ 7.09092, 49.927914 ], [ 7.090935, 49.927409 ], [ 7.090425, 49.927399 ], [ 7.090415, 49.927659 ], [ 7.09023, 49.927654 ], [ 7.090225, 49.927899 ], [ 7.09092, 49.927914 ] ] ] ] } },
{ "type": "Feature", "properties": { }, "geometry": { "type": "MultiPolygon", "coordinates": [ [ [ [ 7.12465, 49.935764 ], [ 7.125225, 49.935764 ], [ 7.125225, 49.935459 ], [ 7.12465, 49.935459 ], [ 7.12465, 49.935764 ] ] ] ] } },
{ "type": "Feature", "properties": { }, "geometry": { "type": "MultiPolygon", "coordinates": [ [ [ [ 7.126955, 49.936519 ], [ 7.125695, 49.936519 ], [ 7.125695, 49.936989 ], [ 7.126955, 49.936989 ], [ 7.126955, 49.936519 ] ] ] ] } },
{ "type": "Feature", "properties": { }, "geometry": { "type": "MultiPolygon", "coordinates": [ [ [ [ 7.12478, 49.942929 ], [ 7.12478, 49.943479 ], [ 7.12509, 49.943479 ], [ 7.12509, 49.943329 ], [ 7.12536, 49.943329 ], [ 7.12536, 49.942929 ], [ 7.12478, 49.942929 ] ] ] ] } },
{ "type": "Feature", "properties": { }, "geometry": { "type": "MultiPolygon", "coordinates": [ [ [ [ 7.09069, 49.975544 ], [ 7.09069, 49.975779 ], [ 7.09127, 49.975779 ], [ 7.09127, 49.975544 ], [ 7.09069, 49.975544 ] ] ] ] } },
{ "type": "Feature", "properties": { }, "geometry": { "type": "MultiPolygon", "coordinates": [ [ [ [ 7.028335, 50.184134 ], [ 7.028335, 50.184644 ], [ 7.029015, 50.184644 ], [ 7.029015, 50.184134 ], [ 7.028335, 50.184134 ] ] ] ] } },
{ "type": "Feature", "properties": { }, "geometry": { "type": "MultiPolygon", "coordinates": [ [ [ [ 7.01256, 50.154889 ], [ 7.01256, 50.154274 ], [ 7.0119, 50.154274 ], [ 7.0119, 50.154569 ], [ 7.012035, 50.154569 ], [ 7.012035, 50.154889 ], [ 7.01256, 50.154889 ] ] ] ] } },
{ "type": "Feature", "properties": { }, "geometry": { "type": "MultiPolygon", "coordinates": [ [ [ [ 7.021355, 50.132574 ], [ 7.021355, 50.130524 ], [ 7.020605, 50.130524 ], [ 7.020605, 50.132574 ], [ 7.021355, 50.132574 ] ] ] ] } },
{ "type": "Feature", "properties": { }, "geometry": { "type": "MultiPolygon", "coordinates": [ [ [ [ 7.076795, 50.123864 ], [ 7.07747, 50.123864 ], [ 7.07747, 50.123109 ], [ 7.076795, 50.123109 ], [ 7.076795, 50.123864 ] ] ] ] } },
{ "type": "Feature", "properties": { }, "geometry": { "type": "MultiPolygon", "coordinates": [ [ [ [ 7.07515, 50.092929 ], [ 7.0748, 50.092929 ], [ 7.0748, 50.093679 ], [ 7.07515, 50.093679 ], [ 7.07515, 50.092929 ] ] ] ] } },
{ "type": "Feature", "properties": { }, "geometry": { "type": "MultiPolygon", "coordinates": [ [ [ [ 7.000795, 50.134909 ], [ 7.000795, 50.134389 ], [ 7.00037, 50.134389 ], [ 7.00037, 50.134269 ], [ 6.99994, 50.134269 ], [ 6.99994, 50.134909 ], [ 7.000795, 50.134909 ] ] ] ] } },
{ "type": "Feature", "properties": { }, "geometry": { "type": "MultiPolygon", "coordinates": [ [ [ [ 7.01439, 50.030584 ], [ 7.01439, 50.030374 ], [ 7.01473, 50.030374 ], [ 7.01473, 50.030159 ], [ 7.013875, 50.030159 ], [ 7.013875, 50.030584 ], [ 7.01439, 50.030584 ] ] ] ] } },
{ "type": "Feature", "properties": { }, "geometry": { "type": "MultiPolygon", "coordinates": [ [ [ [ 7.023035, 50.029804 ], [ 7.023945, 50.029804 ], [ 7.023945, 50.029204 ], [ 7.023035, 50.029204 ], [ 7.023035, 50.029804 ] ] ] ] } },
{ "type": "Feature", "properties": { }, "geometry": { "type": "MultiPolygon", "coordinates": [ [ [ [ 7.02188, 50.031924 ], [ 7.02188, 50.032134 ], [ 7.022255, 50.032134 ], [ 7.022255, 50.031559 ], [ 7.022055, 50.031559 ], [ 7.022055, 50.031384 ], [ 7.02185, 50.031384 ], [ 7.02185, 50.031584 ], [ 7.02161, 50.031584 ], [ 7.02161, 50.031924 ], [ 7.02188, 50.031924 ] ] ] ] } },
{ "type": "Feature", "properties": { }, "geometry": { "type": "MultiPolygon", "coordinates": [ [ [ [ 7.03077, 50.027084 ], [ 7.03077, 50.027519 ], [ 7.031095, 50.027519 ], [ 7.031095, 50.027084 ], [ 7.03077, 50.027084 ] ] ] ] } },
{ "type": "Feature", "properties": { }, "geometry": { "type": "MultiPolygon", "coordinates": [ [ [ [ 7.0378, 50.017039 ], [ 7.03658, 50.017039 ], [ 7.03658, 50.017569 ], [ 7.0378, 50.017569 ], [ 7.0378, 50.017039 ] ] ] ] } },
{ "type": "Feature", "properties": { }, "geometry": { "type": "MultiPolygon", "coordinates": [ [ [ [ 7.066885, 50.053454 ], [ 7.066885, 50.052569 ], [ 7.066415, 50.052569 ], [ 7.066415, 50.053454 ], [ 7.066885, 50.053454 ] ] ] ] } },
{ "type": "Feature", "properties": { }, "geometry": { "type": "MultiPolygon", "coordinates": [ [ [ [ 7.10223, 50.073599 ], [ 7.101755, 50.074014 ], [ 7.102145, 50.074354 ], [ 7.10262, 50.073939 ], [ 7.10223, 50.073599 ] ] ] ] } },
{ "type": "Feature", "properties": { }, "geometry": { "type": "MultiPolygon", "coordinates": [ [ [ [ 7.090385, 50.069659 ], [ 7.090385, 50.068564 ], [ 7.089685, 50.068564 ], [ 7.089685, 50.069659 ], [ 7.090385, 50.069659 ] ] ] ] } },
{ "type": "Feature", "properties": { }, "geometry": { "type": "MultiPolygon", "coordinates": [ [ [ [ 6.97702, 49.727909 ], [ 6.976415, 49.727909 ], [ 6.976415, 49.728584 ], [ 6.97702, 49.728584 ], [ 6.97702, 49.727909 ] ] ] ] } },
{ "type": "Feature", "properties": { }, "geometry": { "type": "MultiPolygon", "coordinates": [ [ [ [ 6.962675, 49.721004 ], [ 6.96267, 49.720554 ], [ 6.96232, 49.720554 ], [ 6.962325, 49.721004 ], [ 6.962675, 49.721004 ] ] ] ] } },
{ "type": "Feature", "properties": { }, "geometry": { "type": "MultiPolygon", "coordinates": [ [ [ [ 6.95722, 49.724819 ], [ 6.95358, 49.724774 ], [ 6.953575, 49.725214 ], [ 6.9545, 49.725224 ], [ 6.954485, 49.726069 ], [ 6.95499, 49.726074 ], [ 6.955005, 49.725194 ], [ 6.95646, 49.725209 ], [ 6.956445, 49.726159 ], [ 6.9572, 49.726169 ], [ 6.95722, 49.724819 ] ] ] ] } },
{ "type": "Feature", "properties": { }, "geometry": { "type": "MultiPolygon", "coordinates": [ [ [ [ 6.931035, 49.721264 ], [ 6.93153, 49.721264 ], [ 6.93153, 49.720749 ], [ 6.931035, 49.720749 ], [ 6.931035, 49.721264 ] ] ] ] } },
{ "type": "Feature", "properties": { }, "geometry": { "type": "MultiPolygon", "coordinates": [ [ [ [ 7.070375, 49.769449 ], [ 7.070375, 49.769824 ], [ 7.070575, 49.769824 ], [ 7.070575, 49.770059 ], [ 7.071305, 49.770059 ], [ 7.071305, 49.769649 ], [ 7.0711, 49.769649 ], [ 7.0711, 49.769449 ], [ 7.070375, 49.769449 ] ] ] ] } },
{ "type": "Feature", "properties": { }, "geometry": { "type": "MultiPolygon", "coordinates": [ [ [ [ 7.065625, 49.774539 ], [ 7.065625, 49.773914 ], [ 7.065185, 49.773914 ], [ 7.065185, 49.774089 ], [ 7.064915, 49.774089 ], [ 7.064915, 49.774539 ], [ 7.065625, 49.774539 ] ] ] ] } },
{ "type": "Feature", "properties": { }, "geometry": { "type": "MultiPolygon", "coordinates": [ [ [ [ 7.025285, 49.703614 ], [ 7.025285, 49.702774 ], [ 7.02463, 49.702774 ], [ 7.02463, 49.703389 ], [ 7.02487, 49.703389 ], [ 7.02487, 49.703614 ], [ 7.025285, 49.703614 ] ] ] ] } },
{ "type": "Feature", "properties": { }, "geometry": { "type": "MultiPolygon", "coordinates": [ [ [ [ 6.921055, 49.691274 ], [ 6.91985, 49.691274 ], [ 6.91985, 49.692499 ], [ 6.921055, 49.692499 ], [ 6.921055, 49.691274 ] ] ] ] } },
{ "type": "Feature", "properties": { }, "geometry": { "type": "MultiPolygon", "coordinates": [ [ [ [ 7.073765, 49.500949 ], [ 7.07423, 49.500959 ], [ 7.074255, 49.499579 ], [ 7.073765, 49.499584 ], [ 7.073765, 49.500949 ] ] ] ] } },
{ "type": "Feature", "properties": { }, "geometry": { "type": "MultiPolygon", "coordinates": [ [ [ [ 7.024775, 49.621454 ], [ 7.024775, 49.620679 ], [ 7.02401, 49.620679 ], [ 7.02401, 49.620864 ], [ 7.02377, 49.620864 ], [ 7.02377, 49.621229 ], [ 7.023985, 49.621229 ], [ 7.023985, 49.621454 ], [ 7.024775, 49.621454 ] ] ] ] } },
{ "type": "Feature", "properties": { }, "geometry": { "type": "MultiPolygon", "coordinates": [ [ [ [ 7.011675, 49.615019 ], [ 7.011675, 49.614124 ], [ 7.010815, 49.614124 ], [ 7.010815, 49.614499 ], [ 7.010545, 49.614499 ], [ 7.010545, 49.615019 ], [ 7.011675, 49.615019 ] ] ] ] } },
{ "type": "Feature", "properties": { }, "geometry": { "type": "MultiPolygon", "coordinates": [ [ [ [ 7.016275, 49.610869 ], [ 7.016275, 49.611364 ], [ 7.01649, 49.611364 ], [ 7.01649, 49.611824 ], [ 7.01704, 49.611824 ], [ 7.01704, 49.610869 ], [ 7.016275, 49.610869 ] ] ] ] } },
{ "type": "Feature", "properties": { }, "geometry": { "type": "MultiPolygon", "coordinates": [ [ [ [ 6.97254, 49.633994 ], [ 6.972055, 49.633994 ], [ 6.972055, 49.633774 ], [ 6.971775, 49.633774 ], [ 6.971775, 49.634139 ], [ 6.972015, 49.634139 ], [ 6.972015, 49.634609 ], [ 6.97254, 49.634609 ], [ 6.97254, 49.633994 ] ] ] ] } },
{ "type": "Feature", "properties": { }, "geometry": { "type": "MultiPolygon", "coordinates": [ [ [ [ 6.938435, 49.627244 ], [ 6.938435, 49.627974 ], [ 6.93939, 49.627974 ], [ 6.93939, 49.627244 ], [ 6.938435, 49.627244 ] ] ] ] } },
{ "type": "Feature", "properties": { }, "geometry": { "type": "MultiPolygon", "coordinates": [ [ [ [ 6.945945, 49.652934 ], [ 6.945945, 49.652359 ], [ 6.945465, 49.652359 ], [ 6.945465, 49.652569 ], [ 6.94521, 49.652569 ], [ 6.94521, 49.652934 ], [ 6.945945, 49.652934 ] ] ] ] } },
{ "type": "Feature", "properties": { }, "geometry": { "type": "MultiPolygon", "coordinates": [ [ [ [ 6.9496, 49.552774 ], [ 6.950085, 49.552774 ], [ 6.95009, 49.552199 ], [ 6.949605, 49.552194 ], [ 6.9496, 49.552774 ] ] ] ] } },
{ "type": "Feature", "properties": { }, "geometry": { "type": "MultiPolygon", "coordinates": [ [ [ [ 6.980185, 49.567094 ], [ 6.979515, 49.567094 ], [ 6.979515, 49.568129 ], [ 6.980185, 49.568129 ], [ 6.980185, 49.567094 ] ] ] ] } },
{ "type": "Feature", "properties": { }, "geometry": { "type": "MultiPolygon", "coordinates": [ [ [ [ 6.98252, 49.556114 ], [ 6.982525, 49.555629 ], [ 6.98239, 49.555629 ], [ 6.982395, 49.555109 ], [ 6.981355, 49.555104 ], [ 6.98135, 49.555584 ], [ 6.981655, 49.555584 ], [ 6.98165, 49.556109 ], [ 6.98252, 49.556114 ] ] ] ] } },
{ "type": "Feature", "properties": { }, "geometry": { "type": "MultiPolygon", "coordinates": [ [ [ [ 6.942045, 49.537529 ], [ 6.94152, 49.537529 ], [ 6.94152, 49.538014 ], [ 6.941775, 49.538014 ], [ 6.941775, 49.538269 ], [ 6.942055, 49.538269 ], [ 6.942055, 49.538014 ], [ 6.942325, 49.538014 ], [ 6.942325, 49.537764 ], [ 6.942045, 49.537764 ], [ 6.942045, 49.537529 ] ] ] ] } },
{ "type": "Feature", "properties": { }, "geometry": { "type": "MultiPolygon", "coordinates": [ [ [ [ 6.805695, 49.532189 ], [ 6.805695, 49.531599 ], [ 6.8049, 49.531599 ], [ 6.8049, 49.532189 ], [ 6.805695, 49.532189 ] ] ] ] } },
{ "type": "Feature", "properties": { }, "geometry": { "type": "MultiPolygon", "coordinates": [ [ [ [ 7.020565, 49.987329 ], [ 7.02058, 49.986749 ], [ 7.019965, 49.986739 ], [ 7.01997, 49.986489 ], [ 7.01957, 49.986484 ], [ 7.01954, 49.987554 ], [ 7.02029, 49.987569 ], [ 7.0203, 49.987324 ], [ 7.020565, 49.987329 ] ] ] ] } },
{ "type": "Feature", "properties": { }, "geometry": { "type": "MultiPolygon", "coordinates": [ [ [ [ 7.03368, 50.003094 ], [ 7.03368, 50.002409 ], [ 7.033145, 50.002409 ], [ 7.033145, 50.003094 ], [ 7.03368, 50.003094 ] ] ] ] } },
{ "type": "Feature", "properties": { }, "geometry": { "type": "MultiPolygon", "coordinates": [ [ [ [ 6.98155, 50.002634 ], [ 6.982185, 50.002634 ], [ 6.982185, 50.002149 ], [ 6.98155, 50.002149 ], [ 6.98155, 50.002634 ] ] ] ] } },
{ "type": "Feature", "properties": { }, "geometry": { "type": "MultiPolygon", "coordinates": [ [ [ [ 6.810695, 50.176139 ], [ 6.810695, 50.175904 ], [ 6.810215, 50.175904 ], [ 6.810215, 50.176139 ], [ 6.810695, 50.176139 ] ] ] ] } },
{ "type": "Feature", "properties": { }, "geometry": { "type": "MultiPolygon", "coordinates": [ [ [ [ 6.834395, 50.140014 ], [ 6.83096, 50.140009 ], [ 6.83096, 50.141179 ], [ 6.83439, 50.141184 ], [ 6.834395, 50.140014 ] ] ] ] } },
{ "type": "Feature", "properties": { }, "geometry": { "type": "MultiPolygon", "coordinates": [ [ [ [ 6.912075, 50.170774 ], [ 6.91206, 50.169929 ], [ 6.911725, 50.169934 ], [ 6.91173, 50.170144 ], [ 6.911475, 50.170149 ], [ 6.911485, 50.170784 ], [ 6.912075, 50.170774 ] ] ] ] } },
{ "type": "Feature", "properties": { }, "geometry": { "type": "MultiPolygon", "coordinates": [ [ [ [ 6.900565, 50.033739 ], [ 6.900565, 50.034444 ], [ 6.90181, 50.034444 ], [ 6.90181, 50.033739 ], [ 6.900565, 50.033739 ] ] ] ] } },
{ "type": "Feature", "properties": { }, "geometry": { "type": "MultiPolygon", "coordinates": [ [ [ [ 6.936725, 49.985114 ], [ 6.93672, 49.985789 ], [ 6.93686, 49.985784 ], [ 6.936855, 49.985879 ], [ 6.93717, 49.985879 ], [ 6.937175, 49.985749 ], [ 6.937335, 49.985749 ], [ 6.93731, 49.985119 ], [ 6.936725, 49.985114 ] ] ] ] } },
{ "type": "Feature", "properties": { }, "geometry": { "type": "MultiPolygon", "coordinates": [ [ [ [ 6.73873, 50.111309 ], [ 6.73873, 50.111779 ], [ 6.73955, 50.111779 ], [ 6.73955, 50.111309 ], [ 6.73873, 50.111309 ] ] ] ] } },
{ "type": "Feature", "properties": { }, "geometry": { "type": "MultiPolygon", "coordinates": [ [ [ [ 6.730485, 50.121874 ], [ 6.730935, 50.122264 ], [ 6.73182, 50.121489 ], [ 6.73137, 50.121094 ], [ 6.730485, 50.121874 ] ] ] ] } },
{ "type": "Feature", "properties": { }, "geometry": { "type": "MultiPolygon", "coordinates": [ [ [ [ 6.71674, 50.097189 ], [ 6.71674, 50.097839 ], [ 6.71754, 50.097839 ], [ 6.71754, 50.097414 ], [ 6.71722, 50.097414 ], [ 6.71722, 50.097189 ], [ 6.71674, 50.097189 ] ] ] ] } },
{ "type": "Feature", "properties": { }, "geometry": { "type": "MultiPolygon", "coordinates": [ [ [ [ 6.717395, 50.094244 ], [ 6.717395, 50.094529 ], [ 6.717985, 50.094529 ], [ 6.717985, 50.094294 ], [ 6.718265, 50.094294 ], [ 6.718265, 50.093809 ], [ 6.71757, 50.093809 ], [ 6.71757, 50.094244 ], [ 6.717395, 50.094244 ] ] ] ] } },
{ "type": "Feature", "properties": { }, "geometry": { "type": "MultiPolygon", "coordinates": [ [ [ [ 6.715625, 50.124179 ], [ 6.714845, 50.124179 ], [ 6.714845, 50.124649 ], [ 6.715625, 50.124649 ], [ 6.715625, 50.124179 ] ] ] ] } },
{ "type": "Feature", "properties": { }, "geometry": { "type": "MultiPolygon", "coordinates": [ [ [ [ 6.70621, 50.126394 ], [ 6.7066, 50.126394 ], [ 6.7066, 50.126169 ], [ 6.706905, 50.126169 ], [ 6.706905, 50.125814 ], [ 6.70621, 50.125814 ], [ 6.70621, 50.126394 ] ] ] ] } },
{ "type": "Feature", "properties": { }, "geometry": { "type": "MultiPolygon", "coordinates": [ [ [ [ 6.69191, 50.076774 ], [ 6.6917, 50.076199 ], [ 6.69124, 50.076329 ], [ 6.69145, 50.076904 ], [ 6.69191, 50.076774 ] ] ] ] } },
{ "type": "Feature", "properties": { }, "geometry": { "type": "MultiPolygon", "coordinates": [ [ [ [ 6.68755, 50.077249 ], [ 6.687135, 50.077614 ], [ 6.687765, 50.078164 ], [ 6.68818, 50.077799 ], [ 6.68755, 50.077249 ] ] ] ] } },
{ "type": "Feature", "properties": { }, "geometry": { "type": "MultiPolygon", "coordinates": [ [ [ [ 6.67023, 50.042409 ], [ 6.66882, 50.042369 ], [ 6.6688, 50.043194 ], [ 6.66908, 50.043199 ], [ 6.671325, 50.043239 ], [ 6.671385, 50.042434 ], [ 6.67023, 50.042409 ] ] ] ] } },
{ "type": "Feature", "properties": { }, "geometry": { "type": "MultiPolygon", "coordinates": [ [ [ [ 7.04079, 50.045959 ], [ 7.041445, 50.045969 ], [ 7.041445, 50.045304 ], [ 7.04081, 50.045309 ], [ 7.04079, 50.045959 ] ] ] ] } },
{ "type": "Feature", "properties": { }, "geometry": { "type": "MultiPolygon", "coordinates": [ [ [ [ 6.983295, 49.974249 ], [ 6.983295, 49.974814 ], [ 6.983965, 49.974814 ], [ 6.983965, 49.974249 ], [ 6.983295, 49.974249 ] ] ] ] } },
{ "type": "Feature", "properties": { }, "geometry": { "type": "MultiPolygon", "coordinates": [ [ [ [ 6.96429, 50.021829 ], [ 6.963765, 50.021839 ], [ 6.96377, 50.021964 ], [ 6.96325, 50.021974 ], [ 6.96327, 50.022619 ], [ 6.96402, 50.022599 ], [ 6.96401, 50.022309 ], [ 6.964305, 50.022304 ], [ 6.96429, 50.021829 ] ] ] ] } },
{ "type": "Feature", "properties": { }, "geometry": { "type": "MultiPolygon", "coordinates": [ [ [ [ 6.96353, 50.003989 ], [ 6.96413, 50.003989 ], [ 6.96413, 50.003519 ], [ 6.96353, 50.003519 ], [ 6.96353, 50.003989 ] ] ] ] } },
{ "type": "Feature", "properties": { }, "geometry": { "type": "MultiPolygon", "coordinates": [ [ [ [ 6.968395, 49.964589 ], [ 6.968395, 49.965094 ], [ 6.96943, 49.965094 ], [ 6.96943, 49.964589 ], [ 6.968395, 49.964589 ] ] ] ] } },
{ "type": "Feature", "properties": { }, "geometry": { "type": "MultiPolygon", "coordinates": [ [ [ [ 6.96368, 49.959734 ], [ 6.964415, 49.960054 ], [ 6.9647, 49.959574 ], [ 6.964935, 49.959699 ], [ 6.96509, 49.959484 ], [ 6.96416, 49.958964 ], [ 6.96368, 49.959734 ] ] ] ] } },
{ "type": "Feature", "properties": { }, "geometry": { "type": "MultiPolygon", "coordinates": [ [ [ [ 6.975155, 49.931619 ], [ 6.97588, 49.931619 ], [ 6.97588, 49.930879 ], [ 6.975155, 49.930879 ], [ 6.975155, 49.931619 ] ] ] ] } },
{ "type": "Feature", "properties": { }, "geometry": { "type": "MultiPolygon", "coordinates": [ [ [ [ 6.97946, 49.934079 ], [ 6.979475, 49.932894 ], [ 6.978885, 49.932889 ], [ 6.97887, 49.934074 ], [ 6.97946, 49.934079 ] ] ] ] } },
{ "type": "Feature", "properties": { }, "geometry": { "type": "MultiPolygon", "coordinates": [ [ [ [ 7.069595, 49.606479 ], [ 7.06817, 49.606209 ], [ 7.067965, 49.607029 ], [ 7.069325, 49.607309 ], [ 7.069595, 49.606479 ] ] ] ] } },
{ "type": "Feature", "properties": { }, "geometry": { "type": "MultiPolygon", "coordinates": [ [ [ [ 7.102035, 49.981514 ], [ 7.10275, 49.981514 ], [ 7.10275, 49.981149 ], [ 7.102035, 49.981149 ], [ 7.102035, 49.981514 ] ] ] ] } },
{ "type": "Feature", "properties": { }, "geometry": { "type": "MultiPolygon", "coordinates": [ [ [ [ 7.12765, 49.973904 ], [ 7.127225, 49.973904 ], [ 7.127225, 49.974754 ], [ 7.12765, 49.974754 ], [ 7.12765, 49.973904 ] ] ] ] } },
{ "type": "Feature", "properties": { }, "geometry": { "type": "MultiPolygon", "coordinates": [ [ [ [ 7.13609, 49.978219 ], [ 7.13609, 49.978429 ], [ 7.13582, 49.978429 ], [ 7.13582, 49.979079 ], [ 7.136705, 49.979079 ], [ 7.136705, 49.978629 ], [ 7.137, 49.978629 ], [ 7.137, 49.978219 ], [ 7.13609, 49.978219 ] ] ] ] } },
{ "type": "Feature", "properties": { }, "geometry": { "type": "MultiPolygon", "coordinates": [ [ [ [ 7.139965, 49.971384 ], [ 7.139965, 49.971809 ], [ 7.140875, 49.971809 ], [ 7.140875, 49.971384 ], [ 7.139965, 49.971384 ] ] ] ] } },
{ "type": "Feature", "properties": { }, "geometry": { "type": "MultiPolygon", "coordinates": [ [ [ [ 7.09545, 49.968439 ], [ 7.095075, 49.968439 ], [ 7.095075, 49.968879 ], [ 7.09545, 49.968879 ], [ 7.09545, 49.968439 ] ] ] ] } },
{ "type": "Feature", "properties": { }, "geometry": { "type": "MultiPolygon", "coordinates": [ [ [ [ 7.0935, 49.982839 ], [ 7.09446, 49.982834 ], [ 7.094445, 49.982339 ], [ 7.0935, 49.982349 ], [ 7.0935, 49.982839 ] ] ] ] } },
{ "type": "Feature", "properties": { }, "geometry": { "type": "MultiPolygon", "coordinates": [ [ [ [ 7.09355, 49.982244 ], [ 7.094475, 49.982254 ], [ 7.09448, 49.981974 ], [ 7.09442, 49.981979 ], [ 7.09442, 49.981759 ], [ 7.093555, 49.981774 ], [ 7.09355, 49.982244 ] ] ] ] } },
{ "type": "Feature", "properties": { }, "geometry": { "type": "MultiPolygon", "coordinates": [ [ [ [ 7.130925, 49.965044 ], [ 7.130925, 49.964859 ], [ 7.131635, 49.964854 ], [ 7.131635, 49.964469 ], [ 7.130395, 49.964469 ], [ 7.130395, 49.965044 ], [ 7.130925, 49.965044 ] ] ] ] } },
{ "type": "Feature", "properties": { }, "geometry": { "type": "MultiPolygon", "coordinates": [ [ [ [ 7.146175, 49.963634 ], [ 7.146175, 49.964319 ], [ 7.146735, 49.964319 ], [ 7.146735, 49.964059 ], [ 7.14734, 49.964059 ], [ 7.14734, 49.963634 ], [ 7.146175, 49.963634 ] ] ] ] } },
{ "type": "Feature", "properties": { }, "geometry": { "type": "MultiPolygon", "coordinates": [ [ [ [ 7.29186, 49.571919 ], [ 7.29105, 49.571929 ], [ 7.291065, 49.572914 ], [ 7.291875, 49.572904 ], [ 7.29186, 49.571919 ] ] ] ] } },
{ "type": "Feature", "properties": { }, "geometry": { "type": "MultiPolygon", "coordinates": [ [ [ [ 7.249265, 49.574349 ], [ 7.249805, 49.574529 ], [ 7.250245, 49.573509 ], [ 7.249835, 49.573369 ], [ 7.249755, 49.573554 ], [ 7.249175, 49.573364 ], [ 7.248915, 49.573959 ], [ 7.249365, 49.574109 ], [ 7.249265, 49.574349 ] ] ] ] } },
{ "type": "Feature", "properties": { }, "geometry": { "type": "MultiPolygon", "coordinates": [ [ [ [ 7.265585, 49.584059 ], [ 7.26557, 49.584549 ], [ 7.26585, 49.584554 ], [ 7.265835, 49.585039 ], [ 7.26651, 49.585054 ], [ 7.266545, 49.584084 ], [ 7.265585, 49.584059 ] ] ] ] } },
{ "type": "Feature", "properties": { }, "geometry": { "type": "MultiPolygon", "coordinates": [ [ [ [ 7.21733, 49.636484 ], [ 7.21733, 49.637239 ], [ 7.21787, 49.637239 ], [ 7.21787, 49.637024 ], [ 7.218135, 49.637024 ], [ 7.218135, 49.636484 ], [ 7.21733, 49.636484 ] ] ] ] } },
{ "type": "Feature", "properties": { }, "geometry": { "type": "MultiPolygon", "coordinates": [ [ [ [ 7.21615, 49.628419 ], [ 7.21649, 49.629024 ], [ 7.216995, 49.628804 ], [ 7.21688, 49.628594 ], [ 7.21746, 49.628339 ], [ 7.217235, 49.627944 ], [ 7.21615, 49.628419 ] ] ] ] } },
{ "type": "Feature", "properties": { }, "geometry": { "type": "MultiPolygon", "coordinates": [ [ [ [ 7.14833, 49.652264 ], [ 7.14833, 49.652889 ], [ 7.14879, 49.652889 ], [ 7.14879, 49.652264 ], [ 7.14833, 49.652264 ] ] ] ] } },
{ "type": "Feature", "properties": { }, "geometry": { "type": "MultiPolygon", "coordinates": [ [ [ [ 7.15461, 49.645439 ], [ 7.15532, 49.645439 ], [ 7.15532, 49.644874 ], [ 7.15461, 49.644874 ], [ 7.15461, 49.645439 ] ] ] ] } },
{ "type": "Feature", "properties": { }, "geometry": { "type": "MultiPolygon", "coordinates": [ [ [ [ 7.15772, 49.628444 ], [ 7.15866, 49.628444 ], [ 7.15866, 49.627759 ], [ 7.15839, 49.627759 ], [ 7.15839, 49.627499 ], [ 7.15772, 49.627499 ], [ 7.15772, 49.628444 ] ] ] ] } },
{ "type": "Feature", "properties": { }, "geometry": { "type": "MultiPolygon", "coordinates": [ [ [ [ 7.185325, 49.622254 ], [ 7.18531, 49.622959 ], [ 7.18612, 49.622969 ], [ 7.18612, 49.623149 ], [ 7.186615, 49.623154 ], [ 7.18663, 49.622259 ], [ 7.186385, 49.622254 ], [ 7.186385, 49.622024 ], [ 7.185585, 49.622014 ], [ 7.18558, 49.622254 ], [ 7.185325, 49.622254 ] ] ] ] } },
{ "type": "Feature", "properties": { }, "geometry": { "type": "MultiPolygon", "coordinates": [ [ [ [ 7.154445, 49.661104 ], [ 7.153845, 49.661104 ], [ 7.153845, 49.661774 ], [ 7.1541, 49.661774 ], [ 7.1541, 49.661964 ], [ 7.154445, 49.661964 ], [ 7.154445, 49.661104 ] ] ] ] } },
{ "type": "Feature", "properties": { }, "geometry": { "type": "MultiPolygon", "coordinates": [ [ [ [ 7.152985, 49.663544 ], [ 7.152985, 49.664154 ], [ 7.153535, 49.664154 ], [ 7.153535, 49.663544 ], [ 7.152985, 49.663544 ] ] ] ] } },
{ "type": "Feature", "properties": { }, "geometry": { "type": "MultiPolygon", "coordinates": [ [ [ [ 7.145845, 49.664284 ], [ 7.14647, 49.664279 ], [ 7.146475, 49.663794 ], [ 7.14631, 49.663814 ], [ 7.146305, 49.663269 ], [ 7.146055, 49.663279 ], [ 7.146045, 49.663399 ], [ 7.14585, 49.663394 ], [ 7.145845, 49.664284 ] ] ] ] } },
{ "type": "Feature", "properties": { }, "geometry": { "type": "MultiPolygon", "coordinates": [ [ [ [ 7.105245, 49.662844 ], [ 7.10523, 49.663719 ], [ 7.106345, 49.663739 ], [ 7.10635, 49.663564 ], [ 7.10672, 49.663569 ], [ 7.10673, 49.663119 ], [ 7.105765, 49.663099 ], [ 7.10577, 49.662854 ], [ 7.105245, 49.662844 ] ] ] ] } },
{ "type": "Feature", "properties": { }, "geometry": { "type": "MultiPolygon", "coordinates": [ [ [ [ 7.10405, 49.661254 ], [ 7.104045, 49.660569 ], [ 7.1036, 49.660569 ], [ 7.1036, 49.660324 ], [ 7.10266, 49.660329 ], [ 7.10267, 49.661264 ], [ 7.10405, 49.661254 ] ] ] ] } },
{ "type": "Feature", "properties": { }, "geometry": { "type": "MultiPolygon", "coordinates": [ [ [ [ 7.115185, 49.635099 ], [ 7.115875, 49.636119 ], [ 7.11634, 49.635874 ], [ 7.11617, 49.635624 ], [ 7.116345, 49.635529 ], [ 7.11597, 49.634969 ], [ 7.11576, 49.635079 ], [ 7.11562, 49.634869 ], [ 7.115185, 49.635099 ] ] ] ] } },
{ "type": "Feature", "properties": { }, "geometry": { "type": "MultiPolygon", "coordinates": [ [ [ [ 7.10272, 49.647304 ], [ 7.10272, 49.647679 ], [ 7.10315, 49.647679 ], [ 7.10315, 49.647304 ], [ 7.10272, 49.647304 ] ] ] ] } },
{ "type": "Feature", "properties": { }, "geometry": { "type": "MultiPolygon", "coordinates": [ [ [ [ 7.10852, 49.647629 ], [ 7.108735, 49.647629 ], [ 7.108735, 49.647874 ], [ 7.10985, 49.647869 ], [ 7.109845, 49.647194 ], [ 7.109265, 49.647199 ], [ 7.109265, 49.646989 ], [ 7.108515, 49.646994 ], [ 7.10852, 49.647629 ] ] ] ] } },
{ "type": "Feature", "properties": { }, "geometry": { "type": "MultiPolygon", "coordinates": [ [ [ [ 7.11301, 49.646154 ], [ 7.114135, 49.646169 ], [ 7.11416, 49.645209 ], [ 7.11304, 49.645199 ], [ 7.11301, 49.646154 ] ] ] ] } },
{ "type": "Feature", "properties": { }, "geometry": { "type": "MultiPolygon", "coordinates": [ [ [ [ 7.0673, 49.733839 ], [ 7.06788, 49.733839 ], [ 7.06788, 49.733059 ], [ 7.0673, 49.733059 ], [ 7.0673, 49.733839 ] ] ] ] } },
{ "type": "Feature", "properties": { }, "geometry": { "type": "MultiPolygon", "coordinates": [ [ [ [ 7.071625, 49.744324 ], [ 7.072115, 49.744324 ], [ 7.0721, 49.744184 ], [ 7.0727, 49.744169 ], [ 7.07272, 49.743659 ], [ 7.07163, 49.743649 ], [ 7.071625, 49.744324 ] ] ] ] } },
{ "type": "Feature", "properties": { }, "geometry": { "type": "MultiPolygon", "coordinates": [ [ [ [ 7.05621, 49.548454 ], [ 7.05621, 49.549129 ], [ 7.05727, 49.549129 ], [ 7.05727, 49.548679 ], [ 7.057005, 49.548679 ], [ 7.057005, 49.548219 ], [ 7.056465, 49.548219 ], [ 7.056465, 49.548454 ], [ 7.05621, 49.548454 ] ] ] ] } },
{ "type": "Feature", "properties": { }, "geometry": { "type": "MultiPolygon", "coordinates": [ [ [ [ 7.122195, 49.605694 ], [ 7.122195, 49.605859 ], [ 7.1219, 49.605859 ], [ 7.121895, 49.606674 ], [ 7.12244, 49.606674 ], [ 7.12244, 49.606889 ], [ 7.12279, 49.606889 ], [ 7.122795, 49.606429 ], [ 7.123035, 49.606434 ], [ 7.12304, 49.605854 ], [ 7.1228, 49.605854 ], [ 7.1228, 49.605699 ], [ 7.122195, 49.605694 ] ] ] ] } },
{ "type": "Feature", "properties": { }, "geometry": { "type": "MultiPolygon", "coordinates": [ [ [ [ 7.130695, 49.598164 ], [ 7.130695, 49.596514 ], [ 7.1302, 49.596514 ], [ 7.1302, 49.596699 ], [ 7.12937, 49.596699 ], [ 7.12937, 49.597709 ], [ 7.130225, 49.597709 ], [ 7.130225, 49.598164 ], [ 7.130695, 49.598164 ] ] ] ] } },
{ "type": "Feature", "properties": { }, "geometry": { "type": "MultiPolygon", "coordinates": [ [ [ [ 7.08061, 49.578174 ], [ 7.080535, 49.578684 ], [ 7.08109, 49.578744 ], [ 7.081155, 49.578309 ], [ 7.081715, 49.578374 ], [ 7.081785, 49.577874 ], [ 7.081125, 49.577799 ], [ 7.081065, 49.578224 ], [ 7.08061, 49.578174 ] ] ] ] } },
{ "type": "Feature", "properties": { }, "geometry": { "type": "MultiPolygon", "coordinates": [ [ [ [ 7.059015, 49.728914 ], [ 7.059015, 49.729844 ], [ 7.05966, 49.729844 ], [ 7.05966, 49.728914 ], [ 7.059015, 49.728914 ] ] ] ] } },
{ "type": "Feature", "properties": { }, "geometry": { "type": "MultiPolygon", "coordinates": [ [ [ [ 7.125895, 49.716549 ], [ 7.12753, 49.716594 ], [ 7.127545, 49.715739 ], [ 7.125915, 49.715739 ], [ 7.125895, 49.716549 ] ] ] ] } },
{ "type": "Feature", "properties": { }, "geometry": { "type": "MultiPolygon", "coordinates": [ [ [ [ 7.12359, 49.726464 ], [ 7.12426, 49.726464 ], [ 7.12426, 49.726144 ], [ 7.12359, 49.726144 ], [ 7.12359, 49.726464 ] ] ] ] } },
{ "type": "Feature", "properties": { }, "geometry": { "type": "MultiPolygon", "coordinates": [ [ [ [ 7.115435, 49.757494 ], [ 7.11617, 49.757489 ], [ 7.11616, 49.756444 ], [ 7.115425, 49.756449 ], [ 7.115435, 49.757494 ] ] ] ] } },
{ "type": "Feature", "properties": { }, "geometry": { "type": "MultiPolygon", "coordinates": [ [ [ [ 7.10409, 49.786744 ], [ 7.10536, 49.786859 ], [ 7.105415, 49.786409 ], [ 7.105195, 49.786389 ], [ 7.1053, 49.785504 ], [ 7.104665, 49.785444 ], [ 7.10456, 49.786319 ], [ 7.104145, 49.786284 ], [ 7.10409, 49.786744 ] ] ] ] } },
{ "type": "Feature", "properties": { }, "geometry": { "type": "MultiPolygon", "coordinates": [ [ [ [ 7.08727, 49.788339 ], [ 7.08727, 49.788689 ], [ 7.088105, 49.788689 ], [ 7.088105, 49.788114 ], [ 7.0875, 49.788114 ], [ 7.0875, 49.788339 ], [ 7.08727, 49.788339 ] ] ] ] } },
{ "type": "Feature", "properties": { }, "geometry": { "type": "MultiPolygon", "coordinates": [ [ [ [ 7.090865, 49.789279 ], [ 7.090865, 49.789494 ], [ 7.09136, 49.789494 ], [ 7.09136, 49.789279 ], [ 7.090865, 49.789279 ] ] ] ] } },
{ "type": "Feature", "properties": { }, "geometry": { "type": "MultiPolygon", "coordinates": [ [ [ [ 7.08253, 49.779924 ], [ 7.08327, 49.779934 ], [ 7.08329, 49.779084 ], [ 7.082945, 49.779074 ], [ 7.08295, 49.778939 ], [ 7.08253, 49.778929 ], [ 7.08253, 49.779924 ] ] ] ] } },
{ "type": "Feature", "properties": { }, "geometry": { "type": "MultiPolygon", "coordinates": [ [ [ [ 7.090605, 49.832119 ], [ 7.0906, 49.831639 ], [ 7.090145, 49.831639 ], [ 7.09015, 49.832124 ], [ 7.090605, 49.832119 ] ] ] ] } },
{ "type": "Feature", "properties": { }, "geometry": { "type": "MultiPolygon", "coordinates": [ [ [ [ 7.102735, 49.828124 ], [ 7.10169, 49.828124 ], [ 7.10169, 49.828564 ], [ 7.102735, 49.828564 ], [ 7.102735, 49.828124 ] ] ] ] } },
{ "type": "Feature", "properties": { }, "geometry": { "type": "MultiPolygon", "coordinates": [ [ [ [ 6.99585, 49.831694 ], [ 6.99585, 49.831164 ], [ 6.99514, 49.831164 ], [ 6.99514, 49.831694 ], [ 6.99585, 49.831694 ] ] ] ] } },
{ "type": "Feature", "properties": { }, "geometry": { "type": "MultiPolygon", "coordinates": [ [ [ [ 6.9865, 49.840354 ], [ 6.9865, 49.839944 ], [ 6.986085, 49.839944 ], [ 6.986085, 49.840354 ], [ 6.9865, 49.840354 ] ] ] ] } },
{ "type": "Feature", "properties": { }, "geometry": { "type": "MultiPolygon", "coordinates": [ [ [ [ 7.13641, 49.927294 ], [ 7.13641, 49.927744 ], [ 7.13676, 49.927744 ], [ 7.13676, 49.927294 ], [ 7.13641, 49.927294 ] ] ] ] } },
{ "type": "Feature", "properties": { }, "geometry": { "type": "MultiPolygon", "coordinates": [ [ [ [ 7.14184, 49.936259 ], [ 7.14184, 49.937119 ], [ 7.142295, 49.937119 ], [ 7.142295, 49.936259 ], [ 7.14184, 49.936259 ] ] ] ] } },
{ "type": "Feature", "properties": { }, "geometry": { "type": "MultiPolygon", "coordinates": [ [ [ [ 7.096295, 49.903209 ], [ 7.0963, 49.902549 ], [ 7.0948, 49.902539 ], [ 7.094795, 49.903199 ], [ 7.096295, 49.903209 ] ] ] ] } },
{ "type": "Feature", "properties": { }, "geometry": { "type": "MultiPolygon", "coordinates": [ [ [ [ 6.959755, 49.877139 ], [ 6.9604, 49.877134 ], [ 6.96041, 49.876174 ], [ 6.959765, 49.876184 ], [ 6.959755, 49.877139 ] ] ] ] } },
{ "type": "Feature", "properties": { }, "geometry": { "type": "MultiPolygon", "coordinates": [ [ [ [ 6.96086, 50.085084 ], [ 6.960215, 50.085084 ], [ 6.960215, 50.085494 ], [ 6.96086, 50.085494 ], [ 6.96086, 50.085084 ] ] ] ] } },
{ "type": "Feature", "properties": { }, "geometry": { "type": "MultiPolygon", "coordinates": [ [ [ [ 7.136685, 50.183139 ], [ 7.13614, 50.182564 ], [ 7.13571, 50.182879 ], [ 7.13626, 50.183454 ], [ 7.136685, 50.183139 ] ] ] ] } },
{ "type": "Feature", "properties": { }, "geometry": { "type": "MultiPolygon", "coordinates": [ [ [ [ 7.357855, 50.121714 ], [ 7.357035, 50.121714 ], [ 7.357035, 50.122589 ], [ 7.35756, 50.122589 ], [ 7.35756, 50.122119 ], [ 7.357855, 50.122119 ], [ 7.357855, 50.121714 ] ] ] ] } },
{ "type": "Feature", "properties": { }, "geometry": { "type": "MultiPolygon", "coordinates": [ [ [ [ 7.349975, 50.162384 ], [ 7.35084, 50.162579 ], [ 7.350975, 50.162129 ], [ 7.35011, 50.161934 ], [ 7.349975, 50.162384 ] ] ] ] } },
{ "type": "Feature", "properties": { }, "geometry": { "type": "MultiPolygon", "coordinates": [ [ [ [ 7.288855, 50.124579 ], [ 7.288855, 50.125084 ], [ 7.289135, 50.125084 ], [ 7.289135, 50.125299 ], [ 7.2899, 50.125299 ], [ 7.2899, 50.124579 ], [ 7.288855, 50.124579 ] ] ] ] } },
{ "type": "Feature", "properties": { }, "geometry": { "type": "MultiPolygon", "coordinates": [ [ [ [ 7.307425, 50.170289 ], [ 7.307425, 50.170714 ], [ 7.30763, 50.170714 ], [ 7.30763, 50.170879 ], [ 7.30795, 50.170879 ], [ 7.30795, 50.170689 ], [ 7.30819, 50.170689 ], [ 7.30819, 50.170289 ], [ 7.307425, 50.170289 ] ] ] ] } },
{ "type": "Feature", "properties": { }, "geometry": { "type": "MultiPolygon", "coordinates": [ [ [ [ 7.27932, 50.179919 ], [ 7.280335, 50.179919 ], [ 7.280335, 50.179239 ], [ 7.27957, 50.179239 ], [ 7.27957, 50.179649 ], [ 7.27932, 50.179649 ], [ 7.27932, 50.179919 ] ] ] ] } },
{ "type": "Feature", "properties": { }, "geometry": { "type": "MultiPolygon", "coordinates": [ [ [ [ 7.279175, 50.174739 ], [ 7.2802, 50.174744 ], [ 7.280205, 50.174174 ], [ 7.27963, 50.174169 ], [ 7.27963, 50.173909 ], [ 7.279825, 50.173909 ], [ 7.27983, 50.173259 ], [ 7.279185, 50.173254 ], [ 7.279175, 50.174739 ] ] ] ] } },
{ "type": "Feature", "properties": { }, "geometry": { "type": "MultiPolygon", "coordinates": [ [ [ [ 7.24235, 49.494709 ], [ 7.242065, 49.494564 ], [ 7.24178, 49.494999 ], [ 7.24206, 49.495144 ], [ 7.24235, 49.494709 ] ] ] ] } },
{ "type": "Feature", "properties": { }, "geometry": { "type": "MultiPolygon", "coordinates": [ [ [ [ 7.26474, 49.529234 ], [ 7.265035, 49.528264 ], [ 7.26453, 49.528149 ], [ 7.264455, 49.528409 ], [ 7.26437, 49.528389 ], [ 7.264395, 49.528344 ], [ 7.263815, 49.528214 ], [ 7.263645, 49.528979 ], [ 7.26474, 49.529234 ] ] ] ] } },
{ "type": "Feature", "properties": { }, "geometry": { "type": "MultiPolygon", "coordinates": [ [ [ [ 6.68639, 49.880599 ], [ 6.68589, 49.880599 ], [ 6.68589, 49.881059 ], [ 6.68588, 49.881059 ], [ 6.68588, 49.881354 ], [ 6.68639, 49.881354 ], [ 6.68639, 49.880599 ] ] ] ] } },
{ "type": "Feature", "properties": { }, "geometry": { "type": "MultiPolygon", "coordinates": [ [ [ [ 6.678535, 49.872269 ], [ 6.6786, 49.872564 ], [ 6.678925, 49.872509 ], [ 6.67902, 49.872954 ], [ 6.679635, 49.872849 ], [ 6.67947, 49.872109 ], [ 6.678535, 49.872269 ] ] ] ] } },
{ "type": "Feature", "properties": { }, "geometry": { "type": "MultiPolygon", "coordinates": [ [ [ [ 6.666025, 49.851109 ], [ 6.668055, 49.851219 ], [ 6.668175, 49.849484 ], [ 6.66744, 49.849444 ], [ 6.667495, 49.848649 ], [ 6.66716, 49.848629 ], [ 6.66716, 49.848659 ], [ 6.666195, 49.848609 ], [ 6.666025, 49.851109 ] ] ] ] } },
{ "type": "Feature", "properties": { }, "geometry": { "type": "MultiPolygon", "coordinates": [ [ [ [ 6.678675, 49.848554 ], [ 6.678675, 49.847964 ], [ 6.67703, 49.847964 ], [ 6.67703, 49.848554 ], [ 6.678675, 49.848554 ] ] ] ] } },
{ "type": "Feature", "properties": { }, "geometry": { "type": "MultiPolygon", "coordinates": [ [ [ [ 6.76523, 49.865534 ], [ 6.76475, 49.865534 ], [ 6.76475, 49.865769 ], [ 6.764535, 49.865769 ], [ 6.764535, 49.866309 ], [ 6.76523, 49.866309 ], [ 6.76523, 49.865534 ] ] ] ] } },
{ "type": "Feature", "properties": { }, "geometry": { "type": "MultiPolygon", "coordinates": [ [ [ [ 6.743775, 49.852114 ], [ 6.743775, 49.852749 ], [ 6.744205, 49.852749 ], [ 6.744205, 49.852114 ], [ 6.743775, 49.852114 ] ] ] ] } },
{ "type": "Feature", "properties": { }, "geometry": { "type": "MultiPolygon", "coordinates": [ [ [ [ 6.74788, 49.843724 ], [ 6.74788, 49.844419 ], [ 6.748265, 49.844419 ], [ 6.748265, 49.843724 ], [ 6.74788, 49.843724 ] ] ] ] } },
{ "type": "Feature", "properties": { }, "geometry": { "type": "MultiPolygon", "coordinates": [ [ [ [ 6.744765, 49.833899 ], [ 6.745385, 49.833899 ], [ 6.745385, 49.833689 ], [ 6.74561, 49.833689 ], [ 6.74561, 49.833359 ], [ 6.744765, 49.833359 ], [ 6.744765, 49.833899 ] ] ] ] } },
{ "type": "Feature", "properties": { }, "geometry": { "type": "MultiPolygon", "coordinates": [ [ [ [ 6.76059, 49.832049 ], [ 6.76059, 49.831434 ], [ 6.759785, 49.831434 ], [ 6.759785, 49.832049 ], [ 6.76059, 49.832049 ] ] ] ] } },
{ "type": "Feature", "properties": { }, "geometry": { "type": "MultiPolygon", "coordinates": [ [ [ [ 6.751005, 49.823954 ], [ 6.751005, 49.825099 ], [ 6.75143, 49.825099 ], [ 6.75143, 49.823954 ], [ 6.751005, 49.823954 ] ] ] ] } },
{ "type": "Feature", "properties": { }, "geometry": { "type": "MultiPolygon", "coordinates": [ [ [ [ 6.75701, 49.802134 ], [ 6.75701, 49.801274 ], [ 6.756715, 49.801274 ], [ 6.756715, 49.802134 ], [ 6.75701, 49.802134 ] ] ] ] } },
{ "type": "Feature", "properties": { }, "geometry": { "type": "MultiPolygon", "coordinates": [ [ [ [ 6.75699, 49.799329 ], [ 6.756415, 49.799324 ], [ 6.756405, 49.799909 ], [ 6.756985, 49.799919 ], [ 6.75699, 49.799329 ] ] ] ] } },
{ "type": "Feature", "properties": { }, "geometry": { "type": "MultiPolygon", "coordinates": [ [ [ [ 6.73794, 49.790339 ], [ 6.73856, 49.790339 ], [ 6.73856, 49.789564 ], [ 6.73794, 49.789564 ], [ 6.73794, 49.790339 ] ] ] ] } },
{ "type": "Feature", "properties": { }, "geometry": { "type": "MultiPolygon", "coordinates": [ [ [ [ 6.77603, 49.776674 ], [ 6.77603, 49.775929 ], [ 6.775465, 49.775929 ], [ 6.775465, 49.776674 ], [ 6.77603, 49.776674 ] ] ] ] } },
{ "type": "Feature", "properties": { }, "geometry": { "type": "MultiPolygon", "coordinates": [ [ [ [ 6.76856, 49.761014 ], [ 6.76856, 49.760389 ], [ 6.76778, 49.760389 ], [ 6.76778, 49.761014 ], [ 6.76856, 49.761014 ] ] ] ] } },
{ "type": "Feature", "properties": { }, "geometry": { "type": "MultiPolygon", "coordinates": [ [ [ [ 6.85058, 49.834309 ], [ 6.85058, 49.833484 ], [ 6.84995, 49.833484 ], [ 6.84995, 49.834309 ], [ 6.85058, 49.834309 ] ] ] ] } },
{ "type": "Feature", "properties": { }, "geometry": { "type": "MultiPolygon", "coordinates": [ [ [ [ 6.83475, 49.846299 ], [ 6.83555, 49.846419 ], [ 6.8357, 49.845624 ], [ 6.8349, 49.845509 ], [ 6.83475, 49.846299 ] ] ] ] } },
{ "type": "Feature", "properties": { }, "geometry": { "type": "MultiPolygon", "coordinates": [ [ [ [ 6.847185, 49.848274 ], [ 6.847185, 49.848639 ], [ 6.847845, 49.848639 ], [ 6.847845, 49.848274 ], [ 6.847185, 49.848274 ] ] ] ] } },
{ "type": "Feature", "properties": { }, "geometry": { "type": "MultiPolygon", "coordinates": [ [ [ [ 6.84638, 49.860324 ], [ 6.84638, 49.859724 ], [ 6.84562, 49.859724 ], [ 6.84562, 49.859879 ], [ 6.845485, 49.859879 ], [ 6.845485, 49.860324 ], [ 6.84638, 49.860324 ] ] ] ] } },
{ "type": "Feature", "properties": { }, "geometry": { "type": "MultiPolygon", "coordinates": [ [ [ [ 6.784345, 49.872519 ], [ 6.78434, 49.873214 ], [ 6.78492, 49.873219 ], [ 6.784925, 49.872524 ], [ 6.784345, 49.872519 ] ] ] ] } },
{ "type": "Feature", "properties": { }, "geometry": { "type": "MultiPolygon", "coordinates": [ [ [ [ 6.788245, 49.866029 ], [ 6.78744, 49.866029 ], [ 6.78744, 49.866629 ], [ 6.788245, 49.866629 ], [ 6.788245, 49.866029 ] ] ] ] } },
{ "type": "Feature", "properties": { }, "geometry": { "type": "MultiPolygon", "coordinates": [ [ [ [ 7.112325, 49.870054 ], [ 7.112015, 49.870054 ], [ 7.112015, 49.870419 ], [ 7.112325, 49.870419 ], [ 7.112325, 49.870054 ] ] ] ] } },
{ "type": "Feature", "properties": { }, "geometry": { "type": "MultiPolygon", "coordinates": [ [ [ [ 7.114645, 49.873804 ], [ 7.114645, 49.874224 ], [ 7.115395, 49.874224 ], [ 7.115395, 49.873804 ], [ 7.114645, 49.873804 ] ] ] ] } },
{ "type": "Feature", "properties": { }, "geometry": { "type": "MultiPolygon", "coordinates": [ [ [ [ 7.11832, 49.879304 ], [ 7.11832, 49.879964 ], [ 7.11887, 49.879964 ], [ 7.11887, 49.879304 ], [ 7.11832, 49.879304 ] ] ] ] } },
{ "type": "Feature", "properties": { }, "geometry": { "type": "MultiPolygon", "coordinates": [ [ [ [ 7.15514, 49.882399 ], [ 7.15579, 49.882414 ], [ 7.1558, 49.881989 ], [ 7.155135, 49.881979 ], [ 7.15514, 49.882399 ] ] ] ] } },
{ "type": "Feature", "properties": { }, "geometry": { "type": "MultiPolygon", "coordinates": [ [ [ [ 7.145635, 49.884499 ], [ 7.14565, 49.883839 ], [ 7.14506, 49.883829 ], [ 7.145055, 49.884044 ], [ 7.144905, 49.884039 ], [ 7.14489, 49.884489 ], [ 7.145635, 49.884499 ] ] ] ] } },
{ "type": "Feature", "properties": { }, "geometry": { "type": "MultiPolygon", "coordinates": [ [ [ [ 6.930255, 49.791609 ], [ 6.92964, 49.791599 ], [ 6.92963, 49.791939 ], [ 6.930245, 49.791949 ], [ 6.930255, 49.791609 ] ] ] ] } },
{ "type": "Feature", "properties": { }, "geometry": { "type": "MultiPolygon", "coordinates": [ [ [ [ 6.93716, 49.729844 ], [ 6.93717, 49.730519 ], [ 6.93772, 49.730514 ], [ 6.93771, 49.729839 ], [ 6.93716, 49.729844 ] ] ] ] } },
{ "type": "Feature", "properties": { }, "geometry": { "type": "MultiPolygon", "coordinates": [ [ [ [ 6.89419, 49.803219 ], [ 6.894015, 49.803214 ], [ 6.894005, 49.803584 ], [ 6.89463, 49.803599 ], [ 6.894645, 49.802999 ], [ 6.894195, 49.802989 ], [ 6.89419, 49.803219 ] ] ] ] } },
{ "type": "Feature", "properties": { }, "geometry": { "type": "MultiPolygon", "coordinates": [ [ [ [ 6.869565, 49.788374 ], [ 6.870335, 49.788569 ], [ 6.870525, 49.787994 ], [ 6.870115, 49.787889 ], [ 6.870185, 49.787679 ], [ 6.869685, 49.787549 ], [ 6.869485, 49.788159 ], [ 6.869625, 49.788194 ], [ 6.869565, 49.788374 ] ] ] ] } },
{ "type": "Feature", "properties": { }, "geometry": { "type": "MultiPolygon", "coordinates": [ [ [ [ 6.76933, 49.719194 ], [ 6.769885, 49.719469 ], [ 6.77016, 49.719089 ], [ 6.77003, 49.719029 ], [ 6.77018, 49.718819 ], [ 6.76975, 49.718589 ], [ 6.76933, 49.719194 ] ] ] ] } },
{ "type": "Feature", "properties": { }, "geometry": { "type": "MultiPolygon", "coordinates": [ [ [ [ 6.750945, 49.721094 ], [ 6.75175, 49.721124 ], [ 6.75177, 49.720724 ], [ 6.75152, 49.720714 ], [ 6.75153, 49.720549 ], [ 6.750975, 49.720529 ], [ 6.750945, 49.721094 ] ] ] ] } },
{ "type": "Feature", "properties": { }, "geometry": { "type": "MultiPolygon", "coordinates": [ [ [ [ 6.743495, 49.721669 ], [ 6.74421, 49.721679 ], [ 6.744215, 49.721324 ], [ 6.74396, 49.721324 ], [ 6.74396, 49.720964 ], [ 6.7435, 49.720964 ], [ 6.743495, 49.721669 ] ] ] ] } },
{ "type": "Feature", "properties": { }, "geometry": { "type": "MultiPolygon", "coordinates": [ [ [ [ 6.75064, 49.711434 ], [ 6.750825, 49.711039 ], [ 6.750165, 49.710799 ], [ 6.749885, 49.711389 ], [ 6.750415, 49.711584 ], [ 6.75051, 49.711384 ], [ 6.75064, 49.711434 ] ] ] ] } },
{ "type": "Feature", "properties": { }, "geometry": { "type": "MultiPolygon", "coordinates": [ [ [ [ 6.739545, 49.721909 ], [ 6.73904, 49.721894 ], [ 6.73901, 49.722574 ], [ 6.73964, 49.722599 ], [ 6.739655, 49.722234 ], [ 6.73953, 49.722229 ], [ 6.739545, 49.721909 ] ] ] ] } },
{ "type": "Feature", "properties": { }, "geometry": { "type": "MultiPolygon", "coordinates": [ [ [ [ 6.761505, 49.500214 ], [ 6.76168, 49.500214 ], [ 6.761695, 49.499699 ], [ 6.761065, 49.499684 ], [ 6.761045, 49.500364 ], [ 6.7615, 49.500379 ], [ 6.761505, 49.500214 ] ] ] ] } },
{ "type": "Feature", "properties": { }, "geometry": { "type": "MultiPolygon", "coordinates": [ [ [ [ 6.752, 49.740039 ], [ 6.75199, 49.739514 ], [ 6.75139, 49.739524 ], [ 6.7514, 49.740044 ], [ 6.752, 49.740039 ] ] ] ] } },
{ "type": "Feature", "properties": { }, "geometry": { "type": "MultiPolygon", "coordinates": [ [ [ [ 6.75322, 49.740034 ], [ 6.753225, 49.739634 ], [ 6.752825, 49.739634 ], [ 6.752825, 49.739479 ], [ 6.75249, 49.739474 ], [ 6.752485, 49.740029 ], [ 6.75322, 49.740034 ] ] ] ] } },
{ "type": "Feature", "properties": { }, "geometry": { "type": "MultiPolygon", "coordinates": [ [ [ [ 6.78113, 49.737409 ], [ 6.78062, 49.737409 ], [ 6.780615, 49.737939 ], [ 6.781285, 49.737944 ], [ 6.78129, 49.737649 ], [ 6.78113, 49.737649 ], [ 6.78113, 49.737409 ] ] ] ] } },
{ "type": "Feature", "properties": { }, "geometry": { "type": "MultiPolygon", "coordinates": [ [ [ [ 6.750675, 49.748754 ], [ 6.75097, 49.748749 ], [ 6.750965, 49.748619 ], [ 6.75144, 49.748609 ], [ 6.75143, 49.748199 ], [ 6.75066, 49.748219 ], [ 6.750675, 49.748754 ] ] ] ] } },
{ "type": "Feature", "properties": { }, "geometry": { "type": "MultiPolygon", "coordinates": [ [ [ [ 6.76587, 49.752519 ], [ 6.765775, 49.752514 ], [ 6.76578, 49.752279 ], [ 6.76534, 49.752274 ], [ 6.765325, 49.752969 ], [ 6.76586, 49.752974 ], [ 6.76587, 49.752519 ] ] ] ] } },
{ "type": "Feature", "properties": { }, "geometry": { "type": "MultiPolygon", "coordinates": [ [ [ [ 6.741155, 49.760674 ], [ 6.741165, 49.760259 ], [ 6.741095, 49.760259 ], [ 6.7411, 49.759939 ], [ 6.74061, 49.759934 ], [ 6.7406, 49.760664 ], [ 6.741155, 49.760674 ] ] ] ] } },
{ "type": "Feature", "properties": { }, "geometry": { "type": "MultiPolygon", "coordinates": [ [ [ [ 6.757095, 49.758119 ], [ 6.757835, 49.758144 ], [ 6.75786, 49.757579 ], [ 6.75739, 49.757559 ], [ 6.757385, 49.757654 ], [ 6.757115, 49.757644 ], [ 6.757095, 49.758119 ] ] ] ] } },
{ "type": "Feature", "properties": { }, "geometry": { "type": "MultiPolygon", "coordinates": [ [ [ [ 6.752365, 49.761119 ], [ 6.75176, 49.761099 ], [ 6.75174, 49.761609 ], [ 6.752345, 49.761624 ], [ 6.752365, 49.761119 ] ] ] ] } },
{ "type": "Feature", "properties": { }, "geometry": { "type": "MultiPolygon", "coordinates": [ [ [ [ 6.726115, 49.731689 ], [ 6.72614, 49.731064 ], [ 6.72567, 49.731049 ], [ 6.72565, 49.731674 ], [ 6.726115, 49.731689 ] ] ] ] } },
{ "type": "Feature", "properties": { }, "geometry": { "type": "MultiPolygon", "coordinates": [ [ [ [ 6.730935, 49.740714 ], [ 6.73013, 49.740724 ], [ 6.730135, 49.741144 ], [ 6.73094, 49.741139 ], [ 6.730935, 49.740714 ] ] ] ] } },
{ "type": "Feature", "properties": { }, "geometry": { "type": "MultiPolygon", "coordinates": [ [ [ [ 6.738865, 49.734269 ], [ 6.738395, 49.734274 ], [ 6.73839, 49.734494 ], [ 6.738285, 49.734494 ], [ 6.73828, 49.734824 ], [ 6.738385, 49.734824 ], [ 6.73838, 49.734984 ], [ 6.73887, 49.734984 ], [ 6.738865, 49.734269 ] ] ] ] } },
{ "type": "Feature", "properties": { }, "geometry": { "type": "MultiPolygon", "coordinates": [ [ [ [ 6.74708, 49.765059 ], [ 6.74709, 49.764639 ], [ 6.7463, 49.764624 ], [ 6.746285, 49.765109 ], [ 6.74679, 49.765119 ], [ 6.74679, 49.765054 ], [ 6.74708, 49.765059 ] ] ] ] } },
{ "type": "Feature", "properties": { }, "geometry": { "type": "MultiPolygon", "coordinates": [ [ [ [ 6.79274, 49.752429 ], [ 6.792735, 49.752224 ], [ 6.792925, 49.752224 ], [ 6.79292, 49.751754 ], [ 6.79225, 49.751759 ], [ 6.792255, 49.752434 ], [ 6.79274, 49.752429 ] ] ] ] } },
{ "type": "Feature", "properties": { }, "geometry": { "type": "MultiPolygon", "coordinates": [ [ [ [ 6.73054, 49.778814 ], [ 6.73007, 49.778439 ], [ 6.7296, 49.778884 ], [ 6.729725, 49.778989 ], [ 6.72954, 49.779169 ], [ 6.72988, 49.779444 ], [ 6.73054, 49.778814 ] ] ] ] } },
{ "type": "Feature", "properties": { }, "geometry": { "type": "MultiPolygon", "coordinates": [ [ [ [ 6.702815, 49.810069 ], [ 6.703255, 49.810269 ], [ 6.703655, 49.809594 ], [ 6.703215, 49.809394 ], [ 6.702815, 49.810069 ] ] ] ] } },
{ "type": "Feature", "properties": { }, "geometry": { "type": "MultiPolygon", "coordinates": [ [ [ [ 6.776515, 49.792314 ], [ 6.776505, 49.792774 ], [ 6.77751, 49.792789 ], [ 6.77752, 49.792329 ], [ 6.776515, 49.792314 ] ] ] ] } },
{ "type": "Feature", "properties": { }, "geometry": { "type": "MultiPolygon", "coordinates": [ [ [ [ 6.805805, 49.761574 ], [ 6.805925, 49.761579 ], [ 6.805945, 49.761159 ], [ 6.80548, 49.761139 ], [ 6.80545, 49.761724 ], [ 6.8058, 49.761734 ], [ 6.805805, 49.761574 ] ] ] ] } },
{ "type": "Feature", "properties": { }, "geometry": { "type": "MultiPolygon", "coordinates": [ [ [ [ 6.82382, 49.776919 ], [ 6.823835, 49.777614 ], [ 6.824465, 49.777599 ], [ 6.82445, 49.776904 ], [ 6.82382, 49.776919 ] ] ] ] } },
{ "type": "Feature", "properties": { }, "geometry": { "type": "MultiPolygon", "coordinates": [ [ [ [ 6.820555, 49.788484 ], [ 6.82053, 49.789004 ], [ 6.8212, 49.789024 ], [ 6.821225, 49.788509 ], [ 6.820555, 49.788484 ] ] ] ] } },
{ "type": "Feature", "properties": { }, "geometry": { "type": "MultiPolygon", "coordinates": [ [ [ [ 6.83924, 49.791884 ], [ 6.838965, 49.791849 ], [ 6.83898, 49.791739 ], [ 6.83838, 49.791659 ], [ 6.83831, 49.792074 ], [ 6.838755, 49.792134 ], [ 6.838705, 49.792434 ], [ 6.83891, 49.792459 ], [ 6.83889, 49.792579 ], [ 6.83912, 49.792609 ], [ 6.83924, 49.791884 ] ] ] ] } },
{ "type": "Feature", "properties": { }, "geometry": { "type": "MultiPolygon", "coordinates": [ [ [ [ 6.837305, 49.816034 ], [ 6.837265, 49.817354 ], [ 6.83774, 49.817364 ], [ 6.83778, 49.816049 ], [ 6.837305, 49.816034 ] ] ] ] } },
{ "type": "Feature", "properties": { }, "geometry": { "type": "MultiPolygon", "coordinates": [ [ [ [ 7.10568, 49.823149 ], [ 7.106375, 49.823159 ], [ 7.106305, 49.822064 ], [ 7.105665, 49.822104 ], [ 7.10568, 49.823149 ] ] ] ] } },
{ "type": "Feature", "properties": { }, "geometry": { "type": "MultiPolygon", "coordinates": [ [ [ [ 7.27757, 50.177089 ], [ 7.27699, 50.177074 ], [ 7.27696, 50.177779 ], [ 7.27754, 50.177794 ], [ 7.27757, 50.177089 ] ] ] ] } },
{ "type": "Feature", "properties": { }, "geometry": { "type": "MultiPolygon", "coordinates": [ [ [ [ 7.25523, 50.179404 ], [ 7.25484, 50.179399 ], [ 7.254835, 50.179784 ], [ 7.25423, 50.179779 ], [ 7.254225, 50.180259 ], [ 7.254735, 50.180264 ], [ 7.25473, 50.180384 ], [ 7.255215, 50.180389 ], [ 7.25523, 50.179404 ] ] ] ] } },
{ "type": "Feature", "properties": { }, "geometry": { "type": "MultiPolygon", "coordinates": [ [ [ [ 7.13071, 49.492379 ], [ 7.130695, 49.492859 ], [ 7.131085, 49.492864 ], [ 7.1311, 49.492389 ], [ 7.13071, 49.492379 ] ] ] ] } },
{ "type": "Feature", "properties": { }, "geometry": { "type": "MultiPolygon", "coordinates": [ [ [ [ 7.12979, 49.523874 ], [ 7.12942, 49.524224 ], [ 7.13018, 49.524849 ], [ 7.13073, 49.524334 ], [ 7.130125, 49.523839 ], [ 7.12995, 49.524004 ], [ 7.12979, 49.523874 ] ] ] ] } },
{ "type": "Feature", "properties": { }, "geometry": { "type": "MultiPolygon", "coordinates": [ [ [ [ 7.12737, 49.529449 ], [ 7.12708, 49.529964 ], [ 7.128155, 49.530444 ], [ 7.12833, 49.530144 ], [ 7.12816, 49.530069 ], [ 7.128445, 49.529569 ], [ 7.12774, 49.529254 ], [ 7.127575, 49.529544 ], [ 7.12737, 49.529449 ] ] ] ] } },
{ "type": "Feature", "properties": { }, "geometry": { "type": "MultiPolygon", "coordinates": [ [ [ [ 7.13755, 49.538999 ], [ 7.13713, 49.539334 ], [ 7.137035, 49.539244 ], [ 7.13671, 49.539504 ], [ 7.13737, 49.540144 ], [ 7.137485, 49.540054 ], [ 7.1377, 49.540269 ], [ 7.13794, 49.540084 ], [ 7.137705, 49.539854 ], [ 7.138105, 49.539539 ], [ 7.13755, 49.538999 ] ] ] ] } },
{ "type": "Feature", "properties": { }, "geometry": { "type": "MultiPolygon", "coordinates": [ [ [ [ 7.1373, 50.058819 ], [ 7.1373, 50.059004 ], [ 7.13659, 50.058994 ], [ 7.13658, 50.059614 ], [ 7.13765, 50.059624 ], [ 7.137655, 50.059354 ], [ 7.137925, 50.059359 ], [ 7.13793, 50.058829 ], [ 7.1373, 50.058819 ] ] ] ] } },
{ "type": "Feature", "properties": { }, "geometry": { "type": "MultiPolygon", "coordinates": [ [ [ [ 7.105695, 50.047814 ], [ 7.105715, 50.048814 ], [ 7.10604, 50.048809 ], [ 7.106035, 50.048724 ], [ 7.106385, 50.048719 ], [ 7.10639, 50.048899 ], [ 7.106765, 50.048894 ], [ 7.10675, 50.048094 ], [ 7.10644, 50.048099 ], [ 7.106445, 50.048269 ], [ 7.106065, 50.048274 ], [ 7.10606, 50.047809 ], [ 7.105695, 50.047814 ] ] ] ] } },
{ "type": "Feature", "properties": { }, "geometry": { "type": "MultiPolygon", "coordinates": [ [ [ [ 7.148515, 50.018224 ], [ 7.149715, 50.018964 ], [ 7.149965, 50.018644 ], [ 7.150095, 50.018724 ], [ 7.15034, 50.018414 ], [ 7.150225, 50.018349 ], [ 7.15044, 50.018084 ], [ 7.149595, 50.017564 ], [ 7.14913, 50.018144 ], [ 7.148765, 50.017914 ], [ 7.148515, 50.018224 ] ] ] ] } },
{ "type": "Feature", "properties": { }, "geometry": { "type": "MultiPolygon", "coordinates": [ [ [ [ 7.18073, 50.006779 ], [ 7.179475, 50.006774 ], [ 7.17947, 50.007269 ], [ 7.179255, 50.007269 ], [ 7.179255, 50.007864 ], [ 7.17954, 50.007864 ], [ 7.179545, 50.007564 ], [ 7.180725, 50.007569 ], [ 7.18073, 50.006779 ] ] ] ] } },
{ "type": "Feature", "properties": { }, "geometry": { "type": "MultiPolygon", "coordinates": [ [ [ [ 7.18915, 49.974354 ], [ 7.189175, 49.974979 ], [ 7.18947, 49.974969 ], [ 7.189455, 49.974569 ], [ 7.18963, 49.974564 ], [ 7.18962, 49.974339 ], [ 7.18915, 49.974354 ] ] ] ] } },
{ "type": "Feature", "properties": { }, "geometry": { "type": "MultiPolygon", "coordinates": [ [ [ [ 7.17479, 49.972804 ], [ 7.174795, 49.973474 ], [ 7.17534, 49.973469 ], [ 7.175335, 49.973239 ], [ 7.175215, 49.973239 ], [ 7.17521, 49.972799 ], [ 7.17479, 49.972804 ] ] ] ] } },
{ "type": "Feature", "properties": { }, "geometry": { "type": "MultiPolygon", "coordinates": [ [ [ [ 7.257705, 49.983954 ], [ 7.25882, 49.983974 ], [ 7.25883, 49.983459 ], [ 7.257715, 49.983439 ], [ 7.257705, 49.983954 ] ] ] ] } },
{ "type": "Feature", "properties": { }, "geometry": { "type": "MultiPolygon", "coordinates": [ [ [ [ 7.13295, 49.886879 ], [ 7.132945, 49.886429 ], [ 7.13242, 49.886429 ], [ 7.132425, 49.886884 ], [ 7.13295, 49.886879 ] ] ] ] } },
{ "type": "Feature", "properties": { }, "geometry": { "type": "MultiPolygon", "coordinates": [ [ [ [ 7.187705, 49.858284 ], [ 7.18837, 49.858294 ], [ 7.188385, 49.857664 ], [ 7.18814, 49.857659 ], [ 7.18814, 49.857519 ], [ 7.187955, 49.857514 ], [ 7.187945, 49.857824 ], [ 7.18772, 49.857819 ], [ 7.187705, 49.858284 ] ] ] ] } },
{ "type": "Feature", "properties": { }, "geometry": { "type": "MultiPolygon", "coordinates": [ [ [ [ 7.18994, 49.857144 ], [ 7.189295, 49.857134 ], [ 7.189285, 49.857759 ], [ 7.18993, 49.857769 ], [ 7.18994, 49.857144 ] ] ] ] } },
{ "type": "Feature", "properties": { }, "geometry": { "type": "MultiPolygon", "coordinates": [ [ [ [ 7.18078, 49.877639 ], [ 7.18027, 49.877624 ], [ 7.180245, 49.878674 ], [ 7.180685, 49.878684 ], [ 7.18071, 49.877869 ], [ 7.180775, 49.877874 ], [ 7.18078, 49.877639 ] ] ] ] } },
{ "type": "Feature", "properties": { }, "geometry": { "type": "MultiPolygon", "coordinates": [ [ [ [ 6.7904, 49.947539 ], [ 6.790415, 49.946859 ], [ 6.78973, 49.946844 ], [ 6.789725, 49.947254 ], [ 6.78995, 49.947259 ], [ 6.789945, 49.947529 ], [ 6.7904, 49.947539 ] ] ] ] } },
{ "type": "Feature", "properties": { }, "geometry": { "type": "MultiPolygon", "coordinates": [ [ [ [ 6.82259, 49.948114 ], [ 6.823425, 49.948129 ], [ 6.82344, 49.947419 ], [ 6.822605, 49.947409 ], [ 6.82259, 49.948114 ] ] ] ] } },
{ "type": "Feature", "properties": { }, "geometry": { "type": "MultiPolygon", "coordinates": [ [ [ [ 6.843665, 49.926429 ], [ 6.84365, 49.927004 ], [ 6.84402, 49.927014 ], [ 6.844025, 49.926789 ], [ 6.844205, 49.926794 ], [ 6.844215, 49.926439 ], [ 6.843665, 49.926429 ] ] ] ] } },
{ "type": "Feature", "properties": { }, "geometry": { "type": "MultiPolygon", "coordinates": [ [ [ [ 6.765205, 49.946954 ], [ 6.764635, 49.946939 ], [ 6.764625, 49.947269 ], [ 6.764795, 49.947274 ], [ 6.76479, 49.947439 ], [ 6.76519, 49.947449 ], [ 6.765205, 49.946954 ] ] ] ] } },
{ "type": "Feature", "properties": { }, "geometry": { "type": "MultiPolygon", "coordinates": [ [ [ [ 7.04969, 50.076334 ], [ 7.049695, 50.075764 ], [ 7.049585, 50.075764 ], [ 7.04959, 50.075344 ], [ 7.04912, 50.075339 ], [ 7.04911, 50.076329 ], [ 7.04969, 50.076334 ] ] ] ] } },
{ "type": "Feature", "properties": { }, "geometry": { "type": "MultiPolygon", "coordinates": [ [ [ [ 6.65257, 49.855954 ], [ 6.65255, 49.855449 ], [ 6.65192, 49.855464 ], [ 6.65194, 49.855974 ], [ 6.65257, 49.855954 ] ] ] ] } },
{ "type": "Feature", "properties": { }, "geometry": { "type": "MultiPolygon", "coordinates": [ [ [ [ 7.30698, 50.113214 ], [ 7.30697, 50.113684 ], [ 7.307985, 50.113694 ], [ 7.30799, 50.113224 ], [ 7.30698, 50.113214 ] ] ] ] } },
{ "type": "Feature", "properties": { }, "geometry": { "type": "MultiPolygon", "coordinates": [ [ [ [ 7.303295, 50.100594 ], [ 7.30332, 50.101484 ], [ 7.30395, 50.101469 ], [ 7.303925, 50.100579 ], [ 7.303295, 50.100594 ] ] ] ] } },
{ "type": "Feature", "properties": { }, "geometry": { "type": "MultiPolygon", "coordinates": [ [ [ [ 7.30764, 50.101279 ], [ 7.30832, 50.101454 ], [ 7.30856, 50.100739 ], [ 7.30822, 50.100649 ], [ 7.308175, 50.100784 ], [ 7.307835, 50.100699 ], [ 7.30764, 50.101279 ] ] ] ] } },
{ "type": "Feature", "properties": { }, "geometry": { "type": "MultiPolygon", "coordinates": [ [ [ [ 7.30441, 50.061994 ], [ 7.30445, 50.061179 ], [ 7.303845, 50.061154 ], [ 7.30381, 50.061974 ], [ 7.30441, 50.061994 ] ] ] ] } },
{ "type": "Feature", "properties": { }, "geometry": { "type": "MultiPolygon", "coordinates": [ [ [ [ 7.28469, 50.082279 ], [ 7.2843, 50.082229 ], [ 7.28425, 50.082534 ], [ 7.28464, 50.082584 ], [ 7.28469, 50.082279 ] ] ] ] } },
{ "type": "Feature", "properties": { }, "geometry": { "type": "MultiPolygon", "coordinates": [ [ [ [ 7.300575, 50.079354 ], [ 7.300565, 50.079724 ], [ 7.30095, 50.079734 ], [ 7.30095, 50.079869 ], [ 7.301495, 50.079879 ], [ 7.301515, 50.079374 ], [ 7.300575, 50.079354 ] ] ] ] } },
{ "type": "Feature", "properties": { }, "geometry": { "type": "MultiPolygon", "coordinates": [ [ [ [ 7.30102, 50.076664 ], [ 7.30104, 50.077589 ], [ 7.30189, 50.077574 ], [ 7.301875, 50.076784 ], [ 7.30139, 50.076789 ], [ 7.301385, 50.076659 ], [ 7.30102, 50.076664 ] ] ] ] } },
{ "type": "Feature", "properties": { }, "geometry": { "type": "MultiPolygon", "coordinates": [ [ [ [ 7.26808, 50.025554 ], [ 7.268845, 50.026679 ], [ 7.26972, 50.026224 ], [ 7.269205, 50.025464 ], [ 7.26891, 50.025619 ], [ 7.268795, 50.025449 ], [ 7.2687, 50.025499 ], [ 7.268565, 50.025299 ], [ 7.26808, 50.025554 ] ] ] ] } },
{ "type": "Feature", "properties": { }, "geometry": { "type": "MultiPolygon", "coordinates": [ [ [ [ 7.249265, 50.014634 ], [ 7.248775, 50.014844 ], [ 7.24897, 50.015199 ], [ 7.249465, 50.014984 ], [ 7.249265, 50.014634 ] ] ] ] } },
{ "type": "Feature", "properties": { }, "geometry": { "type": "MultiPolygon", "coordinates": [ [ [ [ 7.2521, 50.011944 ], [ 7.25159, 50.012279 ], [ 7.25187, 50.012609 ], [ 7.25238, 50.012269 ], [ 7.2521, 50.011944 ] ] ] ] } },
{ "type": "Feature", "properties": { }, "geometry": { "type": "MultiPolygon", "coordinates": [ [ [ [ 7.223105, 50.002244 ], [ 7.222345, 50.002234 ], [ 7.222335, 50.002694 ], [ 7.2231, 50.002704 ], [ 7.223105, 50.002244 ] ] ] ] } },
{ "type": "Feature", "properties": { }, "geometry": { "type": "MultiPolygon", "coordinates": [ [ [ [ 7.23373, 50.020829 ], [ 7.23372, 50.021664 ], [ 7.2342, 50.021669 ], [ 7.234215, 50.020834 ], [ 7.23373, 50.020829 ] ] ] ] } },
{ "type": "Feature", "properties": { }, "geometry": { "type": "MultiPolygon", "coordinates": [ [ [ [ 7.22882, 50.028134 ], [ 7.22881, 50.029034 ], [ 7.22945, 50.029039 ], [ 7.22945, 50.028769 ], [ 7.22974, 50.028774 ], [ 7.229735, 50.028814 ], [ 7.22991, 50.028814 ], [ 7.229915, 50.028144 ], [ 7.22882, 50.028134 ] ] ] ] } },
{ "type": "Feature", "properties": { }, "geometry": { "type": "MultiPolygon", "coordinates": [ [ [ [ 7.139945, 50.097984 ], [ 7.139955, 50.097419 ], [ 7.139555, 50.097414 ], [ 7.139545, 50.097979 ], [ 7.139945, 50.097984 ] ] ] ] } },
{ "type": "Feature", "properties": { }, "geometry": { "type": "MultiPolygon", "coordinates": [ [ [ [ 7.07764, 50.116254 ], [ 7.07763, 50.117084 ], [ 7.078095, 50.117089 ], [ 7.078105, 50.116259 ], [ 7.07764, 50.116254 ] ] ] ] } },
{ "type": "Feature", "properties": { }, "geometry": { "type": "MultiPolygon", "coordinates": [ [ [ [ 7.2472, 50.002839 ], [ 7.245745, 50.002874 ], [ 7.24576, 50.003409 ], [ 7.2464, 50.003394 ], [ 7.2464, 50.003219 ], [ 7.24721, 50.003199 ], [ 7.2472, 50.002839 ] ] ] ] } },
{ "type": "Feature", "properties": { }, "geometry": { "type": "MultiPolygon", "coordinates": [ [ [ [ 7.207765, 50.001829 ], [ 7.208325, 50.001834 ], [ 7.20834, 50.000554 ], [ 7.20804, 50.000549 ], [ 7.208035, 50.000714 ], [ 7.20778, 50.000714 ], [ 7.207765, 50.001829 ] ] ] ] } },
{ "type": "Feature", "properties": { }, "geometry": { "type": "MultiPolygon", "coordinates": [ [ [ [ 6.86307, 49.901094 ], [ 6.863065, 49.901484 ], [ 6.863795, 49.901489 ], [ 6.8638, 49.901104 ], [ 6.86307, 49.901094 ] ] ] ] } },
{ "type": "Feature", "properties": { }, "geometry": { "type": "MultiPolygon", "coordinates": [ [ [ [ 6.85847, 49.897334 ], [ 6.85847, 49.897484 ], [ 6.85831, 49.897489 ], [ 6.858315, 49.897864 ], [ 6.858895, 49.897859 ], [ 6.858885, 49.897329 ], [ 6.85847, 49.897334 ] ] ] ] } },
{ "type": "Feature", "properties": { }, "geometry": { "type": "MultiPolygon", "coordinates": [ [ [ [ 6.792145, 49.884454 ], [ 6.793555, 49.884464 ], [ 6.79356, 49.884384 ], [ 6.793405, 49.884384 ], [ 6.793415, 49.883199 ], [ 6.792895, 49.883199 ], [ 6.7929, 49.882729 ], [ 6.79335, 49.882734 ], [ 6.79336, 49.881244 ], [ 6.79217, 49.881239 ], [ 6.792145, 49.884454 ] ] ] ] } },
{ "type": "Feature", "properties": { }, "geometry": { "type": "MultiPolygon", "coordinates": [ [ [ [ 6.6927, 49.949509 ], [ 6.69212, 49.949554 ], [ 6.69216, 49.949959 ], [ 6.69244, 49.949934 ], [ 6.692455, 49.950089 ], [ 6.692755, 49.950064 ], [ 6.6927, 49.949509 ] ] ] ] } },
{ "type": "Feature", "properties": { }, "geometry": { "type": "MultiPolygon", "coordinates": [ [ [ [ 6.753975, 49.955434 ], [ 6.753955, 49.955954 ], [ 6.7547, 49.955974 ], [ 6.75472, 49.955454 ], [ 6.753975, 49.955434 ] ] ] ] } },
{ "type": "Feature", "properties": { }, "geometry": { "type": "MultiPolygon", "coordinates": [ [ [ [ 6.921725, 50.027364 ], [ 6.92172, 50.026984 ], [ 6.92089, 50.026994 ], [ 6.920895, 50.027369 ], [ 6.921725, 50.027364 ] ] ] ] } },
{ "type": "Feature", "properties": { }, "geometry": { "type": "MultiPolygon", "coordinates": [ [ [ [ 7.154515, 49.796499 ], [ 7.15452, 49.796374 ], [ 7.155035, 49.796384 ], [ 7.15504, 49.795964 ], [ 7.155125, 49.795964 ], [ 7.15513, 49.795654 ], [ 7.154755, 49.795649 ], [ 7.15475, 49.795914 ], [ 7.154075, 49.795909 ], [ 7.15407, 49.796494 ], [ 7.154515, 49.796499 ] ] ] ] } },
{ "type": "Feature", "properties": { }, "geometry": { "type": "MultiPolygon", "coordinates": [ [ [ [ 7.143805, 49.720289 ], [ 7.143295, 49.720284 ], [ 7.14329, 49.720934 ], [ 7.143795, 49.720939 ], [ 7.143805, 49.720289 ] ] ] ] } },
{ "type": "Feature", "properties": { }, "geometry": { "type": "MultiPolygon", "coordinates": [ [ [ [ 7.18504, 49.720159 ], [ 7.18468, 49.720154 ], [ 7.18466, 49.720744 ], [ 7.1855, 49.720759 ], [ 7.18551, 49.720324 ], [ 7.185035, 49.720314 ], [ 7.18504, 49.720159 ] ] ] ] } },
{ "type": "Feature", "properties": { }, "geometry": { "type": "MultiPolygon", "coordinates": [ [ [ [ 7.29946, 49.622119 ], [ 7.30012, 49.622364 ], [ 7.30045, 49.621684 ], [ 7.299795, 49.621434 ], [ 7.29946, 49.622119 ] ] ] ] } },
{ "type": "Feature", "properties": { }, "geometry": { "type": "MultiPolygon", "coordinates": [ [ [ [ 7.2778, 49.600239 ], [ 7.27855, 49.600609 ], [ 7.27905, 49.599829 ], [ 7.278295, 49.599459 ], [ 7.2778, 49.600239 ] ] ] ] } },
{ "type": "Feature", "properties": { }, "geometry": { "type": "MultiPolygon", "coordinates": [ [ [ [ 7.000255, 49.958364 ], [ 7.00027, 49.958949 ], [ 7.00098, 49.958934 ], [ 7.000965, 49.958349 ], [ 7.000255, 49.958364 ] ] ] ] } },
{ "type": "Feature", "properties": { }, "geometry": { "type": "MultiPolygon", "coordinates": [ [ [ [ 6.694855, 49.955094 ], [ 6.694545, 49.955239 ], [ 6.694755, 49.955599 ], [ 6.695065, 49.955459 ], [ 6.694855, 49.955094 ] ] ] ] } },
{ "type": "Feature", "properties": { }, "geometry": { "type": "MultiPolygon", "coordinates": [ [ [ [ 6.68297, 49.979584 ], [ 6.68345, 49.979729 ], [ 6.68368, 49.979134 ], [ 6.683195, 49.978994 ], [ 6.68297, 49.979584 ] ] ] ] } },
{ "type": "Feature", "properties": { }, "geometry": { "type": "MultiPolygon", "coordinates": [ [ [ [ 6.70683, 49.972674 ], [ 6.706485, 49.972939 ], [ 6.706695, 49.973149 ], [ 6.70649, 49.973309 ], [ 6.706795, 49.973614 ], [ 6.707345, 49.973189 ], [ 6.70683, 49.972674 ] ] ] ] } },
{ "type": "Feature", "properties": { }, "geometry": { "type": "MultiPolygon", "coordinates": [ [ [ [ 6.690515, 49.966714 ], [ 6.690205, 49.967414 ], [ 6.690565, 49.967534 ], [ 6.69072, 49.967179 ], [ 6.691035, 49.967284 ], [ 6.691185, 49.966939 ], [ 6.690515, 49.966714 ] ] ] ] } },
{ "type": "Feature", "properties": { }, "geometry": { "type": "MultiPolygon", "coordinates": [ [ [ [ 6.64501, 50.062044 ], [ 6.645025, 50.062454 ], [ 6.64591, 50.062434 ], [ 6.645895, 50.062024 ], [ 6.64501, 50.062044 ] ] ] ] } },
{ "type": "Feature", "properties": { }, "geometry": { "type": "MultiPolygon", "coordinates": [ [ [ [ 6.64754, 50.046644 ], [ 6.647545, 50.046974 ], [ 6.64701, 50.046979 ], [ 6.647015, 50.047379 ], [ 6.647555, 50.047374 ], [ 6.647555, 50.047539 ], [ 6.64793, 50.047529 ], [ 6.647915, 50.046634 ], [ 6.64754, 50.046644 ] ] ] ] } },
{ "type": "Feature", "properties": { }, "geometry": { "type": "MultiPolygon", "coordinates": [ [ [ [ 6.65186, 50.048934 ], [ 6.65288, 50.048929 ], [ 6.65287, 50.048339 ], [ 6.651855, 50.048344 ], [ 6.65186, 50.048934 ] ] ] ] } },
{ "type": "Feature", "properties": { }, "geometry": { "type": "MultiPolygon", "coordinates": [ [ [ [ 6.654105, 49.966594 ], [ 6.653985, 49.966594 ], [ 6.653995, 49.967044 ], [ 6.65479, 49.967029 ], [ 6.654775, 49.966309 ], [ 6.6541, 49.966324 ], [ 6.654105, 49.966594 ] ] ] ] } },
{ "type": "Feature", "properties": { }, "geometry": { "type": "MultiPolygon", "coordinates": [ [ [ [ 6.647845, 49.966494 ], [ 6.647835, 49.967024 ], [ 6.64751, 49.967019 ], [ 6.6475, 49.967439 ], [ 6.64829, 49.967459 ], [ 6.648315, 49.966504 ], [ 6.647845, 49.966494 ] ] ] ] } },
{ "type": "Feature", "properties": { }, "geometry": { "type": "MultiPolygon", "coordinates": [ [ [ [ 6.89273, 49.943784 ], [ 6.893525, 49.944524 ], [ 6.89433, 49.943854 ], [ 6.894045, 49.943594 ], [ 6.893965, 49.943659 ], [ 6.89375, 49.943464 ], [ 6.893605, 49.943584 ], [ 6.8933, 49.943304 ], [ 6.89273, 49.943784 ] ] ] ] } },
{ "type": "Feature", "properties": { }, "geometry": { "type": "MultiPolygon", "coordinates": [ [ [ [ 6.647205, 50.112074 ], [ 6.647185, 50.112474 ], [ 6.64802, 50.112499 ], [ 6.648035, 50.112099 ], [ 6.647205, 50.112074 ] ] ] ] } },
{ "type": "Feature", "properties": { }, "geometry": { "type": "MultiPolygon", "coordinates": [ [ [ [ 6.645545, 50.127439 ], [ 6.64601, 50.127444 ], [ 6.64601, 50.127259 ], [ 6.64626, 50.127264 ], [ 6.646265, 50.126944 ], [ 6.64602, 50.126944 ], [ 6.646025, 50.126644 ], [ 6.645555, 50.126639 ], [ 6.645545, 50.127439 ] ] ] ] } },
{ "type": "Feature", "properties": { }, "geometry": { "type": "MultiPolygon", "coordinates": [ [ [ [ 6.648795, 50.120419 ], [ 6.64829, 50.120429 ], [ 6.648295, 50.120749 ], [ 6.648065, 50.120754 ], [ 6.648075, 50.121214 ], [ 6.648815, 50.121199 ], [ 6.648795, 50.120419 ] ] ] ] } },
{ "type": "Feature", "properties": { }, "geometry": { "type": "MultiPolygon", "coordinates": [ [ [ [ 7.162805, 49.559324 ], [ 7.16198, 49.558509 ], [ 7.16166, 49.558764 ], [ 7.161905, 49.559009 ], [ 7.161295, 49.559489 ], [ 7.161875, 49.560054 ], [ 7.162805, 49.559324 ] ] ] ] } },
{ "type": "Feature", "properties": { }, "geometry": { "type": "MultiPolygon", "coordinates": [ [ [ [ 7.17627, 49.599639 ], [ 7.17539, 49.599619 ], [ 7.17535, 49.600824 ], [ 7.17601, 49.600844 ], [ 7.17602, 49.600669 ], [ 7.1766, 49.600689 ], [ 7.176615, 49.600339 ], [ 7.176245, 49.600329 ], [ 7.17627, 49.599639 ] ] ] ] } },
{ "type": "Feature", "properties": { }, "geometry": { "type": "MultiPolygon", "coordinates": [ [ [ [ 6.690285, 50.142399 ], [ 6.690275, 50.141789 ], [ 6.68999, 50.141794 ], [ 6.689985, 50.141544 ], [ 6.689605, 50.141554 ], [ 6.689625, 50.142409 ], [ 6.690285, 50.142399 ] ] ] ] } },
{ "type": "Feature", "properties": { }, "geometry": { "type": "MultiPolygon", "coordinates": [ [ [ [ 6.7049, 50.157784 ], [ 6.70249, 50.157719 ], [ 6.702475, 50.158244 ], [ 6.70488, 50.158309 ], [ 6.7049, 50.157784 ] ] ] ] } },
{ "type": "Feature", "properties": { }, "geometry": { "type": "MultiPolygon", "coordinates": [ [ [ [ 6.728235, 50.136714 ], [ 6.72758, 50.136699 ], [ 6.72757, 50.136954 ], [ 6.727265, 50.136949 ], [ 6.727255, 50.137269 ], [ 6.72822, 50.137289 ], [ 6.728235, 50.136714 ] ] ] ] } },
{ "type": "Feature", "properties": { }, "geometry": { "type": "MultiPolygon", "coordinates": [ [ [ [ 6.81439, 50.081644 ], [ 6.814385, 50.080784 ], [ 6.81359, 50.080789 ], [ 6.8136, 50.081649 ], [ 6.81439, 50.081644 ] ] ] ] } },
{ "type": "Feature", "properties": { }, "geometry": { "type": "MultiPolygon", "coordinates": [ [ [ [ 6.663775, 50.111899 ], [ 6.66284, 50.111919 ], [ 6.66285, 50.112299 ], [ 6.663785, 50.112284 ], [ 6.663775, 50.111899 ] ] ] ] } },
{ "type": "Feature", "properties": { }, "geometry": { "type": "MultiPolygon", "coordinates": [ [ [ [ 6.668245, 50.120199 ], [ 6.66865, 50.120199 ], [ 6.66865, 50.120359 ], [ 6.66897, 50.120354 ], [ 6.668965, 50.119499 ], [ 6.66824, 50.119504 ], [ 6.668245, 50.120199 ] ] ] ] } },
{ "type": "Feature", "properties": { }, "geometry": { "type": "MultiPolygon", "coordinates": [ [ [ [ 6.69771, 50.166949 ], [ 6.697715, 50.166574 ], [ 6.696895, 50.166564 ], [ 6.69689, 50.166939 ], [ 6.69771, 50.166949 ] ] ] ] } },
{ "type": "Feature", "properties": { }, "geometry": { "type": "MultiPolygon", "coordinates": [ [ [ [ 7.185335, 50.035859 ], [ 7.185005, 50.035929 ], [ 7.18498, 50.035839 ], [ 7.18412, 50.036024 ], [ 7.18422, 50.036379 ], [ 7.1846, 50.036294 ], [ 7.18474, 50.036809 ], [ 7.18551, 50.036644 ], [ 7.1854, 50.036249 ], [ 7.18544, 50.036239 ], [ 7.185335, 50.035859 ] ] ] ] } },
{ "type": "Feature", "properties": { }, "geometry": { "type": "MultiPolygon", "coordinates": [ [ [ [ 7.19899, 50.043929 ], [ 7.19898, 50.044444 ], [ 7.19939, 50.044449 ], [ 7.199385, 50.044704 ], [ 7.20014, 50.044714 ], [ 7.20014, 50.044819 ], [ 7.20043, 50.044824 ], [ 7.20044, 50.044279 ], [ 7.20019, 50.044279 ], [ 7.200195, 50.043949 ], [ 7.19899, 50.043929 ] ] ] ] } },
{ "type": "Feature", "properties": { }, "geometry": { "type": "MultiPolygon", "coordinates": [ [ [ [ 7.212705, 50.067394 ], [ 7.21269, 50.066544 ], [ 7.21178, 50.066559 ], [ 7.2118, 50.067409 ], [ 7.212705, 50.067394 ] ] ] ] } },
{ "type": "Feature", "properties": { }, "geometry": { "type": "MultiPolygon", "coordinates": [ [ [ [ 7.253475, 50.067309 ], [ 7.2531, 50.067374 ], [ 7.253385, 50.068644 ], [ 7.255075, 50.068354 ], [ 7.25497, 50.067879 ], [ 7.254505, 50.067959 ], [ 7.254455, 50.067729 ], [ 7.2536, 50.067879 ], [ 7.253475, 50.067309 ] ] ] ] } },
{ "type": "Feature", "properties": { }, "geometry": { "type": "MultiPolygon", "coordinates": [ [ [ [ 7.170205, 50.062804 ], [ 7.16995, 50.062384 ], [ 7.16885, 50.062894 ], [ 7.16938, 50.063779 ], [ 7.169685, 50.063634 ], [ 7.16953, 50.063379 ], [ 7.169865, 50.063224 ], [ 7.169745, 50.063019 ], [ 7.170205, 50.062804 ] ] ] ] } },
{ "type": "Feature", "properties": { }, "geometry": { "type": "MultiPolygon", "coordinates": [ [ [ [ 7.160145, 50.076024 ], [ 7.158825, 50.075434 ], [ 7.15852, 50.075964 ], [ 7.159095, 50.076219 ], [ 7.15897, 50.076434 ], [ 7.159715, 50.076769 ], [ 7.160145, 50.076024 ] ] ] ] } },
{ "type": "Feature", "properties": { }, "geometry": { "type": "MultiPolygon", "coordinates": [ [ [ [ 7.161205, 50.083884 ], [ 7.159925, 50.083869 ], [ 7.15992, 50.084199 ], [ 7.1612, 50.084214 ], [ 7.161205, 50.083884 ] ] ] ] } }
]
}
